Transaction_Date,Account_Code,Account_Name,Journal_Entry_ID,Description,Debit_Amount,Credit_Amount,Balance,Voucher_Number,Period
2026-03-25,2301,Short-term Loans,JE0080001,Accrual entry,0.0,246368.59,-246368.59,VCH0070001,2026-03
2025-09-06,5601,Professional Fees,JE0080002,Closing balance transfer,1727.45,0.0,1727.45,VCH0070002,2025-09
2026-01-01,2201,Salary Payable,JE0080003,Advance to vendor,0.0,642743.87,-642743.87,VCH0070003,2026-01
2025-07-29,1301,Prepaid Expenses,JE0080004,Receipt from customer,41880.47,0.0,41880.47,VCH0070004,2025-07
2025-05-09,5401,Depreciation,JE0080005,Intercompany settlement,142789.48,0.0,142789.48,VCH0070005,2025-05
2025-11-14,2201,Salary Payable,JE0080006,Correction entry – Finance Head,0.0,557818.43,-1200562.3,VCH0070006,2025-11
2026-03-13,2101,GST Payable,JE0080007,Rent payment for premises,0.0,307332.26,-307332.26,VCH0070007,2026-03
2025-11-06,5201,Rent Expense,JE0080008,Opening balance entry,484613.63,0.0,484613.63,VCH0070008,2025-11
2026-03-24,5201,Rent Expense,JE0080009,Opening balance entry,1803028.44,0.0,2287642.07,VCH0070009,2026-03
2025-06-21,5501,Miscellaneous Expense,JE0080010,Professional fee payment,277110.27,0.0,277110.27,VCH0070010,2025-06
2026-03-06,5001,Purchases,JE0080011,Interest income received,37552.46,0.0,37552.46,VCH0070011,2026-03
2025-05-06,2201,Salary Payable,JE0080012,Receipt from customer,0.0,337748.63,-1538310.93,VCH0070012,2025-05
2025-04-13,5101,Salary Expense,JE0080013,Journal adjustment,193497.81,0.0,193497.81,VCH0070013,2025-04
2025-08-04,3101,Retained Earnings,JE0080014,Petty cash replenishment,0.0,68173.9,-68173.9,VCH0070014,2025-08
2025-06-19,5501,Miscellaneous Expense,JE0080015,Year-end rounding adjustment,822255.44,0.0,1099365.71,VCH0070015,2025-06
2025-10-06,5301,Utilities Expense,JE0080016,Undisclosed provision,2363382.81,0.0,2363382.81,VCH0070016,2025-10
2026-02-05,1301,Prepaid Expenses,JE0080017,Vendor payment processed,156128.74,0.0,198009.21,VCH0070017,2026-02
2026-02-13,5101,Salary Expense,JE0080018,Loan repayment instalment,1568527.37,0.0,1762025.18,VCH0070018,2026-02
2026-03-23,5501,Miscellaneous Expense,JE0080019,Loan repayment instalment,74677.08,0.0,1174042.79,VCH0070019,2026-03
2026-02-03,1301,Prepaid Expenses,JE0080020,Interest income received,930972.13,0.0,1128981.34,VCH0070020,2026-02
2026-02-08,4101,Other Income,JE0080021,Undisclosed provision,0.0,104741.54,-104741.54,VCH0070021,2026-02
2025-12-08,1201,Inventory,JE0080022,Suspense account transfer,3465999.05,0.0,3465999.05,VCH0070022,2025-12
2025-05-07,5501,Miscellaneous Expense,JE0080023,Professional fee payment,441251.13,0.0,1615293.92,VCH0070023,2025-05
2025-04-22,1301,Prepaid Expenses,JE0080024,Depreciation charge,47576.67,0.0,1176558.01,VCH0070024,2025-04
2025-09-28,4101,Other Income,JE0080025,Opening balance entry,0.0,82251.9,-186993.44,VCH0070025,2025-09
2025-11-14,5001,Purchases,JE0080026,Loan repayment instalment,432966.42,0.0,470518.88,VCH0070026,2025-11
2025-12-06,1301,Prepaid Expenses,JE0080027,Depreciation charge,91947.81,0.0,1268505.82,VCH0070027,2025-12
2025-12-07,2201,Salary Payable,JE0080028,Advance to vendor,0.0,475116.04,-2013426.97,VCH0070028,2025-12
2026-02-09,4101,Other Income,JE0080029,Opening balance entry,0.0,234896.2,-421889.64,VCH0070029,2026-02
2025-08-29,5301,Utilities Expense,JE0080030,GST payment to government,294545.95,0.0,2657928.76,VCH0070030,2025-08
2025-08-26,5501,Miscellaneous Expense,JE0080031,Rent payment for premises,354224.82,0.0,1969518.74,VCH0070031,2025-08
2026-01-01,3101,Retained Earnings,JE0080032,Bank charges,0.0,1921290.39,-1989464.29,VCH0070032,2026-01
2025-12-30,4101,Other Income,JE0080033,Correction entry – Finance Head,0.0,4679641.83,-5101531.47,VCH0070033,2025-12
2025-11-02,1002,Bank – Current Account,JE0080034,Closing balance transfer,383074.87,0.0,383074.87,VCH0070034,2025-11
2026-01-31,2001,Accounts Payable,JE0080035,Professional fee payment,0.0,472356.57,-472356.57,VCH0070035,2026-01
2026-01-25,5101,Salary Expense,JE0080036,Depreciation charge,388924.27,0.0,2150949.45,VCH0070036,2026-01
2025-05-08,1301,Prepaid Expenses,JE0080037,Rent payment for premises,65929.71,0.0,1334435.53,VCH0070037,2025-05
2025-07-05,1001,Cash,JE0080038,Suspense account transfer,1163049.2,0.0,1163049.2,VCH0070038,2025-07
2026-01-07,5101,Salary Expense,JE0080039,Vendor payment processed,491991.02,0.0,2642940.47,VCH0070039,2026-01
2026-01-16,5201,Rent Expense,JE0080040,Utility bills settled,232088.71,0.0,2519730.78,VCH0070040,2026-01
2025-08-28,5301,Utilities Expense,JE0080041,Customer receipt posted,349208.19,0.0,3007136.95,VCH0070041,2025-08
2026-02-27,2201,Salary Payable,JE0080042,Utility bills settled,0.0,305676.58,-2319103.55,VCH0070042,2026-02
2026-03-15,5401,Depreciation,JE0080043,Utility bills settled,420517.52,0.0,563307.0,VCH0070043,2026-03
2026-02-25,5101,Salary Expense,JE0080044,Utility bills settled,365702.73,0.0,3008643.2,VCH0070044,2026-02
2025-05-03,3101,Retained Earnings,JE0080045,Intercompany settlement,0.0,3729954.82,-5719419.11,VCH0070045,2025-05
2025-04-07,5101,Salary Expense,JE0080046,Opening balance entry,198014.36,0.0,3206657.56,VCH0070046,2025-04
2025-12-23,1301,Prepaid Expenses,JE0080047,Vendor payment processed,213456.09,0.0,1547891.62,VCH0070047,2025-12
2025-04-14,1301,Prepaid Expenses,JE0080048,Customer receipt posted,410942.18,0.0,1958833.8,VCH0070048,2025-04
2025-12-14,3001,Share Capital,JE0080049,Utility bills settled,0.0,459093.88,-459093.88,VCH0070049,2025-12
2025-07-14,5401,Depreciation,JE0080050,Petty cash replenishment,102694.09,0.0,666001.09,VCH0070050,2025-07
2025-10-13,5501,Miscellaneous Expense,JE0080051,Accrual entry,11959.01,0.0,1981477.75,VCH0070051,2025-10
2025-10-25,5601,Professional Fees,JE0080052,Monthly salary disbursement,249633.28,0.0,251360.73,VCH0070052,2025-10
2025-09-19,1001,Cash,JE0080053,Depreciation charge,320237.44,0.0,1483286.64,VCH0070053,2025-09
2025-06-08,5601,Professional Fees,JE0080054,One-time exceptional charge,12501.41,0.0,263862.14,VCH0070054,2025-06
2025-05-29,1002,Bank – Current Account,JE0080055,Utility bills settled,433609.93,0.0,816684.8,VCH0070055,2025-05
2026-01-14,1101,Accounts Receivable,JE0080056,Advance to vendor,465298.96,0.0,465298.96,VCH0070056,2026-01
2025-05-26,1101,Accounts Receivable,JE0080057,Miscellaneous expense claim,50000.0,0.0,515298.96,VCH0070057,2025-05
2025-12-28,4001,Sales Revenue,JE0080058,Customer receipt posted,0.0,357839.9,-357839.9,VCH0070058,2025-12
2025-12-25,2101,GST Payable,JE0080059,Bank charges,0.0,367007.32,-674339.58,VCH0070059,2025-12
2025-08-25,1002,Bank – Current Account,JE0080060,Monthly salary disbursement,128012.81,0.0,944697.61,VCH0070060,2025-08
2025-05-03,2201,Salary Payable,JE0080061,Intercompany settlement,0.0,2068569.29,-4387672.84,VCH0070061,2025-05
2026-01-25,3101,Retained Earnings,JE0080062,Rent payment for premises,0.0,1092637.3,-6812056.41,VCH0070062,2026-01
2025-12-01,2101,GST Payable,JE0080063,Professional fee payment,0.0,155492.0,-829831.58,VCH0070063,2025-12
2025-04-22,2101,GST Payable,JE0080064,Vendor payment processed,0.0,312420.47,-1142252.05,VCH0070064,2025-04
2025-09-10,5301,Utilities Expense,JE0080065,Closing balance transfer,191025.87,0.0,3198162.82,VCH0070065,2025-09
2026-01-07,5101,Salary Expense,JE0080066,Monthly salary disbursement,131500.89,0.0,3338158.45,VCH0070066,2026-01
2025-10-25,1201,Inventory,JE0080067,Suspense account transfer,448780.14,0.0,3914779.19,VCH0070067,2025-10
2025-05-18,5001,Purchases,JE0080068,Accrual entry,53798.19,0.0,524317.07,VCH0070068,2025-05
2025-11-03,5301,Utilities Expense,JE0080069,Bank charges,56854.96,0.0,3255017.78,VCH0070069,2025-11
2025-11-11,4101,Other Income,JE0080070,Accrual entry,0.0,178445.8,-5279977.27,VCH0070070,2025-11
2026-01-09,5001,Purchases,JE0080071,Customer receipt posted,1005331.76,0.0,1529648.83,VCH0070071,2026-01
2025-09-18,1001,Cash,JE0080072,Reversal entry,484838.46,0.0,1968125.1,VCH0070072,2025-09
2025-09-30,2301,Short-term Loans,JE0080073,Monthly salary disbursement,0.0,321990.1,-568358.69,VCH0070073,2025-09
2025-11-12,3101,Retained Earnings,JE0080074,Reversal entry,0.0,352941.83,-7164998.24,VCH0070074,2025-11
2025-08-05,2201,Salary Payable,JE0080075,Bank charges,0.0,289461.97,-4677134.81,VCH0070075,2025-08
2025-08-23,2001,Accounts Payable,JE0080076,Receipt from customer,0.0,80031.57,-552388.14,VCH0070076,2025-08
2026-03-25,5101,Salary Expense,JE0080077,Reversal entry,241247.93,0.0,3579406.38,VCH0070077,2026-03
2026-01-02,3101,Retained Earnings,JE0080078,Opening balance entry,0.0,407284.77,-7572283.01,VCH0070078,2026-01
2025-07-16,5601,Professional Fees,JE0080079,Petty cash replenishment,2648.08,0.0,266510.22,VCH0070079,2025-07
2025-09-22,5301,Utilities Expense,JE0080080,Closing balance transfer,102652.02,0.0,3357669.8,VCH0070080,2025-09
2025-11-07,4101,Other Income,JE0080081,Loan repayment instalment,0.0,296467.22,-5576444.49,VCH0070081,2025-11
2026-03-30,4001,Sales Revenue,JE0080082,Professional fee payment,0.0,31084.39,-388924.29,VCH0070082,2026-03
2025-11-05,3001,Share Capital,JE0080083,Suspense account transfer,0.0,979229.04,-1438322.92,VCH0070083,2025-11
2025-04-04,2101,GST Payable,JE0080084,Undisclosed provision,0.0,267817.85,-1410069.9,VCH0070084,2025-04
2026-02-22,1001,Cash,JE0080085,Loan repayment instalment,228611.65,0.0,2196736.75,VCH0070085,2026-02
2026-03-02,5201,Rent Expense,JE0080086,Rent payment for premises,991371.15,0.0,3511101.93,VCH0070086,2026-03
2025-08-28,5301,Utilities Expense,JE0080087,Utility bills settled,70534.17,0.0,3428203.97,VCH0070087,2025-08
2025-10-17,5301,Utilities Expense,JE0080088,Interest income received,99610.56,0.0,3527814.53,VCH0070088,2025-10
2025-06-14,1101,Accounts Receivable,JE0080089,Utility bills settled,37055.09,0.0,552354.05,VCH0070089,2025-06
2025-07-09,1301,Prepaid Expenses,JE0080090,Miscellaneous expense claim,147954.04,0.0,2106787.84,VCH0070090,2025-07
2025-09-26,1002,Bank – Current Account,JE0080091,Journal adjustment,369560.26,0.0,1314257.87,VCH0070091,2025-09
2025-05-19,5201,Rent Expense,JE0080092,Opening balance entry,378816.94,0.0,3889918.87,VCH0070092,2025-05
2025-10-10,1201,Inventory,JE0080093,Intercompany settlement,182699.91,0.0,4097479.1,VCH0070093,2025-10
2025-11-20,4101,Other Income,JE0080094,Customer receipt posted,0.0,203656.46,-5780100.95,VCH0070094,2025-11
2025-12-25,4101,Other Income,JE0080095,Petty cash replenishment,0.0,427419.86,-6207520.81,VCH0070095,2025-12
2025-04-09,1001,Cash,JE0080096,Advance to vendor,307689.14,0.0,2504425.89,VCH0070096,2025-04
2025-06-10,3001,Share Capital,JE0080097,Receipt from customer,0.0,493213.56,-1931536.48,VCH0070097,2025-06
2026-03-21,5101,Salary Expense,JE0080098,GST payment to government,480552.43,0.0,4059958.81,VCH0070098,2026-03
2025-05-09,5501,Miscellaneous Expense,JE0080099,Loan repayment instalment,380239.41,0.0,2361717.16,VCH0070099,2025-05
2025-10-03,1001,Cash,JE0080100,Undisclosed provision,346793.08,0.0,2851218.97,VCH0070100,2025-10
2025-05-29,1002,Bank – Current Account,JE0080101,Bank charges,167620.18,0.0,1481878.05,VCH0070101,2025-05
2025-04-20,3101,Retained Earnings,JE0080102,Rent payment for premises,0.0,372738.2,-7945021.21,VCH0070102,2025-04
2026-01-02,5001,Purchases,JE0080103,Customer receipt posted,158387.01,0.0,1688035.84,VCH0070103,2026-01
2026-01-18,5401,Depreciation,JE0080104,Depreciation charge,359025.02,0.0,1025026.11,VCH0070104,2026-01
2025-11-20,5601,Professional Fees,JE0080105,Petty cash replenishment,431826.76,0.0,698336.98,VCH0070105,2025-11
2025-12-13,5301,Utilities Expense,JE0080106,Advance to vendor,357008.14,0.0,3884822.67,VCH0070106,2025-12
2026-02-06,1201,Inventory,JE0080107,Journal adjustment,1183864.55,0.0,5281343.65,VCH0070107,2026-02
2025-10-14,2301,Short-term Loans,JE0080108,Accrual entry,0.0,121611.76,-689970.45,VCH0070108,2025-10
2025-06-19,2201,Salary Payable,JE0080109,Suspense account transfer,0.0,603255.86,-5280390.67,VCH0070109,2025-06
2026-03-03,1301,Prepaid Expenses,JE0080110,Advance to vendor,204130.24,0.0,2310918.08,VCH0070110,2026-03
2025-09-06,1301,Prepaid Expenses,JE0080111,Professional fee payment,196726.27,0.0,2507644.35,VCH0070111,2025-09
2025-06-25,5501,Miscellaneous Expense,JE0080112,Journal adjustment,494256.39,0.0,2855973.55,VCH0070112,2025-06
2025-04-21,1001,Cash,JE0080113,Utility bills settled,405516.58,0.0,3256735.55,VCH0070113,2025-04
2025-05-15,1002,Bank – Current Account,JE0080114,Receipt from customer,152445.01,0.0,1634323.06,VCH0070114,2025-05
2026-01-27,1101,Accounts Receivable,JE0080115,Professional fee payment,12531.83,0.0,564885.88,VCH0070115,2026-01
2025-12-10,1301,Prepaid Expenses,JE0080116,Receipt from customer,438767.11,0.0,2946411.46,VCH0070116,2025-12
2026-02-25,1002,Bank – Current Account,JE0080117,Petty cash replenishment,348188.96,0.0,1982512.02,VCH0070117,2026-02
2025-10-13,2101,GST Payable,JE0080118,Suspense account transfer,0.0,299337.21,-1709407.11,VCH0070118,2025-10
2025-04-30,1002,Bank – Current Account,JE0080119,Bank charges,361329.76,0.0,2343841.78,VCH0070119,2025-04
2026-03-12,1101,Accounts Receivable,JE0080120,Rent payment for premises,942397.83,0.0,1507283.71,VCH0070120,2026-03
2025-12-29,3001,Share Capital,JE0080121,GST payment to government,0.0,483604.68,-2415141.16,VCH0070121,2025-12
2025-05-04,2301,Short-term Loans,JE0080122,Year-end rounding adjustment,0.0,2007963.11,-2697933.56,VCH0070122,2025-05
2025-04-26,2201,Salary Payable,JE0080123,Loan repayment instalment,0.0,461769.48,-5742160.15,VCH0070123,2025-04
2025-05-16,5001,Purchases,JE0080124,Opening balance entry,121599.53,0.0,1809635.37,VCH0070124,2025-05
2025-12-19,1001,Cash,JE0080125,Monthly salary disbursement,394540.39,0.0,3651275.94,VCH0070125,2025-12
2025-05-05,5301,Utilities Expense,JE0080126,Manual override – audit bypass,174720.67,0.0,4059543.34,VCH0070126,2025-05
2025-04-02,5101,Salary Expense,JE0080127,Suspense account transfer,4423167.23,0.0,8483126.04,VCH0070127,2025-04
2025-04-19,1101,Accounts Receivable,JE0080128,Reversal entry,489749.34,0.0,1997033.05,VCH0070128,2025-04
2025-04-05,2201,Salary Payable,JE0080129,Opening balance entry,0.0,431077.97,-6173238.12,VCH0070129,2025-04
2025-11-16,5601,Professional Fees,JE0080130,Miscellaneous expense claim,309557.57,0.0,1007894.55,VCH0070130,2025-11
2025-06-11,3001,Share Capital,JE0080131,Opening balance entry,0.0,500000.0,-2915141.16,VCH0070131,2025-06
2025-09-30,5001,Purchases,JE0080132,Rent payment for premises,323995.59,0.0,2133630.96,VCH0070132,2025-09
2025-12-02,5001,Purchases,JE0080133,Rent payment for premises,345194.52,0.0,2478825.48,VCH0070133,2025-12
2025-06-04,4101,Other Income,JE0080134,Reversal entry,0.0,329271.92,-6536792.73,VCH0070134,2025-06
2025-11-08,2201,Salary Payable,JE0080135,Advance to vendor,0.0,272601.1,-6445839.22,VCH0070135,2025-11
2025-11-22,2001,Accounts Payable,JE0080136,Year-end rounding adjustment,0.0,462197.05,-1014585.19,VCH0070136,2025-11
2025-11-08,5001,Purchases,JE0080137,Accrual entry,217773.18,0.0,2696598.66,VCH0070137,2025-11
2026-03-25,5501,Miscellaneous Expense,JE0080138,Closing balance transfer,344049.39,0.0,3200022.94,VCH0070138,2026-03
2025-09-14,4101,Other Income,JE0080139,Reversal entry,0.0,84919.53,-6621712.26,VCH0070139,2025-09
2026-02-06,5401,Depreciation,JE0080140,Miscellaneous expense claim,837.54,0.0,1025863.65,VCH0070140,2026-02
2026-01-15,3101,Retained Earnings,JE0080141,Utility bills settled,0.0,267962.59,-8212983.8,VCH0070141,2026-01
2025-12-02,5201,Rent Expense,JE0080142,Opening balance entry,232694.17,0.0,4122613.04,VCH0070142,2025-12
2025-10-12,5201,Rent Expense,JE0080143,Reversal entry,148544.72,0.0,4271157.76,VCH0070143,2025-10
2025-12-29,4001,Sales Revenue,JE0080144,Vendor payment processed,0.0,12806.05,-401730.34,VCH0070144,2025-12
2025-06-03,3001,Share Capital,JE0080145,Rent payment for premises,0.0,386716.74,-3301857.9,VCH0070145,2025-06
2026-01-08,5201,Rent Expense,JE0080146,Bank charges,291564.81,0.0,4562722.57,VCH0070146,2026-01
2025-09-28,5501,Miscellaneous Expense,JE0080147,Advance to vendor,433767.58,0.0,3633790.52,VCH0070147,2025-09
2025-11-12,5401,Depreciation,JE0080148,Rent payment for premises,40599.26,0.0,1066462.91,VCH0070148,2025-11
2025-04-29,1002,Bank – Current Account,JE0080149,Advance to vendor,436582.21,0.0,2780423.99,VCH0070149,2025-04
2026-02-04,2301,Short-term Loans,JE0080150,GST payment to government,0.0,1229295.11,-3927228.67,VCH0070150,2026-02
2025-09-26,5201,Rent Expense,JE0080151,Customer receipt posted,319906.28,0.0,4882628.85,VCH0070151,2025-09
2025-06-12,1001,Cash,JE0080152,Vendor payment processed,295030.47,0.0,3946306.41,VCH0070152,2025-06
2025-09-22,1301,Prepaid Expenses,JE0080153,Monthly salary disbursement,316993.24,0.0,3263404.7,VCH0070153,2025-09
2025-08-19,5201,Rent Expense,JE0080154,Bank charges,25000.0,0.0,4907628.85,VCH0070154,2025-08
2025-09-24,5601,Professional Fees,JE0080155,GST payment to government,75042.82,0.0,1082937.37,VCH0070155,2025-09
2025-10-26,2101,GST Payable,JE0080156,Rent payment for premises,0.0,302561.69,-2011968.8,VCH0070156,2025-10
2025-06-26,4101,Other Income,JE0080157,Vendor payment processed,0.0,443274.54,-7064986.8,VCH0070157,2025-06
2025-04-11,2101,GST Payable,JE0080158,Depreciation charge,0.0,470239.87,-2482208.67,VCH0070158,2025-04
2026-02-28,4101,Other Income,JE0080159,Utility bills settled,0.0,355437.54,-7420424.34,VCH0070159,2026-02
2025-08-01,4001,Sales Revenue,JE0080160,Manual override – audit bypass,0.0,235051.98,-636782.32,VCH0070160,2025-08
2025-12-10,3101,Retained Earnings,JE0080161,Monthly salary disbursement,0.0,442122.73,-8655106.53,VCH0070161,2025-12
2025-09-04,2301,Short-term Loans,JE0080162,Interest income received,0.0,195818.62,-4123047.29,VCH0070162,2025-09
2025-08-09,5201,Rent Expense,JE0080163,Receipt from customer,25325.0,0.0,4932953.85,VCH0070163,2025-08
2025-10-03,2101,GST Payable,JE0080164,Depreciation charge,0.0,323147.65,-2805356.32,VCH0070164,2025-10
2025-05-04,3101,Retained Earnings,JE0080165,Opening balance entry,0.0,140703.36,-8795809.89,VCH0070165,2025-05
2025-12-20,4001,Sales Revenue,JE0080166,Manual override – audit bypass,0.0,99714.01,-736496.33,VCH0070166,2025-12
2026-01-13,3001,Share Capital,JE0080167,Loan repayment instalment,0.0,370833.97,-3672691.87,VCH0070167,2026-01
2025-10-31,2001,Accounts Payable,JE0080168,Suspense account transfer,0.0,416146.44,-1430731.63,VCH0070168,2025-10
2025-12-22,3001,Share Capital,JE0080169,Utility bills settled,0.0,156938.32,-3829630.19,VCH0070169,2025-12
2025-11-29,5101,Salary Expense,JE0080170,Journal adjustment,182776.84,0.0,8665902.88,VCH0070170,2025-11
2025-08-27,5601,Professional Fees,JE0080171,Opening balance entry,122229.74,0.0,1205167.11,VCH0070171,2025-08
2025-07-21,5401,Depreciation,JE0080172,Depreciation charge,328615.16,0.0,1395078.07,VCH0070172,2025-07
2026-01-31,5001,Purchases,JE0080173,Reversal entry,345409.16,0.0,3042007.82,VCH0070173,2026-01
2025-05-01,3101,Retained Earnings,JE0080174,Urgent adjustment – CEO approval,0.0,2125301.69,-10921111.58,VCH0070174,2025-05
2025-11-24,4101,Other Income,JE0080175,Vendor payment processed,0.0,83009.89,-7503434.23,VCH0070175,2025-11
2026-02-03,2001,Accounts Payable,JE0080176,Urgent adjustment – CEO approval,0.0,3913192.58,-5343924.21,VCH0070176,2026-02
2025-06-12,5201,Rent Expense,JE0080177,Bank charges,422345.9,0.0,5355299.75,VCH0070177,2025-06
2025-08-02,1001,Cash,JE0080178,Urgent adjustment – CEO approval,3030026.61,0.0,6976333.02,VCH0070178,2025-08
2026-01-12,3101,Retained Earnings,JE0080179,Rent payment for premises,0.0,496406.98,-11417518.56,VCH0070179,2026-01
2026-03-19,1301,Prepaid Expenses,JE0080180,Vendor payment processed,348752.36,0.0,3612157.06,VCH0070180,2026-03
2026-01-13,2001,Accounts Payable,JE0080181,Petty cash replenishment,0.0,47559.53,-5391483.74,VCH0070181,2026-01
2025-06-11,1101,Accounts Receivable,JE0080182,Interest income received,454473.43,0.0,2451506.48,VCH0070182,2025-06
2025-07-24,2201,Salary Payable,JE0080183,Interest income received,0.0,375423.1,-6821262.32,VCH0070183,2025-07
2025-05-22,1101,Accounts Receivable,JE0080184,Loan repayment instalment,56281.83,0.0,2507788.31,VCH0070184,2025-05
2025-06-25,2301,Short-term Loans,JE0080185,Advance to vendor,0.0,100000.0,-4223047.29,VCH0070185,2025-06
2025-06-16,2301,Short-term Loans,JE0080186,Receipt from customer,0.0,275904.65,-4498951.94,VCH0070186,2025-06
2025-05-27,4001,Sales Revenue,JE0080187,Accrual entry,0.0,346104.41,-1082600.74,VCH0070187,2025-05
2025-07-08,5301,Utilities Expense,JE0080188,Advance to vendor,277226.6,0.0,4336769.94,VCH0070188,2025-07
2026-02-18,2301,Short-term Loans,JE0080189,Opening balance entry,0.0,1000000.0,-5498951.94,VCH0070189,2026-02
2026-01-25,1101,Accounts Receivable,JE0080190,Rent payment for premises,116459.08,0.0,2624247.39,VCH0070190,2026-01
2025-09-24,3001,Share Capital,JE0080191,Professional fee payment,0.0,414484.27,-4244114.46,VCH0070191,2025-09
2026-03-24,5101,Salary Expense,JE0080192,Opening balance entry,16109.69,0.0,8682012.57,VCH0070192,2026-03
2025-05-26,5401,Depreciation,JE0080193,Petty cash replenishment,208158.7,0.0,1603236.77,VCH0070193,2025-05
2025-05-19,4101,Other Income,JE0080194,Utility bills settled,0.0,498844.9,-8002279.13,VCH0070194,2025-05
2025-10-09,5201,Rent Expense,JE0080195,GST payment to government,481679.69,0.0,5836979.44,VCH0070195,2025-10
2025-11-04,2001,Accounts Payable,JE0080196,Accrual entry,0.0,10000.0,-5401483.74,VCH0070196,2025-11
2025-06-21,4101,Other Income,JE0080197,Urgent adjustment – CEO approval,0.0,7550.75,-8009829.88,VCH0070197,2025-06
2026-02-03,1101,Accounts Receivable,JE0080198,Loan repayment instalment,416212.91,0.0,3040460.3,VCH0070198,2026-02
2026-03-18,5601,Professional Fees,JE0080199,Monthly salary disbursement,738451.55,0.0,1943618.66,VCH0070199,2026-03
2025-09-07,1002,Bank – Current Account,JE0080200,Professional fee payment,168125.63,0.0,2948549.62,VCH0070200,2025-09
2026-03-28,1301,Prepaid Expenses,JE0080201,Opening balance entry,1437407.75,0.0,5049564.81,VCH0070201,2026-03
2025-06-28,1201,Inventory,JE0080202,Petty cash replenishment,476158.0,0.0,5757501.65,VCH0070202,2025-06
2026-01-10,5301,Utilities Expense,JE0080203,Customer receipt posted,265531.03,0.0,4602300.97,VCH0070203,2026-01
2026-02-27,3001,Share Capital,JE0080204,Customer receipt posted,0.0,25000.0,-4269114.46,VCH0070204,2026-02
2025-10-23,2201,Salary Payable,JE0080205,Customer receipt posted,0.0,149241.08,-6970503.4,VCH0070205,2025-10
2025-07-31,2001,Accounts Payable,JE0080206,Depreciation charge,0.0,53979.95,-5455463.69,VCH0070206,2025-07
2025-11-13,4001,Sales Revenue,JE0080207,GST payment to government,0.0,189609.06,-1272209.8,VCH0070207,2025-11
2025-09-17,1201,Inventory,JE0080208,Vendor payment processed,146755.9,0.0,5904257.55,VCH0070208,2025-09
2025-07-09,2301,Short-term Loans,JE0080209,Accrual entry,0.0,447702.41,-5946654.35,VCH0070209,2025-07
2025-08-06,3001,Share Capital,JE0080210,Interest income received,0.0,218221.38,-4487335.84,VCH0070210,2025-08
2026-03-18,1002,Bank – Current Account,JE0080211,GST payment to government,500000.0,0.0,3448549.62,VCH0070211,2026-03
2025-05-31,5201,Rent Expense,JE0080212,Rent payment for premises,339262.73,0.0,6176242.17,VCH0070212,2025-05
2026-03-16,1301,Prepaid Expenses,JE0080213,Closing balance transfer,292481.01,0.0,5342045.82,VCH0070213,2026-03
2025-05-03,3101,Retained Earnings,JE0080214,Petty cash replenishment,0.0,454896.13,-11872414.69,VCH0070214,2025-05
2025-06-12,5001,Purchases,JE0080215,Monthly salary disbursement,342811.52,0.0,3384819.34,VCH0070215,2025-06
2025-12-07,5301,Utilities Expense,JE0080216,Interest income received,114679.71,0.0,4716980.68,VCH0070216,2025-12
2026-01-07,5501,Miscellaneous Expense,JE0080217,Bank charges,123469.71,0.0,3757260.23,VCH0070217,2026-01
2026-03-14,2101,GST Payable,JE0080218,Undisclosed provision,0.0,230524.45,-3035880.77,VCH0070218,2026-03
2025-06-10,4001,Sales Revenue,JE0080219,Closing balance transfer,0.0,282657.58,-1554867.38,VCH0070219,2025-06
2025-09-25,3001,Share Capital,JE0080220,Interest income received,0.0,425296.11,-4912631.95,VCH0070220,2025-09
2025-04-29,2101,GST Payable,JE0080221,Professional fee payment,0.0,127520.62,-3163401.39,VCH0070221,2025-04
2025-04-04,2001,Accounts Payable,JE0080222,Receipt from customer,0.0,65900.61,-5521364.3,VCH0070222,2025-04
2026-01-12,2201,Salary Payable,JE0080223,Interest income received,0.0,247436.44,-7217939.84,VCH0070223,2026-01
2026-02-21,3001,Share Capital,JE0080224,Customer receipt posted,0.0,173436.95,-5086068.9,VCH0070224,2026-02
2025-10-22,5301,Utilities Expense,JE0080225,Receipt from customer,226568.25,0.0,4943548.93,VCH0070225,2025-10
2025-08-18,1002,Bank – Current Account,JE0080226,Petty cash replenishment,4750.16,0.0,3453299.78,VCH0070226,2025-08
2026-03-14,5101,Salary Expense,JE0080227,Monthly salary disbursement,174318.85,0.0,8856331.42,VCH0070227,2026-03
2025-08-01,1301,Prepaid Expenses,JE0080228,Reversal entry,394509.44,0.0,5736555.26,VCH0070228,2025-08
2025-08-03,1101,Accounts Receivable,JE0080229,Utility bills settled,415137.2,0.0,3455597.5,VCH0070229,2025-08
2025-09-08,1002,Bank – Current Account,JE0080230,Loan repayment instalment,50514.28,0.0,3503814.06,VCH0070230,2025-09
2026-01-05,1201,Inventory,JE0080231,Utility bills settled,155596.94,0.0,6059854.49,VCH0070231,2026-01
2026-03-03,5401,Depreciation,JE0080232,Advance to vendor,273679.0,0.0,1876915.77,VCH0070232,2026-03
2026-01-07,1002,Bank – Current Account,JE0080233,Monthly salary disbursement,370245.92,0.0,3874059.98,VCH0070233,2026-01
2025-06-02,5301,Utilities Expense,JE0080234,Opening balance entry,361970.58,0.0,5305519.51,VCH0070234,2025-06
2025-07-31,1001,Cash,JE0080235,Monthly salary disbursement,268966.78,0.0,7245299.8,VCH0070235,2025-07
2025-10-12,2201,Salary Payable,JE0080236,Closing balance transfer,0.0,300316.21,-7518256.05,VCH0070236,2025-10
2026-02-26,3001,Share Capital,JE0080237,Journal adjustment,0.0,243302.93,-5329371.83,VCH0070237,2026-02
2025-09-29,1001,Cash,JE0080238,Depreciation charge,65136.07,0.0,7310435.87,VCH0070238,2025-09
2025-11-29,1002,Bank – Current Account,JE0080239,Closing balance transfer,456705.71,0.0,4330765.69,VCH0070239,2025-11
2025-10-04,5401,Depreciation,JE0080240,Urgent adjustment – CEO approval,4421126.85,0.0,6298042.62,VCH0070240,2025-10
2026-01-01,5101,Salary Expense,JE0080241,Monthly salary disbursement,1105264.02,0.0,9961595.44,VCH0070241,2026-01
2025-08-14,5601,Professional Fees,JE0080242,Miscellaneous expense claim,1000000.0,0.0,2943618.66,VCH0070242,2025-08
2025-11-02,4001,Sales Revenue,JE0080243,Utility bills settled,0.0,302951.21,-1857818.59,VCH0070243,2025-11
2025-10-17,3101,Retained Earnings,JE0080244,Interest income received,0.0,411439.94,-12283854.63,VCH0070244,2025-10
2025-05-11,5201,Rent Expense,JE0080245,Closing balance transfer,118545.52,0.0,6294787.69,VCH0070245,2025-05
2025-12-13,5301,Utilities Expense,JE0080246,Utility bills settled,100000.0,0.0,5405519.51,VCH0070246,2025-12
2025-10-23,4001,Sales Revenue,JE0080247,Receipt from customer,0.0,53722.6,-1911541.19,VCH0070247,2025-10
2026-01-04,5101,Salary Expense,JE0080248,Vendor payment processed,109769.96,0.0,10071365.4,VCH0070248,2026-01
2025-11-21,2101,GST Payable,JE0080249,Reversal entry,0.0,49673.57,-3213074.96,VCH0070249,2025-11
2025-04-24,3001,Share Capital,JE0080250,Utility bills settled,0.0,83353.7,-5412725.53,VCH0070250,2025-04
2026-03-08,3001,Share Capital,JE0080251,Monthly salary disbursement,0.0,190699.99,-5603425.52,VCH0070251,2026-03
2025-06-30,4101,Other Income,JE0080252,Suspense account transfer,0.0,247372.42,-8257202.3,VCH0070252,2025-06
2026-03-15,3001,Share Capital,JE0080253,Closing balance transfer,0.0,55669.77,-5659095.29,VCH0070253,2026-03
2025-06-29,3001,Share Capital,JE0080254,Rent payment for premises,0.0,313291.63,-5972386.92,VCH0070254,2025-06
2025-07-26,5301,Utilities Expense,JE0080255,Receipt from customer,56790.98,0.0,5462310.49,VCH0070255,2025-07
2025-10-30,2101,GST Payable,JE0080256,Vendor payment processed,0.0,131334.97,-3344409.93,VCH0070256,2025-10
2026-01-01,4101,Other Income,JE0080257,Receipt from customer,0.0,488490.21,-8745692.51,VCH0070257,2026-01
2025-04-12,5201,Rent Expense,JE0080258,Reversal entry,108617.08,0.0,6403404.77,VCH0070258,2025-04
2025-04-15,1001,Cash,JE0080259,Loan repayment instalment,139512.82,0.0,7449948.69,VCH0070259,2025-04
2025-10-23,2201,Salary Payable,JE0080260,Monthly salary disbursement,0.0,364603.78,-7882859.83,VCH0070260,2025-10
2025-06-14,2001,Accounts Payable,JE0080261,Interest income received,0.0,389842.45,-5911206.75,VCH0070261,2025-06
2025-12-04,2001,Accounts Payable,JE0080262,Receipt from customer,0.0,467553.57,-6378760.32,VCH0070262,2025-12
2025-05-03,2301,Short-term Loans,JE0080263,Depreciation charge,0.0,22318.66,-5968973.01,VCH0070263,2025-05
2026-01-22,1301,Prepaid Expenses,JE0080264,Reversal entry,47546.82,0.0,5784102.08,VCH0070264,2026-01
2025-06-20,5301,Utilities Expense,JE0080265,Rent payment for premises,140742.52,0.0,5603053.01,VCH0070265,2025-06
2025-12-31,1101,Accounts Receivable,JE0080266,Bank charges,57549.25,0.0,3513146.75,VCH0070266,2025-12
2025-09-19,5201,Rent Expense,JE0080267,Closing balance transfer,500000.0,0.0,6903404.77,VCH0070267,2025-09
2026-03-02,5301,Utilities Expense,JE0080268,Bank charges,126396.15,0.0,5729449.16,VCH0070268,2026-03
2026-02-09,5501,Miscellaneous Expense,JE0080269,Interest income received,224673.45,0.0,3981933.68,VCH0070269,2026-02
2025-05-25,1301,Prepaid Expenses,JE0080270,Rent payment for premises,245421.09,0.0,6029523.17,VCH0070270,2025-05
2025-09-19,5001,Purchases,JE0080271,Advance to vendor,493928.45,0.0,3878747.79,VCH0070271,2025-09
2026-02-12,5401,Depreciation,JE0080272,Rent payment for premises,267501.31,0.0,6565543.93,VCH0070272,2026-02
2026-02-18,2101,GST Payable,JE0080273,One-time exceptional charge,0.0,400493.95,-3744903.88,VCH0070273,2026-02
2025-07-12,5001,Purchases,JE0080274,Rent payment for premises,1000000.0,0.0,4878747.79,VCH0070274,2025-07
2025-09-28,4001,Sales Revenue,JE0080275,GST payment to government,0.0,224591.35,-2136132.54,VCH0070275,2025-09
2025-05-23,5001,Purchases,JE0080276,Miscellaneous expense claim,209566.93,0.0,5088314.72,VCH0070276,2025-05
2026-01-13,5201,Rent Expense,JE0080277,Monthly salary disbursement,253804.73,0.0,7157209.5,VCH0070277,2026-01
2025-12-26,2101,GST Payable,JE0080278,Bank charges,0.0,426546.33,-4171450.21,VCH0070278,2025-12
2025-04-28,5501,Miscellaneous Expense,JE0080279,GST payment to government,196285.95,0.0,4178219.63,VCH0070279,2025-04
2026-02-24,2101,GST Payable,JE0080280,Journal adjustment,0.0,411737.44,-4583187.65,VCH0070280,2026-02
2025-07-06,4001,Sales Revenue,JE0080281,GST payment to government,0.0,397774.63,-2533907.17,VCH0070281,2025-07
2025-11-02,2101,GST Payable,JE0080282,Loan repayment instalment,0.0,460501.14,-5043688.79,VCH0070282,2025-11
2025-09-16,5301,Utilities Expense,JE0080283,Customer receipt posted,134246.56,0.0,5863695.72,VCH0070283,2025-09
2025-04-29,5601,Professional Fees,JE0080284,Year-end rounding adjustment,1592026.75,0.0,4535645.41,VCH0070284,2025-04
2025-12-21,4001,Sales Revenue,JE0080285,Accrual entry,0.0,388374.2,-2922281.37,VCH0070285,2025-12
2025-07-30,5001,Purchases,JE0080286,Bank charges,340201.2,0.0,5428515.92,VCH0070286,2025-07
2025-06-18,1201,Inventory,JE0080287,Depreciation charge,241173.63,0.0,6301028.12,VCH0070287,2025-06
2025-06-14,1301,Prepaid Expenses,JE0080288,Professional fee payment,455432.64,0.0,6484955.81,VCH0070288,2025-06
2025-05-06,2301,Short-term Loans,JE0080289,GST payment to government,0.0,416896.61,-6385869.62,VCH0070289,2025-05
2026-02-17,1101,Accounts Receivable,JE0080290,Depreciation charge,369657.46,0.0,3882804.21,VCH0070290,2026-02
2025-05-25,2001,Accounts Payable,JE0080291,GST payment to government,0.0,409540.79,-6788301.11,VCH0070291,2025-05
2025-06-02,1002,Bank – Current Account,JE0080292,Receipt from customer,348258.64,0.0,4679024.33,VCH0070292,2025-06
2025-10-01,2301,Short-term Loans,JE0080293,Petty cash replenishment,0.0,129474.9,-6515344.52,VCH0070293,2025-10
2025-07-29,3101,Retained Earnings,JE0080294,Intercompany settlement,0.0,922172.1,-13206026.73,VCH0070294,2025-07
2025-08-03,5601,Professional Fees,JE0080295,Journal adjustment,4834.14,0.0,4540479.55,VCH0070295,2025-08
2026-02-13,3101,Retained Earnings,JE0080296,Bank charges,0.0,23547.66,-13229574.39,VCH0070296,2026-02
2025-10-03,3001,Share Capital,JE0080297,Bank charges,0.0,441023.68,-6413410.6,VCH0070297,2025-10
2025-04-17,2301,Short-term Loans,JE0080298,Interest income received,0.0,281420.47,-6796764.99,VCH0070298,2025-04
2025-12-04,5101,Salary Expense,JE0080299,Petty cash replenishment,500000.0,0.0,10571365.4,VCH0070299,2025-12
2025-10-23,5001,Purchases,JE0080300,Monthly salary disbursement,250000.0,0.0,5678515.92,VCH0070300,2025-10
2026-02-13,2101,GST Payable,JE0080301,Opening balance entry,0.0,235499.03,-5279187.82,VCH0070301,2026-02
2025-06-01,1301,Prepaid Expenses,JE0080302,Loan repayment instalment,239671.49,0.0,6724627.3,VCH0070302,2025-06
2025-09-04,2001,Accounts Payable,JE0080303,GST payment to government,0.0,66735.76,-6855036.87,VCH0070303,2025-09
2025-05-19,2301,Short-term Loans,JE0080304,Accrual entry,0.0,344328.55,-7141093.54,VCH0070304,2025-05
2025-05-02,2201,Salary Payable,JE0080305,Loan repayment instalment,0.0,206191.45,-8089051.28,VCH0070305,2025-05
2025-09-05,3101,Retained Earnings,JE0080306,Correction entry – Finance Head,0.0,450942.81,-13680517.2,VCH0070306,2025-09
2025-08-27,3001,Share Capital,JE0080307,Miscellaneous expense claim,0.0,134593.51,-6548004.11,VCH0070307,2025-08
2026-03-09,1301,Prepaid Expenses,JE0080308,Urgent adjustment – CEO approval,4933623.9,0.0,11658251.2,VCH0070308,2026-03
2025-10-06,2201,Salary Payable,JE0080309,Interest income received,0.0,4157.77,-8093209.05,VCH0070309,2025-10
2025-05-31,1101,Accounts Receivable,JE0080310,Intercompany settlement,3507384.47,0.0,7390188.68,VCH0070310,2025-05
2025-04-05,2301,Short-term Loans,JE0080311,Bank charges,0.0,306537.96,-7447631.5,VCH0070311,2025-04
2025-07-08,4001,Sales Revenue,JE0080312,Correction entry – Finance Head,0.0,310688.08,-3232969.45,VCH0070312,2025-07
2025-09-07,3101,Retained Earnings,JE0080313,Utility bills settled,0.0,415493.6,-14096010.8,VCH0070313,2025-09
2026-03-17,1101,Accounts Receivable,JE0080314,Customer receipt posted,316902.13,0.0,7707090.81,VCH0070314,2026-03
2025-10-15,2001,Accounts Payable,JE0080315,Monthly salary disbursement,0.0,430108.92,-7285145.79,VCH0070315,2025-10
2025-10-14,3101,Retained Earnings,JE0080316,Depreciation charge,0.0,160102.73,-14256113.53,VCH0070316,2025-10
2026-03-23,1002,Bank – Current Account,JE0080317,Loan repayment instalment,1917939.44,0.0,6596963.77,VCH0070317,2026-03
2025-11-08,4101,Other Income,JE0080318,Opening balance entry,0.0,291751.47,-9037443.98,VCH0070318,2025-11
2026-01-17,2001,Accounts Payable,JE0080319,Loan repayment instalment,0.0,173813.57,-7458959.36,VCH0070319,2026-01
2025-08-07,5501,Miscellaneous Expense,JE0080320,Monthly salary disbursement,46886.15,0.0,4225105.78,VCH0070320,2025-08
2026-02-06,2101,GST Payable,JE0080321,Interest income received,0.0,338565.24,-5617753.06,VCH0070321,2026-02
2025-06-04,3001,Share Capital,JE0080322,Utility bills settled,0.0,140581.12,-6688585.23,VCH0070322,2025-06
2026-03-11,5001,Purchases,JE0080323,Petty cash replenishment,89248.5,0.0,5767764.42,VCH0070323,2026-03
2025-09-01,2101,GST Payable,JE0080324,Reversal entry,0.0,337435.64,-5955188.7,VCH0070324,2025-09
2025-07-16,2301,Short-term Loans,JE0080325,Rent payment for premises,0.0,236583.59,-7684215.09,VCH0070325,2025-07
2026-02-08,5001,Purchases,JE0080326,Customer receipt posted,127573.71,0.0,5895338.13,VCH0070326,2026-02
2025-06-29,3001,Share Capital,JE0080327,Year-end rounding adjustment,0.0,1779254.59,-8467839.82,VCH0070327,2025-06
2025-04-11,3101,Retained Earnings,JE0080328,Suspense account transfer,0.0,2523950.57,-16780064.1,VCH0070328,2025-04
2026-01-21,1001,Cash,JE0080329,GST payment to government,431053.43,0.0,7881002.12,VCH0070329,2026-01
2026-02-13,5301,Utilities Expense,JE0080330,Interest income received,494353.75,0.0,6358049.47,VCH0070330,2026-02
2026-02-18,5201,Rent Expense,JE0080331,Loan repayment instalment,432881.59,0.0,7590091.09,VCH0070331,2026-02
2025-11-03,5601,Professional Fees,JE0080332,Petty cash replenishment,142047.93,0.0,4682527.48,VCH0070332,2025-11
2025-10-25,5201,Rent Expense,JE0080333,Depreciation charge,164404.59,0.0,7754495.68,VCH0070333,2025-10
2025-12-24,5401,Depreciation,JE0080334,Customer receipt posted,101103.87,0.0,6666647.8,VCH0070334,2025-12
2025-09-22,5501,Miscellaneous Expense,JE0080335,Reversal entry,137347.38,0.0,4362453.16,VCH0070335,2025-09
2025-08-24,2301,Short-term Loans,JE0080336,Interest income received,0.0,369916.16,-8054131.25,VCH0070336,2025-08
2025-12-21,4101,Other Income,JE0080337,Opening balance entry,0.0,481454.3,-9518898.28,VCH0070337,2025-12
2025-04-09,5101,Salary Expense,JE0080338,Correction entry – Finance Head,2338623.52,0.0,12909988.92,VCH0070338,2025-04
2026-01-25,5001,Purchases,JE0080339,Monthly salary disbursement,10000.0,0.0,5905338.13,VCH0070339,2026-01
2025-04-14,1101,Accounts Receivable,JE0080340,Petty cash replenishment,1000000.0,0.0,8707090.81,VCH0070340,2025-04
2025-05-23,5101,Salary Expense,JE0080341,Journal adjustment,168692.81,0.0,13078681.73,VCH0070341,2025-05
2025-04-01,3101,Retained Earnings,JE0080342,Monthly salary disbursement,0.0,326483.31,-17106547.41,VCH0070342,2025-04
2025-04-11,5001,Purchases,JE0080343,Receipt from customer,343269.38,0.0,6248607.51,VCH0070343,2025-04
2026-01-14,2301,Short-term Loans,JE0080344,GST payment to government,0.0,443465.8,-8497597.05,VCH0070344,2026-01
2025-10-06,2101,GST Payable,JE0080345,Opening balance entry,0.0,305542.78,-6260731.48,VCH0070345,2025-10
2025-08-21,1001,Cash,JE0080346,Vendor payment processed,162440.47,0.0,8043442.59,VCH0070346,2025-08
2025-10-27,5001,Purchases,JE0080347,Bank charges,428507.63,0.0,6677115.14,VCH0070347,2025-10
2025-09-07,3101,Retained Earnings,JE0080348,Depreciation charge,0.0,23257.79,-17129805.2,VCH0070348,2025-09
2025-11-28,1101,Accounts Receivable,JE0080349,Year-end rounding adjustment,415803.67,0.0,9122894.48,VCH0070349,2025-11
2025-09-01,1201,Inventory,JE0080350,Utility bills settled,479503.51,0.0,6780531.63,VCH0070350,2025-09
2026-01-01,2201,Salary Payable,JE0080351,Journal adjustment,0.0,162201.2,-8255410.25,VCH0070351,2026-01
2025-09-02,4101,Other Income,JE0080352,Monthly salary disbursement,0.0,257324.04,-9776222.32,VCH0070352,2025-09
2025-12-21,2201,Salary Payable,JE0080353,Bank charges,0.0,323589.1,-8578999.35,VCH0070353,2025-12
2025-04-27,5401,Depreciation,JE0080354,Suspense account transfer,335751.01,0.0,7002398.81,VCH0070354,2025-04
2025-04-10,2201,Salary Payable,JE0080355,Monthly salary disbursement,0.0,360185.16,-8939184.51,VCH0070355,2025-04
2025-11-11,1301,Prepaid Expenses,JE0080356,Receipt from customer,274861.11,0.0,11933112.31,VCH0070356,2025-11
2026-02-07,1001,Cash,JE0080357,Accrual entry,1321130.77,0.0,9364573.36,VCH0070357,2026-02
2025-11-22,5201,Rent Expense,JE0080358,Receipt from customer,175463.93,0.0,7929959.61,VCH0070358,2025-11
2025-10-16,2101,GST Payable,JE0080359,Utility bills settled,0.0,164110.18,-6424841.66,VCH0070359,2025-10
2025-07-20,5001,Purchases,JE0080360,Miscellaneous expense claim,127237.85,0.0,6804352.99,VCH0070360,2025-07
2025-10-24,2301,Short-term Loans,JE0080361,Interest income received,0.0,254580.68,-8752177.73,VCH0070361,2025-10
2026-01-14,2201,Salary Payable,JE0080362,Utility bills settled,0.0,1120712.23,-10059896.74,VCH0070362,2026-01
2026-03-14,5101,Salary Expense,JE0080363,Journal adjustment,211128.63,0.0,13289810.36,VCH0070363,2026-03
2025-11-16,1002,Bank – Current Account,JE0080364,Rent payment for premises,441456.27,0.0,7038420.04,VCH0070364,2025-11
2025-11-23,4001,Sales Revenue,JE0080365,Opening balance entry,0.0,231044.63,-3464014.08,VCH0070365,2025-11
2025-10-16,1301,Prepaid Expenses,JE0080366,Receipt from customer,122878.99,0.0,12055991.3,VCH0070366,2025-10
2025-12-17,1002,Bank – Current Account,JE0080367,Reversal entry,307319.48,0.0,7345739.52,VCH0070367,2025-12
2025-08-14,5201,Rent Expense,JE0080368,Advance to vendor,391886.54,0.0,8321846.15,VCH0070368,2025-08
2026-02-27,3001,Share Capital,JE0080369,Miscellaneous expense claim,0.0,120093.79,-8587933.61,VCH0070369,2026-02
2026-01-26,1301,Prepaid Expenses,JE0080370,Petty cash replenishment,177393.73,0.0,12233385.03,VCH0070370,2026-01
2025-04-15,2301,Short-term Loans,JE0080371,Loan repayment instalment,0.0,481170.38,-9233348.11,VCH0070371,2025-04
2025-11-30,5401,Depreciation,JE0080372,Manual override – audit bypass,141055.58,0.0,7143454.39,VCH0070372,2025-11
2025-11-02,5201,Rent Expense,JE0080373,Monthly salary disbursement,233889.32,0.0,8555735.47,VCH0070373,2025-11
2025-07-12,4001,Sales Revenue,JE0080374,Monthly salary disbursement,0.0,149374.77,-3613388.85,VCH0070374,2025-07
2026-02-28,2101,GST Payable,JE0080375,Customer receipt posted,0.0,388589.38,-6813431.04,VCH0070375,2026-02
2026-02-24,1002,Bank – Current Account,JE0080376,Bank charges,358954.77,0.0,7704694.29,VCH0070376,2026-02
2025-10-21,4001,Sales Revenue,JE0080377,Year-end rounding adjustment,0.0,178855.64,-3792244.49,VCH0070377,2025-10
2025-08-04,3101,Retained Earnings,JE0080378,One-time exceptional charge,0.0,2864001.86,-19993807.06,VCH0070378,2025-08
2025-07-12,2001,Accounts Payable,JE0080379,Year-end rounding adjustment,0.0,4392136.36,-11851095.72,VCH0070379,2025-07
2025-04-19,1001,Cash,JE0080380,Vendor payment processed,130484.09,0.0,9495057.45,VCH0070380,2025-04
2025-05-01,1101,Accounts Receivable,JE0080381,Miscellaneous expense claim,367938.34,0.0,9490832.82,VCH0070381,2025-05
2025-05-10,5001,Purchases,JE0080382,Intercompany settlement,853989.89,0.0,7658342.88,VCH0070382,2025-05
2025-05-23,5401,Depreciation,JE0080383,Professional fee payment,341582.22,0.0,7485036.61,VCH0070383,2025-05
2025-08-20,5101,Salary Expense,JE0080384,Monthly salary disbursement,201195.61,0.0,13491005.97,VCH0070384,2025-08
2025-11-16,5201,Rent Expense,JE0080385,Monthly salary disbursement,212812.59,0.0,8768548.06,VCH0070385,2025-11
2025-12-18,5001,Purchases,JE0080386,Vendor payment processed,243686.96,0.0,7902029.84,VCH0070386,2025-12
2025-10-28,5501,Miscellaneous Expense,JE0080387,Receipt from customer,200247.7,0.0,4562700.86,VCH0070387,2025-10
2025-04-09,5601,Professional Fees,JE0080388,Utility bills settled,370316.85,0.0,5052844.33,VCH0070388,2025-04
2026-01-26,5601,Professional Fees,JE0080389,Accrual entry,187776.16,0.0,5240620.49,VCH0070389,2026-01
2025-06-24,2301,Short-term Loans,JE0080390,Loan repayment instalment,0.0,350841.13,-9584189.24,VCH0070390,2025-06
2026-03-27,5501,Miscellaneous Expense,JE0080391,Opening balance entry,93374.94,0.0,4656075.8,VCH0070391,2026-03
2025-12-03,2301,Short-term Loans,JE0080392,Intercompany settlement,0.0,3561840.97,-13146030.21,VCH0070392,2025-12
2025-08-08,1101,Accounts Receivable,JE0080393,Monthly salary disbursement,27870.18,0.0,9518703.0,VCH0070393,2025-08
2025-04-17,4101,Other Income,JE0080394,Manual override – audit bypass,0.0,154509.33,-9930731.65,VCH0070394,2025-04
2026-01-08,2101,GST Payable,JE0080395,Monthly salary disbursement,0.0,295595.0,-7109026.04,VCH0070395,2026-01
2025-09-21,5301,Utilities Expense,JE0080396,Closing balance transfer,84245.98,0.0,6442295.45,VCH0070396,2025-09
2025-04-02,1301,Prepaid Expenses,JE0080397,Interest income received,94394.81,0.0,12327779.84,VCH0070397,2025-04
2026-03-11,1001,Cash,JE0080398,Loan repayment instalment,83658.49,0.0,9578715.94,VCH0070398,2026-03
2026-01-11,4001,Sales Revenue,JE0080399,Opening balance entry,0.0,1120814.06,-4913058.55,VCH0070399,2026-01
2025-12-02,5201,Rent Expense,JE0080400,Petty cash replenishment,151571.94,0.0,8920120.0,VCH0070400,2025-12
2025-12-15,1101,Accounts Receivable,JE0080401,Urgent adjustment – CEO approval,3534422.02,0.0,13053125.02,VCH0070401,2025-12
2025-07-10,4001,Sales Revenue,JE0080402,Opening balance entry,0.0,134134.1,-5047192.65,VCH0070402,2025-07
2025-09-26,1101,Accounts Receivable,JE0080403,Interest income received,105413.68,0.0,13158538.7,VCH0070403,2025-09
2026-02-21,4001,Sales Revenue,JE0080404,Rent payment for premises,0.0,84309.87,-5131502.52,VCH0070404,2026-02
2025-09-23,3101,Retained Earnings,JE0080405,Interest income received,0.0,438473.76,-20432280.82,VCH0070405,2025-09
2025-06-27,1101,Accounts Receivable,JE0080406,Intercompany settlement,4870065.21,0.0,18028603.91,VCH0070406,2025-06
2025-11-22,4101,Other Income,JE0080407,Interest income received,0.0,50000.0,-9980731.65,VCH0070407,2025-11
2025-05-20,2101,GST Payable,JE0080408,Miscellaneous expense claim,0.0,294004.53,-7403030.57,VCH0070408,2025-05
2025-04-22,5401,Depreciation,JE0080409,Customer receipt posted,500000.0,0.0,7985036.61,VCH0070409,2025-04
2025-10-15,2301,Short-term Loans,JE0080410,Utility bills settled,0.0,94944.76,-13240974.97,VCH0070410,2025-10
2026-01-21,3001,Share Capital,JE0080411,Interest income received,0.0,295313.05,-8883246.66,VCH0070411,2026-01
2025-04-27,2201,Salary Payable,JE0080412,Rent payment for premises,0.0,420288.04,-10480184.78,VCH0070412,2025-04
2025-06-19,3101,Retained Earnings,JE0080413,Petty cash replenishment,0.0,236354.86,-20668635.68,VCH0070413,2025-06
2025-10-23,3001,Share Capital,JE0080414,Loan repayment instalment,0.0,44516.48,-8927763.14,VCH0070414,2025-10
2025-10-03,4001,Sales Revenue,JE0080415,Customer receipt posted,0.0,98290.71,-5229793.23,VCH0070415,2025-10
2025-07-07,1002,Bank – Current Account,JE0080416,Miscellaneous expense claim,29913.59,0.0,7734607.88,VCH0070416,2025-07
2025-05-16,5401,Depreciation,JE0080417,Correction entry – Finance Head,336023.46,0.0,8321060.07,VCH0070417,2025-05
2025-10-02,5001,Purchases,JE0080418,Miscellaneous expense claim,307148.73,0.0,8209178.57,VCH0070418,2025-10
2025-11-20,3101,Retained Earnings,JE0080419,Opening balance entry,0.0,203685.23,-20872320.91,VCH0070419,2025-11
2025-09-03,3101,Retained Earnings,JE0080420,Year-end rounding adjustment,0.0,1038557.09,-21910878.0,VCH0070420,2025-09
2025-06-18,3101,Retained Earnings,JE0080421,Manual override – audit bypass,0.0,747843.77,-22658721.77,VCH0070421,2025-06
2025-04-12,1201,Inventory,JE0080422,Rent payment for premises,209965.83,0.0,6990497.46,VCH0070422,2025-04
2026-03-20,4101,Other Income,JE0080423,Vendor payment processed,0.0,308121.81,-10288853.46,VCH0070423,2026-03
2026-02-20,5301,Utilities Expense,JE0080424,Depreciation charge,66641.16,0.0,6508936.61,VCH0070424,2026-02
2025-10-25,1201,Inventory,JE0080425,Opening balance entry,268005.84,0.0,7258503.3,VCH0070425,2025-10
2026-03-18,1301,Prepaid Expenses,JE0080426,Journal adjustment,42317.48,0.0,12370097.32,VCH0070426,2026-03
2025-06-27,4101,Other Income,JE0080427,Receipt from customer,0.0,325366.55,-10614220.01,VCH0070427,2025-06
2025-06-14,4101,Other Income,JE0080428,Petty cash replenishment,0.0,15723.26,-10629943.27,VCH0070428,2025-06
2026-03-29,5501,Miscellaneous Expense,JE0080429,Vendor payment processed,43631.97,0.0,4699707.77,VCH0070429,2026-03
2025-06-11,2201,Salary Payable,JE0080430,Advance to vendor,0.0,331193.33,-10811378.11,VCH0070430,2025-06
2026-01-08,1301,Prepaid Expenses,JE0080431,Customer receipt posted,313834.99,0.0,12683932.31,VCH0070431,2026-01
2025-04-16,1301,Prepaid Expenses,JE0080432,Closing balance transfer,23789.92,0.0,12707722.23,VCH0070432,2025-04
2025-12-09,5601,Professional Fees,JE0080433,Depreciation charge,367640.52,0.0,5608261.01,VCH0070433,2025-12
2025-06-14,1201,Inventory,JE0080434,Correction entry – Finance Head,305225.08,0.0,7563728.38,VCH0070434,2025-06
2026-03-13,3101,Retained Earnings,JE0080435,Vendor payment processed,0.0,250000.0,-22908721.77,VCH0070435,2026-03
2025-10-22,5301,Utilities Expense,JE0080436,Receipt from customer,8459.83,0.0,6517396.44,VCH0070436,2025-10
2025-06-28,1001,Cash,JE0080437,GST payment to government,395751.81,0.0,9974467.75,VCH0070437,2025-06
2025-09-01,4001,Sales Revenue,JE0080438,Depreciation charge,0.0,443261.24,-5673054.47,VCH0070438,2025-09
2025-09-22,5601,Professional Fees,JE0080439,Bank charges,21308.2,0.0,5629569.21,VCH0070439,2025-09
2026-02-19,1101,Accounts Receivable,JE0080440,Bank charges,251586.89,0.0,18280190.8,VCH0070440,2026-02
2026-03-19,4101,Other Income,JE0080441,Customer receipt posted,0.0,130162.85,-10760106.12,VCH0070441,2026-03
2026-02-16,3101,Retained Earnings,JE0080442,Opening balance entry,0.0,420578.32,-23329300.09,VCH0070442,2026-02
2025-12-17,5301,Utilities Expense,JE0080443,Undisclosed provision,463409.66,0.0,6980806.1,VCH0070443,2025-12
2025-11-04,4001,Sales Revenue,JE0080444,Interest income received,0.0,348779.85,-6021834.32,VCH0070444,2025-11
2025-07-15,1101,Accounts Receivable,JE0080445,Customer receipt posted,194981.74,0.0,18475172.54,VCH0070445,2025-07
2026-01-28,1301,Prepaid Expenses,JE0080446,Monthly salary disbursement,12003.54,0.0,12719725.77,VCH0070446,2026-01
2026-01-10,2101,GST Payable,JE0080447,Depreciation charge,0.0,191404.19,-7594434.76,VCH0070447,2026-01
2026-03-07,2301,Short-term Loans,JE0080448,Monthly salary disbursement,0.0,376741.5,-13617716.47,VCH0070448,2026-03
2025-07-19,1001,Cash,JE0080449,Petty cash replenishment,254715.4,0.0,10229183.15,VCH0070449,2025-07
2025-12-23,2301,Short-term Loans,JE0080450,Professional fee payment,0.0,293638.28,-13911354.75,VCH0070450,2025-12
2026-01-17,2001,Accounts Payable,JE0080451,Monthly salary disbursement,0.0,145279.21,-11996374.93,VCH0070451,2026-01
2025-08-11,1201,Inventory,JE0080452,Bank charges,230070.92,0.0,7793799.3,VCH0070452,2025-08
2025-09-05,2201,Salary Payable,JE0080453,Reversal entry,0.0,220529.63,-11031907.74,VCH0070453,2025-09
2025-11-29,5001,Purchases,JE0080454,Customer receipt posted,25000.0,0.0,8234178.57,VCH0070454,2025-11
2025-06-04,2201,Salary Payable,JE0080455,Receipt from customer,0.0,328925.24,-11360832.98,VCH0070455,2025-06
2025-12-21,5301,Utilities Expense,JE0080456,Intercompany settlement,2318054.47,0.0,9298860.57,VCH0070456,2025-12
2026-01-29,1301,Prepaid Expenses,JE0080457,Advance to vendor,445513.99,0.0,13165239.76,VCH0070457,2026-01
2026-03-06,5401,Depreciation,JE0080458,GST payment to government,93192.87,0.0,8414252.94,VCH0070458,2026-03
2025-04-01,5401,Depreciation,JE0080459,Rent payment for premises,380188.21,0.0,8794441.15,VCH0070459,2025-04
2025-10-09,2201,Salary Payable,JE0080460,Opening balance entry,0.0,105229.45,-11466062.43,VCH0070460,2025-10
2025-12-31,5001,Purchases,JE0080461,Opening balance entry,363882.79,0.0,8598061.36,VCH0070461,2025-12
2025-12-14,5201,Rent Expense,JE0080462,Receipt from customer,9726.82,0.0,8929846.82,VCH0070462,2025-12
2026-02-04,5201,Rent Expense,JE0080463,Bank charges,1494725.45,0.0,10424572.27,VCH0070463,2026-02
2025-09-19,5201,Rent Expense,JE0080464,Loan repayment instalment,73706.37,0.0,10498278.64,VCH0070464,2025-09
2025-12-01,1101,Accounts Receivable,JE0080465,Advance to vendor,161527.42,0.0,18636699.96,VCH0070465,2025-12
2026-02-02,3101,Retained Earnings,JE0080466,Accrual entry,0.0,314439.86,-23643739.95,VCH0070466,2026-02
2026-01-01,2301,Short-term Loans,JE0080467,Depreciation charge,0.0,354414.5,-14265769.25,VCH0070467,2026-01
2025-12-26,3001,Share Capital,JE0080468,GST payment to government,0.0,193192.97,-9120956.11,VCH0070468,2025-12
2026-02-28,1201,Inventory,JE0080469,Interest income received,59349.24,0.0,7853148.54,VCH0070469,2026-02
2025-09-19,2301,Short-term Loans,JE0080470,Interest income received,0.0,112397.86,-14378167.11,VCH0070470,2025-09
2025-05-07,3101,Retained Earnings,JE0080471,Opening balance entry,0.0,383867.82,-24027607.77,VCH0070471,2025-05
2025-10-24,5601,Professional Fees,JE0080472,Interest income received,220579.56,0.0,5850148.77,VCH0070472,2025-10
2026-01-15,1002,Bank – Current Account,JE0080473,Advance to vendor,25000.0,0.0,7759607.88,VCH0070473,2026-01
2025-05-02,2001,Accounts Payable,JE0080474,Receipt from customer,0.0,417617.58,-12413992.51,VCH0070474,2025-05
2025-09-15,1101,Accounts Receivable,JE0080475,Journal adjustment,250000.0,0.0,18886699.96,VCH0070475,2025-09
2026-01-19,2301,Short-term Loans,JE0080476,Depreciation charge,0.0,339880.13,-14718047.24,VCH0070476,2026-01
2025-09-04,2101,GST Payable,JE0080477,Interest income received,0.0,386260.54,-7980695.3,VCH0070477,2025-09
2026-01-09,5001,Purchases,JE0080478,Accrual entry,24885.53,0.0,8622946.89,VCH0070478,2026-01
2025-05-13,1002,Bank – Current Account,JE0080479,Accrual entry,402329.96,0.0,8161937.84,VCH0070479,2025-05
2025-07-10,2101,GST Payable,JE0080480,Reversal entry,0.0,455039.67,-8435734.97,VCH0070480,2025-07
2025-07-22,3101,Retained Earnings,JE0080481,Loan repayment instalment,0.0,219597.47,-24247205.24,VCH0070481,2025-07
2025-12-05,4101,Other Income,JE0080482,One-time exceptional charge,0.0,52611.27,-10812717.39,VCH0070482,2025-12
2025-04-09,5001,Purchases,JE0080483,Bank charges,172852.63,0.0,8795799.52,VCH0070483,2025-04
2026-02-09,1002,Bank – Current Account,JE0080484,Journal adjustment,445320.2,0.0,8607258.04,VCH0070484,2026-02
2026-02-19,4101,Other Income,JE0080485,Journal adjustment,0.0,350407.31,-11163124.7,VCH0070485,2026-02
2025-07-15,3101,Retained Earnings,JE0080486,Miscellaneous expense claim,0.0,197846.32,-24445051.56,VCH0070486,2025-07
2026-02-01,1201,Inventory,JE0080487,Accrual entry,345591.54,0.0,8198740.08,VCH0070487,2026-02
2026-02-16,5301,Utilities Expense,JE0080488,GST payment to government,1501939.72,0.0,10800800.29,VCH0070488,2026-02
2026-02-27,3101,Retained Earnings,JE0080489,Suspense account transfer,0.0,4272939.09,-28717990.65,VCH0070489,2026-02
2025-11-19,5201,Rent Expense,JE0080490,Professional fee payment,170421.96,0.0,10668700.6,VCH0070490,2025-11
2026-01-24,4101,Other Income,JE0080491,Petty cash replenishment,0.0,891891.48,-12055016.18,VCH0070491,2026-01
2026-02-23,5201,Rent Expense,JE0080492,Miscellaneous expense claim,256243.25,0.0,10924943.85,VCH0070492,2026-02
2026-01-13,5101,Salary Expense,JE0080493,Vendor payment processed,304950.4,0.0,13795956.37,VCH0070493,2026-01
2026-03-08,1101,Accounts Receivable,JE0080494,Bank charges,390747.66,0.0,19277447.62,VCH0070494,2026-03
2025-12-15,5601,Professional Fees,JE0080495,Journal adjustment,32804.71,0.0,5882953.48,VCH0070495,2025-12
2026-01-19,1301,Prepaid Expenses,JE0080496,Depreciation charge,338954.3,0.0,13504194.06,VCH0070496,2026-01
2025-06-24,5601,Professional Fees,JE0080497,Correction entry – Finance Head,2025739.47,0.0,7908692.95,VCH0070497,2025-06
2026-01-03,5601,Professional Fees,JE0080498,Loan repayment instalment,89332.59,0.0,7998025.54,VCH0070498,2026-01
2025-11-30,5501,Miscellaneous Expense,JE0080499,Undisclosed provision,1724509.87,0.0,6424217.64,VCH0070499,2025-11
2026-01-24,3101,Retained Earnings,JE0080500,Journal adjustment,0.0,448996.28,-29166986.93,VCH0070500,2026-01
2025-08-13,5601,Professional Fees,JE0080501,Suspense account transfer,3418889.78,0.0,11416915.32,VCH0070501,2025-08
2025-12-31,5001,Purchases,JE0080502,Journal adjustment,235639.93,0.0,9031439.45,VCH0070502,2025-12
2026-01-14,5001,Purchases,JE0080503,Utility bills settled,87773.31,0.0,9119212.76,VCH0070503,2026-01
2025-08-15,5501,Miscellaneous Expense,JE0080504,Customer receipt posted,383957.03,0.0,6808174.67,VCH0070504,2025-08
2025-08-31,2201,Salary Payable,JE0080505,Advance to vendor,0.0,432631.9,-11898694.33,VCH0070505,2025-08
2025-11-25,5101,Salary Expense,JE0080506,Customer receipt posted,62932.19,0.0,13858888.56,VCH0070506,2025-11
2025-09-18,1201,Inventory,JE0080507,Closing balance transfer,321902.78,0.0,8520642.86,VCH0070507,2025-09
2026-02-09,3001,Share Capital,JE0080508,Loan repayment instalment,0.0,480490.16,-9601446.27,VCH0070508,2026-02
2026-03-22,2301,Short-term Loans,JE0080509,Utility bills settled,0.0,268511.53,-14986558.77,VCH0070509,2026-03
2025-12-13,5101,Salary Expense,JE0080510,Depreciation charge,168714.85,0.0,14027603.41,VCH0070510,2025-12
2026-02-26,2301,Short-term Loans,JE0080511,Journal adjustment,0.0,483218.71,-15469777.48,VCH0070511,2026-02
2025-09-16,5401,Depreciation,JE0080512,Advance to vendor,437830.34,0.0,9232271.49,VCH0070512,2025-09
2025-06-17,3101,Retained Earnings,JE0080513,Utility bills settled,0.0,119274.74,-29286261.67,VCH0070513,2025-06
2026-01-08,4001,Sales Revenue,JE0080514,Bank charges,0.0,9317.65,-6031151.97,VCH0070514,2026-01
2026-02-01,5201,Rent Expense,JE0080515,Journal adjustment,151055.23,0.0,11075999.08,VCH0070515,2026-02
2026-03-01,1201,Inventory,JE0080516,Customer receipt posted,204687.69,0.0,8725330.55,VCH0070516,2026-03
2025-07-09,1201,Inventory,JE0080517,Suspense account transfer,2347450.79,0.0,11072781.34,VCH0070517,2025-07
2025-04-01,5101,Salary Expense,JE0080518,Undisclosed provision,1852623.56,0.0,15880226.97,VCH0070518,2025-04
2025-11-14,5501,Miscellaneous Expense,JE0080519,Rent payment for premises,316982.46,0.0,7125157.13,VCH0070519,2025-11
2025-12-07,5501,Miscellaneous Expense,JE0080520,Loan repayment instalment,360321.95,0.0,7485479.08,VCH0070520,2025-12
2025-09-11,4001,Sales Revenue,JE0080521,Customer receipt posted,0.0,286166.86,-6317318.83,VCH0070521,2025-09
2025-08-24,5201,Rent Expense,JE0080522,Receipt from customer,186745.22,0.0,11262744.3,VCH0070522,2025-08
2026-02-06,2101,GST Payable,JE0080523,Receipt from customer,0.0,1000000.0,-9435734.97,VCH0070523,2026-02
2025-09-26,5101,Salary Expense,JE0080524,Vendor payment processed,308079.45,0.0,16188306.42,VCH0070524,2025-09
2025-11-11,1201,Inventory,JE0080525,Receipt from customer,374977.48,0.0,11447758.82,VCH0070525,2025-11
2026-01-20,2301,Short-term Loans,JE0080526,Reversal entry,0.0,17205.06,-15486982.54,VCH0070526,2026-01
2025-12-27,2001,Accounts Payable,JE0080527,Rent payment for premises,0.0,156644.24,-12570636.75,VCH0070527,2025-12
2026-02-16,1201,Inventory,JE0080528,Loan repayment instalment,1198771.64,0.0,12646530.46,VCH0070528,2026-02
2025-11-04,5501,Miscellaneous Expense,JE0080529,Loan repayment instalment,222862.23,0.0,7708341.31,VCH0070529,2025-11
2025-12-06,5001,Purchases,JE0080530,Advance to vendor,499928.66,0.0,9619141.42,VCH0070530,2025-12
2026-01-30,5301,Utilities Expense,JE0080531,Journal adjustment,204055.85,0.0,11004856.14,VCH0070531,2026-01
2025-12-30,1301,Prepaid Expenses,JE0080532,Depreciation charge,269396.27,0.0,13773590.33,VCH0070532,2025-12
2025-09-24,2201,Salary Payable,JE0080533,Petty cash replenishment,0.0,410226.28,-12308920.61,VCH0070533,2025-09
2025-07-07,2301,Short-term Loans,JE0080534,Closing balance transfer,0.0,24040.61,-15511023.15,VCH0070534,2025-07
2026-02-09,3001,Share Capital,JE0080535,Receipt from customer,0.0,113742.14,-9715188.41,VCH0070535,2026-02
2025-12-02,3101,Retained Earnings,JE0080536,Bank charges,0.0,356277.61,-29642539.28,VCH0070536,2025-12
2025-12-23,2301,Short-term Loans,JE0080537,Petty cash replenishment,0.0,10000.0,-15521023.15,VCH0070537,2025-12
2025-11-20,1002,Bank – Current Account,JE0080538,Loan repayment instalment,500000.0,0.0,9107258.04,VCH0070538,2025-11
2025-10-04,5001,Purchases,JE0080539,Utility bills settled,280579.56,0.0,9899720.98,VCH0070539,2025-10
2025-06-29,5301,Utilities Expense,JE0080540,Professional fee payment,487167.56,0.0,11492023.7,VCH0070540,2025-06
2025-11-28,2201,Salary Payable,JE0080541,Depreciation charge,0.0,404984.17,-12713904.78,VCH0070541,2025-11
2025-06-12,1101,Accounts Receivable,JE0080542,Accrual entry,443234.8,0.0,19720682.42,VCH0070542,2025-06
2025-06-04,1101,Accounts Receivable,JE0080543,Utility bills settled,500000.0,0.0,20220682.42,VCH0070543,2025-06
2025-05-09,2001,Accounts Payable,JE0080544,GST payment to government,0.0,132295.12,-12702931.87,VCH0070544,2025-05
2025-05-13,4101,Other Income,JE0080545,Bank charges,0.0,461674.81,-12516690.99,VCH0070545,2025-05
2026-03-21,3101,Retained Earnings,JE0080546,Receipt from customer,0.0,1743779.01,-31386318.29,VCH0070546,2026-03
2025-08-14,5101,Salary Expense,JE0080547,Depreciation charge,314773.89,0.0,16503080.31,VCH0070547,2025-08
2025-07-02,2101,GST Payable,JE0080548,Professional fee payment,0.0,187704.95,-9623439.92,VCH0070548,2025-07
2025-05-27,1101,Accounts Receivable,JE0080549,Reversal entry,260625.57,0.0,20481307.99,VCH0070549,2025-05
2025-05-14,3101,Retained Earnings,JE0080550,Closing balance transfer,0.0,107307.67,-31493625.96,VCH0070550,2025-05
2025-06-13,3101,Retained Earnings,JE0080551,Reversal entry,0.0,29440.38,-31523066.34,VCH0070551,2025-06
2026-03-20,1201,Inventory,JE0080552,Closing balance transfer,296759.45,0.0,12943289.91,VCH0070552,2026-03
2025-05-22,3001,Share Capital,JE0080553,Depreciation charge,0.0,268760.39,-9983948.8,VCH0070553,2025-05
2025-06-24,1301,Prepaid Expenses,JE0080554,Correction entry – Finance Head,14436.7,0.0,13788027.03,VCH0070554,2025-06
2026-02-01,2101,GST Payable,JE0080555,Customer receipt posted,0.0,714922.06,-10338361.98,VCH0070555,2026-02
2026-01-03,2001,Accounts Payable,JE0080556,Intercompany settlement,0.0,103925.88,-12806857.75,VCH0070556,2026-01
2025-12-03,5301,Utilities Expense,JE0080557,Receipt from customer,439285.63,0.0,11931309.33,VCH0070557,2025-12
2025-04-24,5201,Rent Expense,JE0080558,Vendor payment processed,366291.13,0.0,11629035.43,VCH0070558,2025-04
2025-11-09,5201,Rent Expense,JE0080559,Reversal entry,54649.49,0.0,11683684.92,VCH0070559,2025-11
2026-02-04,1301,Prepaid Expenses,JE0080560,Undisclosed provision,186901.68,0.0,13974928.71,VCH0070560,2026-02
2026-02-20,1101,Accounts Receivable,JE0080561,Rent payment for premises,208309.97,0.0,20689617.96,VCH0070561,2026-02
2026-01-05,3001,Share Capital,JE0080562,Accrual entry,0.0,262014.53,-10245963.33,VCH0070562,2026-01
2025-05-23,3001,Share Capital,JE0080563,Bank charges,0.0,250751.43,-10496714.76,VCH0070563,2025-05
2025-10-16,2001,Accounts Payable,JE0080564,Professional fee payment,0.0,422552.84,-13229410.59,VCH0070564,2025-10
2025-11-06,5601,Professional Fees,JE0080565,Rent payment for premises,233900.46,0.0,11650815.78,VCH0070565,2025-11
2025-04-19,4101,Other Income,JE0080566,Loan repayment instalment,0.0,161789.19,-12678480.18,VCH0070566,2025-04
2025-08-07,4101,Other Income,JE0080567,Bank charges,0.0,398144.3,-13076624.48,VCH0070567,2025-08
2026-02-25,5201,Rent Expense,JE0080568,Miscellaneous expense claim,8225.17,0.0,11691910.09,VCH0070568,2026-02
2025-11-17,5601,Professional Fees,JE0080569,Customer receipt posted,500000.0,0.0,12150815.78,VCH0070569,2025-11
2026-01-19,5401,Depreciation,JE0080570,Intercompany settlement,949284.7,0.0,10181556.19,VCH0070570,2026-01
2025-11-23,1001,Cash,JE0080571,Correction entry – Finance Head,138997.37,0.0,10368180.52,VCH0070571,2025-11
2026-02-01,1101,Accounts Receivable,JE0080572,Receipt from customer,124859.63,0.0,20814477.59,VCH0070572,2026-02
2025-10-23,2001,Accounts Payable,JE0080573,Year-end rounding adjustment,0.0,4081506.39,-17310916.98,VCH0070573,2025-10
2026-03-29,5401,Depreciation,JE0080574,Closing balance transfer,250000.0,0.0,10431556.19,VCH0070574,2026-03
2025-04-06,5301,Utilities Expense,JE0080575,Interest income received,71211.49,0.0,12002520.82,VCH0070575,2025-04
2026-01-05,4001,Sales Revenue,JE0080576,Accrual entry,0.0,115779.81,-6433098.64,VCH0070576,2026-01
2025-10-27,1001,Cash,JE0080577,Closing balance transfer,50000.0,0.0,10418180.52,VCH0070577,2025-10
2025-05-14,3101,Retained Earnings,JE0080578,Professional fee payment,0.0,240268.98,-31763335.32,VCH0070578,2025-05
2026-03-20,2101,GST Payable,JE0080579,Rent payment for premises,0.0,353156.21,-10691518.19,VCH0070579,2026-03
2025-09-03,1101,Accounts Receivable,JE0080580,Monthly salary disbursement,24018.91,0.0,20838496.5,VCH0070580,2025-09
2025-07-06,2201,Salary Payable,JE0080581,Professional fee payment,0.0,43846.89,-12757751.67,VCH0070581,2025-07
2026-03-28,5501,Miscellaneous Expense,JE0080582,Bank charges,241354.42,0.0,7949695.73,VCH0070582,2026-03
2026-02-03,3101,Retained Earnings,JE0080583,Journal adjustment,0.0,227171.0,-31990506.32,VCH0070583,2026-02
2026-03-25,5201,Rent Expense,JE0080584,Customer receipt posted,13899.44,0.0,11705809.53,VCH0070584,2026-03
2025-04-30,5101,Salary Expense,JE0080585,Miscellaneous expense claim,446679.23,0.0,16949759.54,VCH0070585,2025-04
2025-09-16,1001,Cash,JE0080586,Intercompany settlement,47064.72,0.0,10465245.24,VCH0070586,2025-09
2026-02-19,2201,Salary Payable,JE0080587,Bank charges,0.0,315782.78,-13073534.45,VCH0070587,2026-02
2025-10-15,5101,Salary Expense,JE0080588,Rent payment for premises,279528.48,0.0,17229288.02,VCH0070588,2025-10
2025-11-21,4101,Other Income,JE0080589,Opening balance entry,0.0,232661.72,-13309286.2,VCH0070589,2025-11
2025-09-06,2201,Salary Payable,JE0080590,Undisclosed provision,0.0,1960688.31,-15034222.76,VCH0070590,2025-09
2025-07-31,5201,Rent Expense,JE0080591,Loan repayment instalment,22781.3,0.0,11728590.83,VCH0070591,2025-07
2025-09-18,5101,Salary Expense,JE0080592,Undisclosed provision,456248.24,0.0,17685536.26,VCH0070592,2025-09
2025-04-01,1201,Inventory,JE0080593,Depreciation charge,151446.24,0.0,13094736.15,VCH0070593,2025-04
2025-09-03,5501,Miscellaneous Expense,JE0080594,Closing balance transfer,350604.3,0.0,8300300.03,VCH0070594,2025-09
2026-01-03,1201,Inventory,JE0080595,Advance to vendor,46818.46,0.0,13141554.61,VCH0070595,2026-01
2025-08-27,3101,Retained Earnings,JE0080596,Customer receipt posted,0.0,81517.87,-32072024.19,VCH0070596,2025-08
2025-09-01,5501,Miscellaneous Expense,JE0080597,Intercompany settlement,4112358.25,0.0,12412658.28,VCH0070597,2025-09
2026-01-20,5201,Rent Expense,JE0080598,Receipt from customer,100000.0,0.0,11828590.83,VCH0070598,2026-01
2025-08-27,4001,Sales Revenue,JE0080599,Advance to vendor,0.0,336968.65,-6770067.29,VCH0070599,2025-08
2025-12-19,1301,Prepaid Expenses,JE0080600,Closing balance transfer,282854.56,0.0,14257783.27,VCH0070600,2025-12
2025-07-17,5501,Miscellaneous Expense,JE0080601,Professional fee payment,148373.62,0.0,12561031.9,VCH0070601,2025-07
2026-01-22,2101,GST Payable,JE0080602,Accrual entry,0.0,5703.05,-10697221.24,VCH0070602,2026-01
2025-09-26,5301,Utilities Expense,JE0080603,Vendor payment processed,370950.67,0.0,12373471.49,VCH0070603,2025-09
2026-01-31,5501,Miscellaneous Expense,JE0080604,Opening balance entry,91407.16,0.0,12652439.06,VCH0070604,2026-01
2025-10-27,1301,Prepaid Expenses,JE0080605,Journal adjustment,391002.99,0.0,14648786.26,VCH0070605,2025-10
2025-11-12,5101,Salary Expense,JE0080606,Closing balance transfer,445240.14,0.0,18130776.4,VCH0070606,2025-11
2026-01-17,2101,GST Payable,JE0080607,Opening balance entry,0.0,250000.0,-10947221.24,VCH0070607,2026-01
2025-11-26,5201,Rent Expense,JE0080608,Closing balance transfer,294835.15,0.0,12123425.98,VCH0070608,2025-11
2025-04-29,1101,Accounts Receivable,JE0080609,Loan repayment instalment,473203.07,0.0,21311699.57,VCH0070609,2025-04
2026-01-31,5401,Depreciation,JE0080610,GST payment to government,210011.77,0.0,10641567.96,VCH0070610,2026-01
2026-01-02,5001,Purchases,JE0080611,GST payment to government,483434.47,0.0,10383155.45,VCH0070611,2026-01
2025-07-08,2201,Salary Payable,JE0080612,Loan repayment instalment,0.0,342363.24,-15376586.0,VCH0070612,2025-07
2026-02-10,2101,GST Payable,JE0080613,Loan repayment instalment,0.0,294898.62,-11242119.86,VCH0070613,2026-02
2025-10-23,1001,Cash,JE0080614,Vendor payment processed,407290.47,0.0,10872535.71,VCH0070614,2025-10
2026-03-15,2201,Salary Payable,JE0080615,Receipt from customer,0.0,458606.56,-15835192.56,VCH0070615,2026-03
2025-07-07,1301,Prepaid Expenses,JE0080616,Reversal entry,170841.25,0.0,14819627.51,VCH0070616,2025-07
2026-02-01,1301,Prepaid Expenses,JE0080617,Utility bills settled,153107.53,0.0,14972735.04,VCH0070617,2026-02
2025-04-25,5201,Rent Expense,JE0080618,Receipt from customer,16986.63,0.0,12140412.61,VCH0070618,2025-04
2025-12-29,3001,Share Capital,JE0080619,One-time exceptional charge,0.0,2654944.08,-13151658.84,VCH0070619,2025-12
2026-02-18,5501,Miscellaneous Expense,JE0080620,Accrual entry,376845.0,0.0,13029284.06,VCH0070620,2026-02
2025-10-03,2001,Accounts Payable,JE0080621,Miscellaneous expense claim,0.0,175356.57,-17486273.55,VCH0070621,2025-10
2025-08-05,3101,Retained Earnings,JE0080622,Opening balance entry,0.0,100000.0,-32172024.19,VCH0070622,2025-08
2025-09-18,4001,Sales Revenue,JE0080623,Journal adjustment,0.0,400456.84,-7170524.13,VCH0070623,2025-09
2025-12-28,5401,Depreciation,JE0080624,Closing balance transfer,318952.05,0.0,10960520.01,VCH0070624,2025-12
2025-04-22,2001,Accounts Payable,JE0080625,Bank charges,0.0,114728.1,-17601001.65,VCH0070625,2025-04
2025-05-09,2201,Salary Payable,JE0080626,Customer receipt posted,0.0,458568.06,-16293760.62,VCH0070626,2025-05
2026-01-12,3101,Retained Earnings,JE0080627,Opening balance entry,0.0,200941.23,-32372965.42,VCH0070627,2026-01
2026-03-02,5401,Depreciation,JE0080628,Journal adjustment,1175134.55,0.0,12135654.56,VCH0070628,2026-03
2025-12-11,5301,Utilities Expense,JE0080629,Monthly salary disbursement,101889.85,0.0,12475361.34,VCH0070629,2025-12
2026-01-16,3001,Share Capital,JE0080630,Opening balance entry,0.0,181465.39,-13333124.23,VCH0070630,2026-01
2025-11-29,1201,Inventory,JE0080631,Bank charges,457898.88,0.0,13599453.49,VCH0070631,2025-11
2025-11-05,1201,Inventory,JE0080632,Petty cash replenishment,4666.81,0.0,13604120.3,VCH0070632,2025-11
2025-12-16,5401,Depreciation,JE0080633,Vendor payment processed,3811.31,0.0,12139465.87,VCH0070633,2025-12
2025-07-01,1002,Bank – Current Account,JE0080634,Miscellaneous expense claim,263771.99,0.0,9371030.03,VCH0070634,2025-07
2026-01-19,1001,Cash,JE0080635,Vendor payment processed,1394100.67,0.0,12266636.38,VCH0070635,2026-01
2025-10-02,5201,Rent Expense,JE0080636,Depreciation charge,149129.94,0.0,12289542.55,VCH0070636,2025-10
2025-12-12,5301,Utilities Expense,JE0080637,Monthly salary disbursement,309947.23,0.0,12785308.57,VCH0070637,2025-12
2025-10-30,4101,Other Income,JE0080638,Undisclosed provision,0.0,1092236.17,-14401522.37,VCH0070638,2025-10
2025-09-30,1201,Inventory,JE0080639,Receipt from customer,25000.0,0.0,13629120.3,VCH0070639,2025-09
2025-08-20,2301,Short-term Loans,JE0080640,Urgent adjustment – CEO approval,0.0,85819.69,-15606842.84,VCH0070640,2025-08
2025-04-29,4101,Other Income,JE0080641,Professional fee payment,0.0,240900.09,-14642422.46,VCH0070641,2025-04
2025-07-13,2101,GST Payable,JE0080642,Advance to vendor,0.0,7191.71,-11249311.57,VCH0070642,2025-07
2026-01-28,5401,Depreciation,JE0080643,Vendor payment processed,856003.23,0.0,12995469.1,VCH0070643,2026-01
2025-08-11,1101,Accounts Receivable,JE0080644,Interest income received,168118.71,0.0,21479818.28,VCH0070644,2025-08
2025-12-05,4101,Other Income,JE0080645,Reversal entry,0.0,38200.91,-14680623.37,VCH0070645,2025-12
2026-02-12,1201,Inventory,JE0080646,Vendor payment processed,317316.78,0.0,13946437.08,VCH0070646,2026-02
2025-11-08,5501,Miscellaneous Expense,JE0080647,Interest income received,100000.0,0.0,13129284.06,VCH0070647,2025-11
2026-02-11,1001,Cash,JE0080648,Monthly salary disbursement,64998.72,0.0,12331635.1,VCH0070648,2026-02
2026-01-13,1201,Inventory,JE0080649,Advance to vendor,77791.34,0.0,14024228.42,VCH0070649,2026-01
2026-01-15,1301,Prepaid Expenses,JE0080650,Vendor payment processed,225256.66,0.0,15197991.7,VCH0070650,2026-01
2025-12-01,2101,GST Payable,JE0080651,Accrual entry,0.0,292952.54,-11542264.11,VCH0070651,2025-12
2025-09-23,1201,Inventory,JE0080652,Advance to vendor,267995.36,0.0,14292223.78,VCH0070652,2025-09
2025-11-06,1101,Accounts Receivable,JE0080653,Interest income received,421237.77,0.0,21901056.05,VCH0070653,2025-11
2026-02-02,3001,Share Capital,JE0080654,Vendor payment processed,0.0,82854.4,-13415978.63,VCH0070654,2026-02
2025-09-02,5101,Salary Expense,JE0080655,Rent payment for premises,348147.58,0.0,18478923.98,VCH0070655,2025-09
2025-09-01,2001,Accounts Payable,JE0080656,Closing balance transfer,0.0,280863.56,-17881865.21,VCH0070656,2025-09
2025-10-15,2001,Accounts Payable,JE0080657,Interest income received,0.0,65577.88,-17947443.09,VCH0070657,2025-10
2025-07-31,5401,Depreciation,JE0080658,GST payment to government,346703.76,0.0,13342172.86,VCH0070658,2025-07
2025-07-30,5101,Salary Expense,JE0080659,Intercompany settlement,379982.61,0.0,18858906.59,VCH0070659,2025-07
2025-06-27,5201,Rent Expense,JE0080660,Depreciation charge,440993.32,0.0,12730535.87,VCH0070660,2025-06
2026-02-17,2101,GST Payable,JE0080661,Manual override – audit bypass,0.0,4475037.86,-16017301.97,VCH0070661,2026-02
2026-02-18,5601,Professional Fees,JE0080662,Rent payment for premises,787616.01,0.0,12938431.79,VCH0070662,2026-02
2025-07-24,3001,Share Capital,JE0080663,Customer receipt posted,0.0,447216.4,-13863195.03,VCH0070663,2025-07
2025-04-25,5501,Miscellaneous Expense,JE0080664,Loan repayment instalment,381568.15,0.0,13510852.21,VCH0070664,2025-04
2025-06-04,3001,Share Capital,JE0080665,Journal adjustment,0.0,50000.0,-13913195.03,VCH0070665,2025-06
2026-02-15,1002,Bank – Current Account,JE0080666,Customer receipt posted,15770.31,0.0,9386800.34,VCH0070666,2026-02
2025-05-04,5601,Professional Fees,JE0080667,Advance to vendor,209765.63,0.0,13148197.42,VCH0070667,2025-05
2025-06-05,5001,Purchases,JE0080668,GST payment to government,144347.94,0.0,10527503.39,VCH0070668,2025-06
2025-06-04,1301,Prepaid Expenses,JE0080669,Interest income received,183300.7,0.0,15381292.4,VCH0070669,2025-06
2025-10-29,2201,Salary Payable,JE0080670,Loan repayment instalment,0.0,391054.12,-16684814.74,VCH0070670,2025-10
2025-08-16,1101,Accounts Receivable,JE0080671,Customer receipt posted,461514.81,0.0,22362570.86,VCH0070671,2025-08
2025-11-25,1301,Prepaid Expenses,JE0080672,Rent payment for premises,121242.54,0.0,15502534.94,VCH0070672,2025-11
2025-10-20,2001,Accounts Payable,JE0080673,Monthly salary disbursement,0.0,155714.19,-18103157.28,VCH0070673,2025-10
2026-01-18,5001,Purchases,JE0080674,Urgent adjustment – CEO approval,4863462.88,0.0,15390966.27,VCH0070674,2026-01
2026-02-07,1301,Prepaid Expenses,JE0080675,Suspense account transfer,4087333.4,0.0,19589868.34,VCH0070675,2026-02
2025-11-16,2301,Short-term Loans,JE0080676,GST payment to government,0.0,400663.11,-16007505.95,VCH0070676,2025-11
2026-02-26,2201,Salary Payable,JE0080677,Interest income received,0.0,381105.93,-17065920.67,VCH0070677,2026-02
2025-12-01,5201,Rent Expense,JE0080678,Monthly salary disbursement,398726.56,0.0,13129262.43,VCH0070678,2025-12
2025-04-11,5601,Professional Fees,JE0080679,GST payment to government,394927.14,0.0,13543124.56,VCH0070679,2025-04
2025-09-02,2001,Accounts Payable,JE0080680,Loan repayment instalment,0.0,232754.17,-18335911.45,VCH0070680,2025-09
2025-07-13,1002,Bank – Current Account,JE0080681,Bank charges,72053.14,0.0,9458853.48,VCH0070681,2025-07
2025-11-08,1002,Bank – Current Account,JE0080682,Closing balance transfer,150656.69,0.0,9609510.17,VCH0070682,2025-11
2025-09-02,3001,Share Capital,JE0080683,Accrual entry,0.0,73251.67,-13986446.7,VCH0070683,2025-09
2025-09-10,3101,Retained Earnings,JE0080684,Customer receipt posted,0.0,130273.9,-32503239.32,VCH0070684,2025-09
2026-01-16,2201,Salary Payable,JE0080685,Journal adjustment,0.0,861049.47,-17926970.14,VCH0070685,2026-01
2025-11-08,1002,Bank – Current Account,JE0080686,Advance to vendor,221715.88,0.0,9831226.05,VCH0070686,2025-11
2025-07-25,5501,Miscellaneous Expense,JE0080687,Miscellaneous expense claim,311175.42,0.0,13822027.63,VCH0070687,2025-07
2026-01-26,4101,Other Income,JE0080688,Professional fee payment,0.0,10102.75,-14690726.12,VCH0070688,2026-01
2025-07-03,5501,Miscellaneous Expense,JE0080689,Advance to vendor,395696.67,0.0,14217724.3,VCH0070689,2025-07
2026-03-22,5401,Depreciation,JE0080690,Closing balance transfer,111604.83,0.0,13453777.69,VCH0070690,2026-03
2025-08-05,2201,Salary Payable,JE0080691,Journal adjustment,0.0,10000.0,-17936970.14,VCH0070691,2025-08
2026-02-17,2201,Salary Payable,JE0080692,Petty cash replenishment,0.0,449124.03,-18386094.17,VCH0070692,2026-02
2025-09-06,5001,Purchases,JE0080693,GST payment to government,51184.7,0.0,15442150.97,VCH0070693,2025-09
2025-04-12,2301,Short-term Loans,JE0080694,One-time exceptional charge,0.0,316953.75,-16324459.7,VCH0070694,2025-04
2025-06-20,5101,Salary Expense,JE0080695,Loan repayment instalment,27954.88,0.0,18886861.47,VCH0070695,2025-06
2025-10-22,1101,Accounts Receivable,JE0080696,Loan repayment instalment,24574.78,0.0,22387145.64,VCH0070696,2025-10
2025-12-06,1001,Cash,JE0080697,Advance to vendor,354496.54,0.0,12686131.64,VCH0070697,2025-12
2026-01-26,1002,Bank – Current Account,JE0080698,Manual override – audit bypass,478033.08,0.0,10309259.13,VCH0070698,2026-01
2025-06-17,2301,Short-term Loans,JE0080699,Miscellaneous expense claim,0.0,76580.15,-16401039.85,VCH0070699,2025-06
2026-01-29,1101,Accounts Receivable,JE0080700,GST payment to government,250000.0,0.0,22637145.64,VCH0070700,2026-01
2025-06-07,1101,Accounts Receivable,JE0080701,Accrual entry,160710.58,0.0,22797856.22,VCH0070701,2025-06
2025-12-21,5201,Rent Expense,JE0080702,Monthly salary disbursement,38146.17,0.0,13167408.6,VCH0070702,2025-12
2025-04-11,4001,Sales Revenue,JE0080703,Loan repayment instalment,0.0,174973.61,-7345497.74,VCH0070703,2025-04
2025-08-09,5601,Professional Fees,JE0080704,Monthly salary disbursement,465834.5,0.0,14008959.06,VCH0070704,2025-08
2025-05-27,5201,Rent Expense,JE0080705,Journal adjustment,166924.19,0.0,13334332.79,VCH0070705,2025-05
2025-06-02,5201,Rent Expense,JE0080706,Receipt from customer,447121.17,0.0,13781453.96,VCH0070706,2025-06
2025-12-20,2001,Accounts Payable,JE0080707,Utility bills settled,0.0,316085.91,-18651997.36,VCH0070707,2025-12
2025-11-07,1001,Cash,JE0080708,Opening balance entry,60602.14,0.0,12746733.78,VCH0070708,2025-11
2026-03-10,1101,Accounts Receivable,JE0080709,Reversal entry,334972.6,0.0,23132828.82,VCH0070709,2026-03
2025-07-31,5001,Purchases,JE0080710,Vendor payment processed,158313.4,0.0,15600464.37,VCH0070710,2025-07
2025-05-08,5001,Purchases,JE0080711,Miscellaneous expense claim,156674.1,0.0,15757138.47,VCH0070711,2025-05
2026-01-13,5601,Professional Fees,JE0080712,Accrual entry,329935.47,0.0,14338894.53,VCH0070712,2026-01
2026-01-30,5001,Purchases,JE0080713,Monthly salary disbursement,222973.59,0.0,15980112.06,VCH0070713,2026-01
2026-01-04,5001,Purchases,JE0080714,Accrual entry,1834517.42,0.0,17814629.48,VCH0070714,2026-01
2025-04-20,5501,Miscellaneous Expense,JE0080715,Monthly salary disbursement,55097.49,0.0,14272821.79,VCH0070715,2025-04
2025-05-20,5001,Purchases,JE0080716,Petty cash replenishment,424864.77,0.0,18239494.25,VCH0070716,2025-05
2026-01-30,5401,Depreciation,JE0080717,Customer receipt posted,25000.0,0.0,13478777.69,VCH0070717,2026-01
2025-10-15,1201,Inventory,JE0080718,Correction entry – Finance Head,469166.21,0.0,14761389.99,VCH0070718,2025-10
2025-12-27,1101,Accounts Receivable,JE0080719,One-time exceptional charge,4177850.96,0.0,27310679.78,VCH0070719,2025-12
2025-09-27,1002,Bank – Current Account,JE0080720,Bank charges,314041.4,0.0,10623300.53,VCH0070720,2025-09
2025-12-31,5401,Depreciation,JE0080721,Receipt from customer,379452.38,0.0,13858230.07,VCH0070721,2025-12
2025-12-02,1001,Cash,JE0080722,Journal adjustment,25000.0,0.0,12771733.78,VCH0070722,2025-12
2025-05-28,5401,Depreciation,JE0080723,Miscellaneous expense claim,336778.17,0.0,14195008.24,VCH0070723,2025-05
2025-11-21,2101,GST Payable,JE0080724,Opening balance entry,0.0,105783.78,-16123085.75,VCH0070724,2025-11
2026-03-10,1001,Cash,JE0080725,Receipt from customer,521695.7,0.0,13293429.48,VCH0070725,2026-03
2026-02-01,5301,Utilities Expense,JE0080726,Bank charges,292202.15,0.0,13077510.72,VCH0070726,2026-02
2025-09-25,2301,Short-term Loans,JE0080727,Interest income received,0.0,488482.77,-16889522.62,VCH0070727,2025-09
2025-05-11,5101,Salary Expense,JE0080728,Journal adjustment,130476.05,0.0,19017337.52,VCH0070728,2025-05
2025-10-12,5001,Purchases,JE0080729,Opening balance entry,263664.17,0.0,18503158.42,VCH0070729,2025-10
2025-09-20,5401,Depreciation,JE0080730,Rent payment for premises,381549.31,0.0,14576557.55,VCH0070730,2025-09
2025-11-07,4001,Sales Revenue,JE0080731,Interest income received,0.0,23194.19,-7368691.93,VCH0070731,2025-11
2025-07-16,4101,Other Income,JE0080732,Loan repayment instalment,0.0,498457.78,-15189183.9,VCH0070732,2025-07
2026-02-15,1002,Bank – Current Account,JE0080733,Petty cash replenishment,328082.64,0.0,10951383.17,VCH0070733,2026-02
2025-06-08,1002,Bank – Current Account,JE0080734,Accrual entry,50000.0,0.0,11001383.17,VCH0070734,2025-06
2025-08-01,2101,GST Payable,JE0080735,Journal adjustment,0.0,385379.92,-16508465.67,VCH0070735,2025-08
2026-03-13,1001,Cash,JE0080736,Receipt from customer,100431.4,0.0,13393860.88,VCH0070736,2026-03
2025-05-26,5201,Rent Expense,JE0080737,GST payment to government,296155.38,0.0,14077609.34,VCH0070737,2025-05
2025-12-03,5401,Depreciation,JE0080738,Urgent adjustment – CEO approval,3529839.64,0.0,18106397.19,VCH0070738,2025-12
2025-10-09,1301,Prepaid Expenses,JE0080739,Miscellaneous expense claim,1000000.0,0.0,20589868.34,VCH0070739,2025-10
2025-09-23,1002,Bank – Current Account,JE0080740,Customer receipt posted,148245.81,0.0,11149628.98,VCH0070740,2025-09
2026-03-07,1002,Bank – Current Account,JE0080741,Reversal entry,282010.83,0.0,11431639.81,VCH0070741,2026-03
2026-02-18,4101,Other Income,JE0080742,Undisclosed provision,0.0,229394.7,-15418578.6,VCH0070742,2026-02
2025-07-19,4101,Other Income,JE0080743,Petty cash replenishment,0.0,10000.0,-15428578.6,VCH0070743,2025-07
2025-08-06,3001,Share Capital,JE0080744,Customer receipt posted,0.0,263312.88,-14249759.58,VCH0070744,2025-08
2025-08-28,1101,Accounts Receivable,JE0080745,GST payment to government,112089.11,0.0,27422768.89,VCH0070745,2025-08
2025-04-10,2201,Salary Payable,JE0080746,Depreciation charge,0.0,246113.44,-18632207.61,VCH0070746,2025-04
2026-02-24,5501,Miscellaneous Expense,JE0080747,Depreciation charge,206681.9,0.0,14479503.69,VCH0070747,2026-02
2025-12-19,1301,Prepaid Expenses,JE0080748,Petty cash replenishment,309789.02,0.0,20899657.36,VCH0070748,2025-12
2025-10-11,5601,Professional Fees,JE0080749,Professional fee payment,78802.74,0.0,14417697.27,VCH0070749,2025-10
2026-02-18,3101,Retained Earnings,JE0080750,Vendor payment processed,0.0,202408.11,-32705647.43,VCH0070750,2026-02
2025-06-06,1002,Bank – Current Account,JE0080751,Miscellaneous expense claim,112615.15,0.0,11544254.96,VCH0070751,2025-06
2025-11-18,5101,Salary Expense,JE0080752,Rent payment for premises,426631.19,0.0,19443968.71,VCH0070752,2025-11
2026-01-14,5301,Utilities Expense,JE0080753,Manual override – audit bypass,3814604.77,0.0,16892115.49,VCH0070753,2026-01
2025-12-16,2001,Accounts Payable,JE0080754,Vendor payment processed,0.0,441339.56,-19093336.92,VCH0070754,2025-12
2025-04-23,5001,Purchases,JE0080755,Correction entry – Finance Head,354964.12,0.0,18858122.54,VCH0070755,2025-04
2025-12-06,1301,Prepaid Expenses,JE0080756,Miscellaneous expense claim,263838.6,0.0,21163495.96,VCH0070756,2025-12
2025-04-18,5601,Professional Fees,JE0080757,Receipt from customer,292059.76,0.0,14709757.03,VCH0070757,2025-04
2025-09-15,1101,Accounts Receivable,JE0080758,Receipt from customer,70697.27,0.0,27493466.16,VCH0070758,2025-09
2025-08-23,5401,Depreciation,JE0080759,Utility bills settled,151721.69,0.0,18258118.88,VCH0070759,2025-08
2025-06-16,5401,Depreciation,JE0080760,Intercompany settlement,1629779.48,0.0,19887898.36,VCH0070760,2025-06
2025-11-23,2201,Salary Payable,JE0080761,Monthly salary disbursement,0.0,117735.38,-18749942.99,VCH0070761,2025-11
2025-05-08,2201,Salary Payable,JE0080762,Rent payment for premises,0.0,418880.28,-19168823.27,VCH0070762,2025-05
2025-10-12,1301,Prepaid Expenses,JE0080763,Bank charges,339680.46,0.0,21503176.42,VCH0070763,2025-10
2025-06-02,2301,Short-term Loans,JE0080764,Loan repayment instalment,0.0,302339.25,-17191861.87,VCH0070764,2025-06
2025-05-14,4101,Other Income,JE0080765,Depreciation charge,0.0,10000.0,-15438578.6,VCH0070765,2025-05
2026-01-16,5301,Utilities Expense,JE0080766,Rent payment for premises,1000000.0,0.0,17892115.49,VCH0070766,2026-01
2025-06-04,5601,Professional Fees,JE0080767,Receipt from customer,366952.03,0.0,15076709.06,VCH0070767,2025-06
2025-09-03,1301,Prepaid Expenses,JE0080768,Opening balance entry,363277.41,0.0,21866453.83,VCH0070768,2025-09
2026-01-09,3001,Share Capital,JE0080769,Loan repayment instalment,0.0,1940762.54,-16190522.12,VCH0070769,2026-01
2025-07-11,1101,Accounts Receivable,JE0080770,Accrual entry,377931.44,0.0,27871397.6,VCH0070770,2025-07
2026-02-19,5401,Depreciation,JE0080771,Vendor payment processed,52232.56,0.0,19940130.92,VCH0070771,2026-02
2026-02-10,2001,Accounts Payable,JE0080772,Closing balance transfer,0.0,1308743.68,-20402080.6,VCH0070772,2026-02
2025-09-07,3001,Share Capital,JE0080773,Accrual entry,0.0,225492.75,-16416014.87,VCH0070773,2025-09
2025-08-19,5501,Miscellaneous Expense,JE0080774,Receipt from customer,396296.26,0.0,14875799.95,VCH0070774,2025-08
2025-11-21,5301,Utilities Expense,JE0080775,Monthly salary disbursement,263520.26,0.0,18155635.75,VCH0070775,2025-11
2025-09-29,2301,Short-term Loans,JE0080776,Receipt from customer,0.0,381582.27,-17573444.14,VCH0070776,2025-09
2025-06-18,1301,Prepaid Expenses,JE0080777,Journal adjustment,229133.46,0.0,22095587.29,VCH0070777,2025-06
2025-11-19,1002,Bank – Current Account,JE0080778,Vendor payment processed,362959.13,0.0,11907214.09,VCH0070778,2025-11
2025-08-14,5101,Salary Expense,JE0080779,Bank charges,129506.48,0.0,19573475.19,VCH0070779,2025-08
2025-04-02,5101,Salary Expense,JE0080780,Loan repayment instalment,302332.17,0.0,19875807.36,VCH0070780,2025-04
2025-10-19,2201,Salary Payable,JE0080781,Interest income received,0.0,374023.09,-19542846.36,VCH0070781,2025-10
2025-09-01,4101,Other Income,JE0080782,Receipt from customer,0.0,35868.78,-15474447.38,VCH0070782,2025-09
2025-11-17,5001,Purchases,JE0080783,Monthly salary disbursement,175621.15,0.0,19033743.69,VCH0070783,2025-11
2025-09-26,1002,Bank – Current Account,JE0080784,Receipt from customer,244710.76,0.0,12151924.85,VCH0070784,2025-09
2025-05-12,1002,Bank – Current Account,JE0080785,Reversal entry,13867.73,0.0,12165792.58,VCH0070785,2025-05
2025-08-30,3101,Retained Earnings,JE0080786,Rent payment for premises,0.0,203798.35,-32909445.78,VCH0070786,2025-08
2025-04-20,4101,Other Income,JE0080787,Miscellaneous expense claim,0.0,194554.46,-15669001.84,VCH0070787,2025-04
2025-12-23,3001,Share Capital,JE0080788,Manual override – audit bypass,0.0,200302.85,-16616317.72,VCH0070788,2025-12
2025-08-08,5301,Utilities Expense,JE0080789,Undisclosed provision,2825440.22,0.0,20981075.97,VCH0070789,2025-08
2025-10-25,2201,Salary Payable,JE0080790,Vendor payment processed,0.0,404157.75,-19947004.11,VCH0070790,2025-10
2025-11-26,5101,Salary Expense,JE0080791,Monthly salary disbursement,2462.4,0.0,19878269.76,VCH0070791,2025-11
2026-03-01,2201,Salary Payable,JE0080792,Bank charges,0.0,240495.51,-20187499.62,VCH0070792,2026-03
2025-04-19,2101,GST Payable,JE0080793,Rent payment for premises,0.0,222353.53,-16730819.2,VCH0070793,2025-04
2025-11-13,1101,Accounts Receivable,JE0080794,Opening balance entry,53755.24,0.0,27925152.84,VCH0070794,2025-11
2025-04-13,5601,Professional Fees,JE0080795,Monthly salary disbursement,85525.49,0.0,15162234.55,VCH0070795,2025-04
2025-09-19,4001,Sales Revenue,JE0080796,Bank charges,0.0,1000000.0,-8368691.93,VCH0070796,2025-09
2026-01-30,2201,Salary Payable,JE0080797,Accrual entry,0.0,1364608.33,-21552107.95,VCH0070797,2026-01
2026-03-26,5001,Purchases,JE0080798,Advance to vendor,462846.08,0.0,19496589.77,VCH0070798,2026-03
2025-12-02,1201,Inventory,JE0080799,Vendor payment processed,388189.39,0.0,15149579.38,VCH0070799,2025-12
2025-08-03,4001,Sales Revenue,JE0080800,Customer receipt posted,0.0,453482.32,-8822174.25,VCH0070800,2025-08
2026-01-24,5501,Miscellaneous Expense,JE0080801,Receipt from customer,90466.1,0.0,14966266.05,VCH0070801,2026-01
2025-05-28,4101,Other Income,JE0080802,Interest income received,0.0,478643.81,-16147645.65,VCH0070802,2025-05
2025-07-30,5101,Salary Expense,JE0080803,Closing balance transfer,52330.95,0.0,19930600.71,VCH0070803,2025-07
2025-11-05,3001,Share Capital,JE0080804,Utility bills settled,0.0,347388.06,-16963705.78,VCH0070804,2025-11
2025-07-10,1301,Prepaid Expenses,JE0080805,Reversal entry,396493.53,0.0,22492080.82,VCH0070805,2025-07
2025-09-16,4101,Other Income,JE0080806,Loan repayment instalment,0.0,484889.58,-16632535.23,VCH0070806,2025-09
2026-03-04,5201,Rent Expense,JE0080807,Reversal entry,406129.02,0.0,14483738.36,VCH0070807,2026-03
2026-03-26,2301,Short-term Loans,JE0080808,Loan repayment instalment,0.0,39581.32,-17613025.46,VCH0070808,2026-03
2026-02-06,5201,Rent Expense,JE0080809,Closing balance transfer,100000.0,0.0,14583738.36,VCH0070809,2026-02
2025-10-04,4001,Sales Revenue,JE0080810,Rent payment for premises,0.0,279827.92,-9102002.17,VCH0070810,2025-10
2025-11-23,3101,Retained Earnings,JE0080811,Rent payment for premises,0.0,303958.71,-33213404.49,VCH0070811,2025-11
2025-09-21,1301,Prepaid Expenses,JE0080812,Bank charges,12736.56,0.0,22504817.38,VCH0070812,2025-09
2025-08-13,4001,Sales Revenue,JE0080813,Receipt from customer,0.0,196875.89,-9298878.06,VCH0070813,2025-08
2026-03-22,5401,Depreciation,JE0080814,Vendor payment processed,298187.07,0.0,20238317.99,VCH0070814,2026-03
2025-10-02,3101,Retained Earnings,JE0080815,Loan repayment instalment,0.0,243255.81,-33456660.3,VCH0070815,2025-10
2026-03-05,2301,Short-term Loans,JE0080816,Rent payment for premises,0.0,66593.98,-17679619.44,VCH0070816,2026-03
2026-01-24,4101,Other Income,JE0080817,Advance to vendor,0.0,482456.93,-17114992.16,VCH0070817,2026-01
2025-09-16,1002,Bank – Current Account,JE0080818,GST payment to government,12414.86,0.0,12178207.44,VCH0070818,2025-09
2026-03-08,1002,Bank – Current Account,JE0080819,Rent payment for premises,40562.08,0.0,12218769.52,VCH0070819,2026-03
2025-05-13,1002,Bank – Current Account,JE0080820,Opening balance entry,409079.14,0.0,12627848.66,VCH0070820,2025-05
2025-11-22,5501,Miscellaneous Expense,JE0080821,Depreciation charge,96666.96,0.0,15062933.01,VCH0070821,2025-11
2026-02-15,5601,Professional Fees,JE0080822,Utility bills settled,257377.87,0.0,15419612.42,VCH0070822,2026-02
2025-04-25,1001,Cash,JE0080823,Reversal entry,336456.68,0.0,13730317.56,VCH0070823,2025-04
2025-12-28,2101,GST Payable,JE0080824,Receipt from customer,0.0,426920.37,-17157739.57,VCH0070824,2025-12
2025-10-25,5401,Depreciation,JE0080825,Petty cash replenishment,239296.62,0.0,20477614.61,VCH0070825,2025-10
2025-05-02,1101,Accounts Receivable,JE0080826,Depreciation charge,132216.18,0.0,28057369.02,VCH0070826,2025-05
2026-02-16,5101,Salary Expense,JE0080827,Opening balance entry,122883.51,0.0,20053484.22,VCH0070827,2026-02
2025-05-06,5001,Purchases,JE0080828,Utility bills settled,303151.25,0.0,19799741.02,VCH0070828,2025-05
2025-06-09,5401,Depreciation,JE0080829,Vendor payment processed,439453.83,0.0,20917068.44,VCH0070829,2025-06
2025-12-26,1101,Accounts Receivable,JE0080830,Receipt from customer,363753.9,0.0,28421122.92,VCH0070830,2025-12
2025-05-03,4101,Other Income,JE0080831,Loan repayment instalment,0.0,319218.46,-17434210.62,VCH0070831,2025-05
2025-08-13,5001,Purchases,JE0080832,Opening balance entry,382406.24,0.0,20182147.26,VCH0070832,2025-08
2026-03-22,3101,Retained Earnings,JE0080833,Monthly salary disbursement,0.0,1258029.49,-34714689.79,VCH0070833,2026-03
2025-08-19,5001,Purchases,JE0080834,Loan repayment instalment,7967.79,0.0,20190115.05,VCH0070834,2025-08
2026-03-08,5501,Miscellaneous Expense,JE0080835,Bank charges,34326.04,0.0,15097259.05,VCH0070835,2026-03
2025-09-23,2001,Accounts Payable,JE0080836,Reversal entry,0.0,70386.04,-20472466.64,VCH0070836,2025-09
2025-11-19,4101,Other Income,JE0080837,GST payment to government,0.0,455798.91,-17890009.53,VCH0070837,2025-11
2025-11-23,2201,Salary Payable,JE0080838,Interest income received,0.0,291795.09,-21843903.04,VCH0070838,2025-11
2025-07-05,2001,Accounts Payable,JE0080839,Interest income received,0.0,156854.15,-20629320.79,VCH0070839,2025-07
2025-09-02,2301,Short-term Loans,JE0080840,Depreciation charge,0.0,342055.17,-18021674.61,VCH0070840,2025-09
2026-03-27,5001,Purchases,JE0080841,Opening balance entry,364958.19,0.0,20555073.24,VCH0070841,2026-03
2025-09-06,1101,Accounts Receivable,JE0080842,Loan repayment instalment,1000000.0,0.0,29421122.92,VCH0070842,2025-09
2025-04-13,2301,Short-term Loans,JE0080843,Accrual entry,0.0,302697.4,-18324372.01,VCH0070843,2025-04
2025-12-02,5201,Rent Expense,JE0080844,Professional fee payment,43043.86,0.0,14626782.22,VCH0070844,2025-12
2026-03-12,5601,Professional Fees,JE0080845,Customer receipt posted,330133.07,0.0,15749745.49,VCH0070845,2026-03
2026-03-24,4101,Other Income,JE0080846,Journal adjustment,0.0,444444.57,-18334454.1,VCH0070846,2026-03
2025-04-27,5601,Professional Fees,JE0080847,Advance to vendor,86279.35,0.0,15836024.84,VCH0070847,2025-04
2025-04-09,1301,Prepaid Expenses,JE0080848,Depreciation charge,356763.03,0.0,22861580.41,VCH0070848,2025-04
2025-05-30,2001,Accounts Payable,JE0080849,Receipt from customer,0.0,206521.92,-20835842.71,VCH0070849,2025-05
2025-06-14,2101,GST Payable,JE0080850,Accrual entry,0.0,95535.77,-17253275.34,VCH0070850,2025-06
2025-06-29,1001,Cash,JE0080851,Advance to vendor,311433.14,0.0,14041750.7,VCH0070851,2025-06
2025-12-07,5501,Miscellaneous Expense,JE0080852,Loan repayment instalment,234469.35,0.0,15331728.4,VCH0070852,2025-12
2026-02-15,5601,Professional Fees,JE0080853,Bank charges,1955817.17,0.0,17791842.01,VCH0070853,2026-02
2026-01-14,1101,Accounts Receivable,JE0080854,Utility bills settled,480854.4,0.0,29901977.32,VCH0070854,2026-01
2026-03-16,2301,Short-term Loans,JE0080855,Monthly salary disbursement,0.0,43126.53,-18367498.54,VCH0070855,2026-03
2025-11-20,4101,Other Income,JE0080856,Accrual entry,0.0,6418.8,-18340872.9,VCH0070856,2025-11
2025-11-07,5101,Salary Expense,JE0080857,Year-end rounding adjustment,52484.44,0.0,20105968.66,VCH0070857,2025-11
2025-07-15,2001,Accounts Payable,JE0080858,Vendor payment processed,0.0,104393.14,-20940235.85,VCH0070858,2025-07
2025-04-17,2201,Salary Payable,JE0080859,Year-end rounding adjustment,0.0,371686.15,-22215589.19,VCH0070859,2025-04
2025-06-11,5401,Depreciation,JE0080860,Suspense account transfer,2800743.62,0.0,23717812.06,VCH0070860,2025-06
2025-11-28,1002,Bank – Current Account,JE0080861,Accrual entry,341634.48,0.0,12969483.14,VCH0070861,2025-11
2026-02-20,2001,Accounts Payable,JE0080862,Opening balance entry,0.0,220967.69,-21161203.54,VCH0070862,2026-02
2026-01-04,3001,Share Capital,JE0080863,GST payment to government,0.0,174793.39,-17138499.17,VCH0070863,2026-01
2025-05-03,1001,Cash,JE0080864,Vendor payment processed,308782.77,0.0,14350533.47,VCH0070864,2025-05
2025-11-27,5401,Depreciation,JE0080865,Monthly salary disbursement,127065.46,0.0,23844877.52,VCH0070865,2025-11
2025-12-07,2001,Accounts Payable,JE0080866,Opening balance entry,0.0,306729.46,-21467933.0,VCH0070866,2025-12
2025-09-15,4101,Other Income,JE0080867,Interest income received,0.0,33578.09,-18374450.99,VCH0070867,2025-09
2025-09-17,4001,Sales Revenue,JE0080868,Vendor payment processed,0.0,46141.52,-9345019.58,VCH0070868,2025-09
2025-04-17,1101,Accounts Receivable,JE0080869,Interest income received,256877.15,0.0,30158854.47,VCH0070869,2025-04
2026-03-30,2301,Short-term Loans,JE0080870,Opening balance entry,0.0,64884.53,-18432383.07,VCH0070870,2026-03
2025-07-17,1001,Cash,JE0080871,Vendor payment processed,100000.0,0.0,14450533.47,VCH0070871,2025-07
2025-09-12,2201,Salary Payable,JE0080872,Accrual entry,0.0,19624.02,-22235213.21,VCH0070872,2025-09
2026-03-29,2301,Short-term Loans,JE0080873,Depreciation charge,0.0,370456.41,-18802839.48,VCH0070873,2026-03
2026-01-20,2101,GST Payable,JE0080874,Opening balance entry,0.0,57806.65,-17311081.99,VCH0070874,2026-01
2025-04-16,5401,Depreciation,JE0080875,Rent payment for premises,432302.17,0.0,24277179.69,VCH0070875,2025-04
2025-06-03,2201,Salary Payable,JE0080876,Opening balance entry,0.0,211302.42,-22446515.63,VCH0070876,2025-06
2025-11-28,5401,Depreciation,JE0080877,Miscellaneous expense claim,363578.19,0.0,24640757.88,VCH0070877,2025-11
2025-08-09,1001,Cash,JE0080878,Depreciation charge,187221.25,0.0,14637754.72,VCH0070878,2025-08
2025-11-10,1201,Inventory,JE0080879,Bank charges,195786.37,0.0,15345365.75,VCH0070879,2025-11
2025-08-26,5401,Depreciation,JE0080880,Professional fee payment,145429.86,0.0,24786187.74,VCH0070880,2025-08
2026-03-02,3101,Retained Earnings,JE0080881,Opening balance entry,0.0,47944.35,-34762634.14,VCH0070881,2026-03
2025-12-21,2001,Accounts Payable,JE0080882,Year-end rounding adjustment,0.0,2294.67,-21470227.67,VCH0070882,2025-12
2025-09-10,1001,Cash,JE0080883,Intercompany settlement,4181523.69,0.0,18819278.41,VCH0070883,2025-09
2025-06-02,2101,GST Payable,JE0080884,GST payment to government,0.0,165283.15,-17476365.14,VCH0070884,2025-06
2026-03-24,2001,Accounts Payable,JE0080885,GST payment to government,0.0,122648.85,-21592876.52,VCH0070885,2026-03
2025-04-25,5401,Depreciation,JE0080886,Reversal entry,162526.41,0.0,24948714.15,VCH0070886,2025-04
2026-02-20,5101,Salary Expense,JE0080887,Advance to vendor,152428.25,0.0,20258396.91,VCH0070887,2026-02
2025-12-11,3001,Share Capital,JE0080888,GST payment to government,0.0,497531.71,-17636030.88,VCH0070888,2025-12
2026-01-31,2101,GST Payable,JE0080889,Rent payment for premises,0.0,182384.14,-17658749.28,VCH0070889,2026-01
2025-06-21,3101,Retained Earnings,JE0080890,Professional fee payment,0.0,408627.14,-35171261.28,VCH0070890,2025-06
2025-11-24,2001,Accounts Payable,JE0080891,Reversal entry,0.0,222938.03,-21815814.55,VCH0070891,2025-11
2025-04-21,4101,Other Income,JE0080892,Closing balance transfer,0.0,110914.01,-18485365.0,VCH0070892,2025-04
2025-04-11,2201,Salary Payable,JE0080893,Advance to vendor,0.0,50000.0,-22496515.63,VCH0070893,2025-04
2025-04-04,5301,Utilities Expense,JE0080894,Bank charges,353495.98,0.0,21334571.95,VCH0070894,2025-04
2025-11-08,5401,Depreciation,JE0080895,Miscellaneous expense claim,34169.78,0.0,24982883.93,VCH0070895,2025-11
2025-10-06,2201,Salary Payable,JE0080896,Professional fee payment,0.0,478660.53,-22975176.16,VCH0070896,2025-10
2026-01-31,4001,Sales Revenue,JE0080897,Customer receipt posted,0.0,439701.17,-9784720.75,VCH0070897,2026-01
2026-01-14,4001,Sales Revenue,JE0080898,Professional fee payment,0.0,203679.2,-9988399.95,VCH0070898,2026-01
2025-05-16,5601,Professional Fees,JE0080899,Petty cash replenishment,53933.89,0.0,17845775.9,VCH0070899,2025-05
2025-07-24,5401,Depreciation,JE0080900,Miscellaneous expense claim,9651.56,0.0,24992535.49,VCH0070900,2025-07
2025-11-13,1301,Prepaid Expenses,JE0080901,One-time exceptional charge,437087.52,0.0,23298667.93,VCH0070901,2025-11
2025-05-15,1201,Inventory,JE0080902,Vendor payment processed,498661.51,0.0,15844027.26,VCH0070902,2025-05
2025-12-28,4001,Sales Revenue,JE0080903,Customer receipt posted,0.0,285434.85,-10273834.8,VCH0070903,2025-12
2026-03-04,4001,Sales Revenue,JE0080904,GST payment to government,0.0,464219.07,-10738053.87,VCH0070904,2026-03
2026-02-18,2101,GST Payable,JE0080905,Interest income received,0.0,1447707.83,-19106457.11,VCH0070905,2026-02
2025-12-20,1001,Cash,JE0080906,Closing balance transfer,98280.89,0.0,18917559.3,VCH0070906,2025-12
2026-03-10,1301,Prepaid Expenses,JE0080907,Bank charges,250000.0,0.0,23548667.93,VCH0070907,2026-03
2026-03-29,1001,Cash,JE0080908,Journal adjustment,1977939.69,0.0,20895498.99,VCH0070908,2026-03
2025-08-05,1201,Inventory,JE0080909,Bank charges,500000.0,0.0,16344027.26,VCH0070909,2025-08
2026-01-30,5501,Miscellaneous Expense,JE0080910,Correction entry – Finance Head,63759.59,0.0,15395487.99,VCH0070910,2026-01
2025-04-25,4101,Other Income,JE0080911,Suspense account transfer,0.0,4605644.02,-23091009.02,VCH0070911,2025-04
2025-12-22,5401,Depreciation,JE0080912,Year-end rounding adjustment,338474.75,0.0,25331010.24,VCH0070912,2025-12
2026-02-28,5301,Utilities Expense,JE0080913,Manual override – audit bypass,52904.24,0.0,21387476.19,VCH0070913,2026-02
2025-10-20,5101,Salary Expense,JE0080914,Customer receipt posted,348489.96,0.0,20606886.87,VCH0070914,2025-10
2025-11-27,1001,Cash,JE0080915,Journal adjustment,25000.0,0.0,20920498.99,VCH0070915,2025-11
2026-02-08,5501,Miscellaneous Expense,JE0080916,Miscellaneous expense claim,424901.78,0.0,15820389.77,VCH0070916,2026-02
2026-03-17,5101,Salary Expense,JE0080917,Depreciation charge,450377.2,0.0,21057264.07,VCH0070917,2026-03
2025-04-23,1201,Inventory,JE0080918,Bank charges,226223.79,0.0,16570251.05,VCH0070918,2025-04
2025-10-15,1301,Prepaid Expenses,JE0080919,Professional fee payment,320304.63,0.0,23868972.56,VCH0070919,2025-10
2025-11-18,3001,Share Capital,JE0080920,Bank charges,0.0,415257.13,-18051288.01,VCH0070920,2025-11
2025-08-11,1001,Cash,JE0080921,Bank charges,125118.08,0.0,21045617.07,VCH0070921,2025-08
2026-02-07,2101,GST Payable,JE0080922,Bank charges,0.0,258104.48,-19364561.59,VCH0070922,2026-02
2026-03-27,5601,Professional Fees,JE0080923,Opening balance entry,391516.61,0.0,18237292.51,VCH0070923,2026-03
2025-11-17,3101,Retained Earnings,JE0080924,Loan repayment instalment,0.0,253937.88,-35425199.16,VCH0070924,2025-11
2026-03-07,5001,Purchases,JE0080925,Reversal entry,493118.02,0.0,21048191.26,VCH0070925,2026-03
2025-09-06,5301,Utilities Expense,JE0080926,Petty cash replenishment,498000.75,0.0,21885476.94,VCH0070926,2025-09
2026-03-22,5201,Rent Expense,JE0080927,Closing balance transfer,105652.7,0.0,14732434.92,VCH0070927,2026-03
2025-10-16,5101,Salary Expense,JE0080928,Suspense account transfer,47412.76,0.0,21104676.83,VCH0070928,2025-10
2025-12-08,1001,Cash,JE0080929,Petty cash replenishment,254176.6,0.0,21299793.67,VCH0070929,2025-12
2025-07-07,1301,Prepaid Expenses,JE0080930,Accrual entry,99086.94,0.0,23968059.5,VCH0070930,2025-07
2025-07-06,2201,Salary Payable,JE0080931,Bank charges,0.0,204695.71,-23179871.87,VCH0070931,2025-07
2025-07-05,1002,Bank – Current Account,JE0080932,Year-end rounding adjustment,1508937.43,0.0,14478420.57,VCH0070932,2025-07
2025-11-21,2001,Accounts Payable,JE0080933,Professional fee payment,0.0,119327.5,-21935142.05,VCH0070933,2025-11
2025-11-17,5601,Professional Fees,JE0080934,Interest income received,78359.65,0.0,18315652.16,VCH0070934,2025-11
2026-02-01,1301,Prepaid Expenses,JE0080935,Journal adjustment,608892.8,0.0,24576952.3,VCH0070935,2026-02
2025-09-16,5601,Professional Fees,JE0080936,Bank charges,443171.82,0.0,18758823.98,VCH0070936,2025-09
2025-10-06,3101,Retained Earnings,JE0080937,Closing balance transfer,0.0,172665.9,-35597865.06,VCH0070937,2025-10
2025-04-21,1002,Bank – Current Account,JE0080938,Journal adjustment,205831.1,0.0,14684251.67,VCH0070938,2025-04
2025-09-06,5001,Purchases,JE0080939,Advance to vendor,133101.74,0.0,21181293.0,VCH0070939,2025-09
2025-05-27,4101,Other Income,JE0080940,Correction entry – Finance Head,0.0,383102.68,-23474111.7,VCH0070940,2025-05
2025-05-18,5601,Professional Fees,JE0080941,Utility bills settled,478297.67,0.0,19237121.65,VCH0070941,2025-05
2025-11-01,1001,Cash,JE0080942,Closing balance transfer,162801.4,0.0,21462595.07,VCH0070942,2025-11
2025-06-26,1301,Prepaid Expenses,JE0080943,Reversal entry,434717.14,0.0,25011669.44,VCH0070943,2025-06
2025-10-04,1001,Cash,JE0080944,Miscellaneous expense claim,193408.54,0.0,21656003.61,VCH0070944,2025-10
2026-03-10,2201,Salary Payable,JE0080945,Manual override – audit bypass,0.0,519669.31,-23699541.18,VCH0070945,2026-03
2026-01-23,3101,Retained Earnings,JE0080946,Utility bills settled,0.0,166817.05,-35764682.11,VCH0070946,2026-01
2025-11-06,3101,Retained Earnings,JE0080947,Journal adjustment,0.0,3805.17,-35768487.28,VCH0070947,2025-11
2026-03-11,5601,Professional Fees,JE0080948,Petty cash replenishment,156150.91,0.0,19393272.56,VCH0070948,2026-03
2025-10-27,5201,Rent Expense,JE0080949,Petty cash replenishment,428983.94,0.0,15161418.86,VCH0070949,2025-10
2025-08-13,1002,Bank – Current Account,JE0080950,Opening balance entry,339347.91,0.0,15023599.58,VCH0070950,2025-08
2026-03-22,2001,Accounts Payable,JE0080951,Loan repayment instalment,0.0,371044.22,-22306186.27,VCH0070951,2026-03
2025-11-04,1301,Prepaid Expenses,JE0080952,Bank charges,444951.09,0.0,25456620.53,VCH0070952,2025-11
2025-06-16,2001,Accounts Payable,JE0080953,Closing balance transfer,0.0,31503.4,-22337689.67,VCH0070953,2025-06
2025-10-23,1001,Cash,JE0080954,Interest income received,52539.62,0.0,21708543.23,VCH0070954,2025-10
2025-04-13,5101,Salary Expense,JE0080955,Monthly salary disbursement,458884.62,0.0,21563561.45,VCH0070955,2025-04
2025-04-20,2001,Accounts Payable,JE0080956,Bank charges,0.0,28380.56,-22366070.23,VCH0070956,2025-04
2025-11-10,5101,Salary Expense,JE0080957,Journal adjustment,250000.0,0.0,21813561.45,VCH0070957,2025-11
2025-07-03,4101,Other Income,JE0080958,Reversal entry,0.0,364193.86,-23838305.56,VCH0070958,2025-07
2026-03-18,2201,Salary Payable,JE0080959,Bank charges,0.0,409039.84,-24108581.02,VCH0070959,2026-03
2026-01-31,1101,Accounts Receivable,JE0080960,Receipt from customer,79196.87,0.0,30238051.34,VCH0070960,2026-01
2025-05-28,1301,Prepaid Expenses,JE0080961,Professional fee payment,1721.01,0.0,25458341.54,VCH0070961,2025-05
2025-06-21,1101,Accounts Receivable,JE0080962,Opening balance entry,87081.5,0.0,30325132.84,VCH0070962,2025-06
2025-06-04,5401,Depreciation,JE0080963,Accrual entry,442288.05,0.0,25773298.29,VCH0070963,2025-06
2025-08-22,5101,Salary Expense,JE0080964,Customer receipt posted,91324.62,0.0,21904886.07,VCH0070964,2025-08
2025-09-13,5401,Depreciation,JE0080965,Reversal entry,245752.28,0.0,26019050.57,VCH0070965,2025-09
2026-01-06,2001,Accounts Payable,JE0080966,Customer receipt posted,0.0,466799.4,-22832869.63,VCH0070966,2026-01
2026-03-21,2001,Accounts Payable,JE0080967,Vendor payment processed,0.0,330286.78,-23163156.41,VCH0070967,2026-03
2026-01-09,5501,Miscellaneous Expense,JE0080968,Miscellaneous expense claim,26981.45,0.0,15847371.22,VCH0070968,2026-01
2025-10-05,5001,Purchases,JE0080969,Professional fee payment,251883.08,0.0,21433176.08,VCH0070969,2025-10
2025-12-08,2301,Short-term Loans,JE0080970,Bank charges,0.0,204471.76,-19007311.24,VCH0070970,2025-12
2026-02-26,1001,Cash,JE0080971,Depreciation charge,213580.18,0.0,21922123.41,VCH0070971,2026-02
2025-09-23,2301,Short-term Loans,JE0080972,Closing balance transfer,0.0,88853.58,-19096164.82,VCH0070972,2025-09
2025-11-27,2301,Short-term Loans,JE0080973,Manual override – audit bypass,0.0,247661.61,-19343826.43,VCH0070973,2025-11
2025-08-18,5601,Professional Fees,JE0080974,Journal adjustment,208578.81,0.0,19601851.37,VCH0070974,2025-08
2025-11-09,1002,Bank – Current Account,JE0080975,Interest income received,43662.1,0.0,15067261.68,VCH0070975,2025-11
2025-06-18,5101,Salary Expense,JE0080976,Utility bills settled,273105.06,0.0,22177991.13,VCH0070976,2025-06
2025-06-09,5601,Professional Fees,JE0080977,Utility bills settled,256568.44,0.0,19858419.81,VCH0070977,2025-06
2026-03-29,1101,Accounts Receivable,JE0080978,Receipt from customer,322128.64,0.0,30647261.48,VCH0070978,2026-03
2025-09-22,1001,Cash,JE0080979,Journal adjustment,25000.0,0.0,21947123.41,VCH0070979,2025-09
2025-09-19,1002,Bank – Current Account,JE0080980,Intercompany settlement,193902.68,0.0,15261164.36,VCH0070980,2025-09
2025-05-09,2101,GST Payable,JE0080981,Receipt from customer,0.0,345141.86,-19709703.45,VCH0070981,2025-05
2025-06-13,1101,Accounts Receivable,JE0080982,Suspense account transfer,2597954.48,0.0,33245215.96,VCH0070982,2025-06
2025-06-08,2301,Short-term Loans,JE0080983,Advance to vendor,0.0,278543.87,-19622370.3,VCH0070983,2025-06
2025-05-13,2301,Short-term Loans,JE0080984,Vendor payment processed,0.0,419308.23,-20041678.53,VCH0070984,2025-05
2026-01-10,5601,Professional Fees,JE0080985,Depreciation charge,500000.0,0.0,20358419.81,VCH0070985,2026-01
2026-03-26,1001,Cash,JE0080986,Urgent adjustment – CEO approval,59690.69,0.0,22006814.1,VCH0070986,2026-03
2025-05-23,5201,Rent Expense,JE0080987,Urgent adjustment – CEO approval,183826.02,0.0,15345244.88,VCH0070987,2025-05
2025-04-29,1201,Inventory,JE0080988,Miscellaneous expense claim,235912.16,0.0,16806163.21,VCH0070988,2025-04
2025-11-04,2201,Salary Payable,JE0080989,Bank charges,0.0,487533.43,-24596114.45,VCH0070989,2025-11
2025-10-12,5601,Professional Fees,JE0080990,Utility bills settled,226779.35,0.0,20585199.16,VCH0070990,2025-10
2025-05-13,5001,Purchases,JE0080991,Professional fee payment,335010.6,0.0,21768186.68,VCH0070991,2025-05
2025-04-01,5501,Miscellaneous Expense,JE0080992,Journal adjustment,26095.2,0.0,15873466.42,VCH0070992,2025-04
2026-01-10,5201,Rent Expense,JE0080993,Vendor payment processed,368586.16,0.0,15713831.04,VCH0070993,2026-01
2025-06-16,1002,Bank – Current Account,JE0080994,Manual override – audit bypass,2066070.12,0.0,17327234.48,VCH0070994,2025-06
2026-03-27,2201,Salary Payable,JE0080995,GST payment to government,0.0,341497.53,-24937611.98,VCH0070995,2026-03
2026-02-12,2001,Accounts Payable,JE0080996,Journal adjustment,0.0,450659.48,-23613815.89,VCH0070996,2026-02
2025-11-29,5601,Professional Fees,JE0080997,Closing balance transfer,134880.69,0.0,20720079.85,VCH0070997,2025-11
2026-02-01,2201,Salary Payable,JE0080998,Undisclosed provision,0.0,2400174.27,-27337786.25,VCH0070998,2026-02
2025-09-25,2001,Accounts Payable,JE0080999,Interest income received,0.0,76098.29,-23689914.18,VCH0070999,2025-09
2025-04-29,2001,Accounts Payable,JE0081000,Receipt from customer,0.0,140999.69,-23830913.87,VCH0071000,2025-04
2025-11-12,2101,GST Payable,JE0081001,Advance to vendor,0.0,146214.5,-19855917.95,VCH0071001,2025-11
2025-08-01,2101,GST Payable,JE0081002,Interest income received,0.0,229563.68,-20085481.63,VCH0071002,2025-08
2025-10-20,5001,Purchases,JE0081003,Undisclosed provision,370908.52,0.0,22139095.2,VCH0071003,2025-10
2025-04-03,4101,Other Income,JE0081004,Professional fee payment,0.0,418822.59,-24257128.15,VCH0071004,2025-04
2025-11-21,1101,Accounts Receivable,JE0081005,Customer receipt posted,150938.73,0.0,33396154.69,VCH0071005,2025-11
2026-02-10,3001,Share Capital,JE0081006,Accrual entry,0.0,361931.88,-18413219.89,VCH0071006,2026-02
2026-01-27,2301,Short-term Loans,JE0081007,Accrual entry,0.0,306331.1,-20348009.63,VCH0071007,2026-01
2025-12-14,3101,Retained Earnings,JE0081008,Miscellaneous expense claim,0.0,200683.49,-35969170.77,VCH0071008,2025-12
2025-08-09,5101,Salary Expense,JE0081009,Urgent adjustment – CEO approval,1694899.85,0.0,23872890.98,VCH0071009,2025-08
2025-10-09,2301,Short-term Loans,JE0081010,Professional fee payment,0.0,382543.88,-20730553.51,VCH0071010,2025-10
2025-05-30,1201,Inventory,JE0081011,Customer receipt posted,10000.0,0.0,16816163.21,VCH0071011,2025-05
2025-12-30,1101,Accounts Receivable,JE0081012,Opening balance entry,125517.51,0.0,33521672.2,VCH0071012,2025-12
2026-01-31,3101,Retained Earnings,JE0081013,GST payment to government,0.0,111575.06,-36080745.83,VCH0071013,2026-01
2025-10-28,5501,Miscellaneous Expense,JE0081014,Petty cash replenishment,59333.33,0.0,15932799.75,VCH0071014,2025-10
2026-03-22,5101,Salary Expense,JE0081015,Depreciation charge,99680.54,0.0,23972571.52,VCH0071015,2026-03
2025-04-05,5401,Depreciation,JE0081016,Customer receipt posted,438853.41,0.0,26457903.98,VCH0071016,2025-04
2025-08-14,5001,Purchases,JE0081017,Interest income received,77854.21,0.0,22216949.41,VCH0071017,2025-08
2025-04-05,1301,Prepaid Expenses,JE0081018,Professional fee payment,167805.76,0.0,25626147.3,VCH0071018,2025-04
2026-01-20,2001,Accounts Payable,JE0081019,Journal adjustment,0.0,258762.31,-24089676.18,VCH0071019,2026-01
2026-02-07,1201,Inventory,JE0081020,Monthly salary disbursement,70882.71,0.0,16887045.92,VCH0071020,2026-02
2026-03-16,5201,Rent Expense,JE0081021,Reversal entry,128064.7,0.0,15841895.74,VCH0071021,2026-03
2025-08-29,1001,Cash,JE0081022,Suspense account transfer,87665.21,0.0,22094479.31,VCH0071022,2025-08
2025-08-08,5401,Depreciation,JE0081023,GST payment to government,341255.37,0.0,26799159.35,VCH0071023,2025-08
2025-11-21,1101,Accounts Receivable,JE0081024,Professional fee payment,91989.18,0.0,33613661.38,VCH0071024,2025-11
2025-09-24,2301,Short-term Loans,JE0081025,Interest income received,0.0,400404.55,-21130958.06,VCH0071025,2025-09
2026-02-12,5001,Purchases,JE0081026,Accrual entry,459781.7,0.0,22676731.11,VCH0071026,2026-02
2025-09-17,5201,Rent Expense,JE0081027,One-time exceptional charge,146950.43,0.0,15988846.17,VCH0071027,2025-09
2025-08-29,5101,Salary Expense,JE0081028,Loan repayment instalment,483254.84,0.0,24455826.36,VCH0071028,2025-08
2025-06-09,5601,Professional Fees,JE0081029,Bank charges,361160.82,0.0,21081240.67,VCH0071029,2025-06
2026-03-20,1001,Cash,JE0081030,Interest income received,164482.48,0.0,22258961.79,VCH0071030,2026-03
2025-09-18,5101,Salary Expense,JE0081031,Monthly salary disbursement,331912.39,0.0,24787738.75,VCH0071031,2025-09
2025-10-10,2301,Short-term Loans,JE0081032,Accrual entry,0.0,447958.41,-21578916.47,VCH0071032,2025-10
2025-08-21,1301,Prepaid Expenses,JE0081033,Accrual entry,420823.8,0.0,26046971.1,VCH0071033,2025-08
2026-02-04,5201,Rent Expense,JE0081034,Advance to vendor,121579.37,0.0,16110425.54,VCH0071034,2026-02
2025-10-02,1101,Accounts Receivable,JE0081035,Receipt from customer,205089.96,0.0,33818751.34,VCH0071035,2025-10
2025-05-02,2201,Salary Payable,JE0081036,Closing balance transfer,0.0,483060.93,-27820847.18,VCH0071036,2025-05
2026-02-09,3101,Retained Earnings,JE0081037,Vendor payment processed,0.0,126535.43,-36207281.26,VCH0071037,2026-02
2025-06-07,1002,Bank – Current Account,JE0081038,Undisclosed provision,353423.23,0.0,17680657.71,VCH0071038,2025-06
2025-08-06,2201,Salary Payable,JE0081039,Closing balance transfer,0.0,26902.34,-27847749.52,VCH0071039,2025-08
2025-05-05,5201,Rent Expense,JE0081040,GST payment to government,268679.41,0.0,16379104.95,VCH0071040,2025-05
2025-11-01,4001,Sales Revenue,JE0081041,Monthly salary disbursement,0.0,94432.48,-10832486.35,VCH0071041,2025-11
2026-02-15,1301,Prepaid Expenses,JE0081042,Reversal entry,38710.72,0.0,26085681.82,VCH0071042,2026-02
2025-07-05,5401,Depreciation,JE0081043,Journal adjustment,279021.53,0.0,27078180.88,VCH0071043,2025-07
2025-10-20,1002,Bank – Current Account,JE0081044,Professional fee payment,208390.11,0.0,17889047.82,VCH0071044,2025-10
2026-02-13,4001,Sales Revenue,JE0081045,Professional fee payment,0.0,430952.17,-11263438.52,VCH0071045,2026-02
2025-09-29,2201,Salary Payable,JE0081046,Miscellaneous expense claim,0.0,216787.7,-28064537.22,VCH0071046,2025-09
2025-06-24,1001,Cash,JE0081047,Reversal entry,314425.14,0.0,22573386.93,VCH0071047,2025-06
2025-06-11,3101,Retained Earnings,JE0081048,GST payment to government,0.0,38475.23,-36245756.49,VCH0071048,2025-06
2025-10-13,5401,Depreciation,JE0081049,Customer receipt posted,216679.25,0.0,27294860.13,VCH0071049,2025-10
2025-10-17,2301,Short-term Loans,JE0081050,Interest income received,0.0,294871.31,-21873787.78,VCH0071050,2025-10
2025-12-31,2001,Accounts Payable,JE0081051,GST payment to government,0.0,251000.01,-24340676.19,VCH0071051,2025-12
2025-11-16,3001,Share Capital,JE0081052,Professional fee payment,0.0,441772.45,-18854992.34,VCH0071052,2025-11
2026-03-09,1101,Accounts Receivable,JE0081053,GST payment to government,110499.54,0.0,33929250.88,VCH0071053,2026-03
2025-05-17,5101,Salary Expense,JE0081054,GST payment to government,396438.36,0.0,25184177.11,VCH0071054,2025-05
2025-07-16,1001,Cash,JE0081055,Receipt from customer,433796.65,0.0,23007183.58,VCH0071055,2025-07
2025-11-13,1301,Prepaid Expenses,JE0081056,Journal adjustment,464768.98,0.0,26550450.8,VCH0071056,2025-11
2026-01-03,5001,Purchases,JE0081057,Professional fee payment,351360.51,0.0,23028091.62,VCH0071057,2026-01
2025-11-23,5301,Utilities Expense,JE0081058,Vendor payment processed,369521.11,0.0,22254998.05,VCH0071058,2025-11
2025-12-15,1001,Cash,JE0081059,Journal adjustment,496973.71,0.0,23504157.29,VCH0071059,2025-12
2025-11-11,2301,Short-term Loans,JE0081060,Vendor payment processed,0.0,484989.66,-22358777.44,VCH0071060,2025-11
2026-02-04,2201,Salary Payable,JE0081061,Advance to vendor,0.0,1311680.87,-29376218.09,VCH0071061,2026-02
2025-12-02,4001,Sales Revenue,JE0081062,Opening balance entry,0.0,121737.58,-11385176.1,VCH0071062,2025-12
2025-11-18,1301,Prepaid Expenses,JE0081063,Customer receipt posted,250103.03,0.0,26800553.83,VCH0071063,2025-11
2025-09-21,2101,GST Payable,JE0081064,Bank charges,0.0,265604.9,-20351086.53,VCH0071064,2025-09
2025-11-23,1301,Prepaid Expenses,JE0081065,Utility bills settled,110702.87,0.0,26911256.7,VCH0071065,2025-11
2025-04-12,5101,Salary Expense,JE0081066,GST payment to government,156430.15,0.0,25340607.26,VCH0071066,2025-04
2025-09-17,1301,Prepaid Expenses,JE0081067,Miscellaneous expense claim,171420.39,0.0,27082677.09,VCH0071067,2025-09
2026-02-27,5501,Miscellaneous Expense,JE0081068,Closing balance transfer,1795508.82,0.0,17728308.57,VCH0071068,2026-02
2025-05-24,1201,Inventory,JE0081069,Reversal entry,208076.74,0.0,17095122.66,VCH0071069,2025-05
2025-11-02,5501,Miscellaneous Expense,JE0081070,Manual override – audit bypass,3369343.14,0.0,21097651.71,VCH0071070,2025-11
2025-07-29,5101,Salary Expense,JE0081071,Professional fee payment,264057.89,0.0,25604665.15,VCH0071071,2025-07
2025-08-21,3001,Share Capital,JE0081072,Depreciation charge,0.0,257692.18,-19112684.52,VCH0071072,2025-08
2025-07-26,5201,Rent Expense,JE0081073,GST payment to government,104010.93,0.0,16483115.88,VCH0071073,2025-07
2025-08-24,2001,Accounts Payable,JE0081074,Professional fee payment,0.0,272409.33,-24613085.52,VCH0071074,2025-08
2025-04-15,5101,Salary Expense,JE0081075,Opening balance entry,5778.44,0.0,25610443.59,VCH0071075,2025-04
2026-01-24,3101,Retained Earnings,JE0081076,Manual override – audit bypass,0.0,4281373.6,-40527130.09,VCH0071076,2026-01
2025-12-06,1002,Bank – Current Account,JE0081077,Reversal entry,206583.92,0.0,18095631.74,VCH0071077,2025-12
2025-05-14,1002,Bank – Current Account,JE0081078,Customer receipt posted,64822.38,0.0,18160454.12,VCH0071078,2025-05
2025-12-18,5501,Miscellaneous Expense,JE0081079,Rent payment for premises,14953.46,0.0,21112605.17,VCH0071079,2025-12
2025-05-17,5201,Rent Expense,JE0081080,Receipt from customer,433639.0,0.0,16916754.88,VCH0071080,2025-05
2025-09-30,2201,Salary Payable,JE0081081,Interest income received,0.0,212437.03,-29588655.12,VCH0071081,2025-09
2025-05-09,5401,Depreciation,JE0081082,Vendor payment processed,19576.37,0.0,27314436.5,VCH0071082,2025-05
2025-07-15,2101,GST Payable,JE0081083,Petty cash replenishment,0.0,228788.63,-20579875.16,VCH0071083,2025-07
2025-06-06,1001,Cash,JE0081084,Closing balance transfer,318126.03,0.0,23822283.32,VCH0071084,2025-06
2025-05-07,5101,Salary Expense,JE0081085,Receipt from customer,498993.25,0.0,26109436.84,VCH0071085,2025-05
2025-10-06,5601,Professional Fees,JE0081086,Bank charges,231608.64,0.0,21312849.31,VCH0071086,2025-10
2025-12-10,4001,Sales Revenue,JE0081087,Professional fee payment,0.0,170642.99,-11555819.09,VCH0071087,2025-12
2025-04-14,4001,Sales Revenue,JE0081088,Professional fee payment,0.0,445570.64,-12001389.73,VCH0071088,2025-04
2026-01-14,1301,Prepaid Expenses,JE0081089,Correction entry – Finance Head,355181.76,0.0,27437858.85,VCH0071089,2026-01
2025-10-04,5301,Utilities Expense,JE0081090,Miscellaneous expense claim,437728.19,0.0,22692726.24,VCH0071090,2025-10
2025-09-24,5601,Professional Fees,JE0081091,Professional fee payment,471058.84,0.0,21783908.15,VCH0071091,2025-09
2025-06-13,4001,Sales Revenue,JE0081092,Customer receipt posted,0.0,404598.05,-12405987.78,VCH0071092,2025-06
2026-02-25,5301,Utilities Expense,JE0081093,GST payment to government,488270.21,0.0,23180996.45,VCH0071093,2026-02
2026-02-27,4101,Other Income,JE0081094,Monthly salary disbursement,0.0,157010.87,-24414139.02,VCH0071094,2026-02
2025-05-18,2001,Accounts Payable,JE0081095,Advance to vendor,0.0,150035.02,-24763120.54,VCH0071095,2025-05
2025-09-11,3001,Share Capital,JE0081096,Petty cash replenishment,0.0,74894.42,-19187578.94,VCH0071096,2025-09
2025-11-29,1301,Prepaid Expenses,JE0081097,Interest income received,315522.19,0.0,27753381.04,VCH0071097,2025-11
2026-01-06,5301,Utilities Expense,JE0081098,Miscellaneous expense claim,25000.0,0.0,23205996.45,VCH0071098,2026-01
2026-03-16,4001,Sales Revenue,JE0081099,GST payment to government,0.0,429192.4,-12835180.18,VCH0071099,2026-03
2025-08-24,2001,Accounts Payable,JE0081100,Miscellaneous expense claim,0.0,439087.64,-25202208.18,VCH0071100,2025-08
2026-01-24,2001,Accounts Payable,JE0081101,Opening balance entry,0.0,100537.37,-25302745.55,VCH0071101,2026-01
2026-01-20,1001,Cash,JE0081102,GST payment to government,125631.99,0.0,23947915.31,VCH0071102,2026-01
2025-04-20,5401,Depreciation,JE0081103,GST payment to government,181167.86,0.0,27495604.36,VCH0071103,2025-04
2026-01-16,5501,Miscellaneous Expense,JE0081104,Urgent adjustment – CEO approval,775087.78,0.0,21887692.95,VCH0071104,2026-01
2026-02-06,5201,Rent Expense,JE0081105,Monthly salary disbursement,456592.53,0.0,17373347.41,VCH0071105,2026-02
2025-06-18,2201,Salary Payable,JE0081106,Opening balance entry,0.0,162796.29,-29751451.41,VCH0071106,2025-06
2025-05-15,5601,Professional Fees,JE0081107,Rent payment for premises,477428.51,0.0,22261336.66,VCH0071107,2025-05
2025-08-13,2201,Salary Payable,JE0081108,Advance to vendor,0.0,400621.81,-30152073.22,VCH0071108,2025-08
2026-02-02,2101,GST Payable,JE0081109,Interest income received,0.0,383684.99,-20963560.15,VCH0071109,2026-02
2025-11-05,5101,Salary Expense,JE0081110,Monthly salary disbursement,273658.93,0.0,26383095.77,VCH0071110,2025-11
2025-06-05,3001,Share Capital,JE0081111,Rent payment for premises,0.0,58429.28,-19246008.22,VCH0071111,2025-06
2026-02-12,2001,Accounts Payable,JE0081112,Petty cash replenishment,0.0,43613.04,-25346358.59,VCH0071112,2026-02
2025-05-18,1002,Bank – Current Account,JE0081113,Miscellaneous expense claim,145354.58,0.0,18305808.7,VCH0071113,2025-05
2026-01-05,5401,Depreciation,JE0081114,Accrual entry,500000.0,0.0,27995604.36,VCH0071114,2026-01
2026-03-13,4101,Other Income,JE0081115,Advance to vendor,0.0,206378.21,-24620517.23,VCH0071115,2026-03
2025-05-26,5501,Miscellaneous Expense,JE0081116,Bank charges,338212.14,0.0,22225905.09,VCH0071116,2025-05
2026-03-10,1101,Accounts Receivable,JE0081117,Professional fee payment,108870.6,0.0,34038121.48,VCH0071117,2026-03
2026-02-26,1201,Inventory,JE0081118,Loan repayment instalment,1922291.89,0.0,19017414.55,VCH0071118,2026-02
2025-12-07,4101,Other Income,JE0081119,Miscellaneous expense claim,0.0,27390.35,-24647907.58,VCH0071119,2025-12
2025-05-14,5201,Rent Expense,JE0081120,Petty cash replenishment,10000.0,0.0,17383347.41,VCH0071120,2025-05
2025-05-18,5501,Miscellaneous Expense,JE0081121,Accrual entry,309381.14,0.0,22535286.23,VCH0071121,2025-05
2025-09-12,1002,Bank – Current Account,JE0081122,Urgent adjustment – CEO approval,4159132.03,0.0,22464940.73,VCH0071122,2025-09
2025-06-21,2101,GST Payable,JE0081123,Loan repayment instalment,0.0,11951.66,-20975511.81,VCH0071123,2025-06
2025-10-06,5501,Miscellaneous Expense,JE0081124,Journal adjustment,215213.74,0.0,22750499.97,VCH0071124,2025-10
2025-09-24,4101,Other Income,JE0081125,Undisclosed provision,0.0,29486.67,-24677394.25,VCH0071125,2025-09
2025-10-01,1301,Prepaid Expenses,JE0081126,Closing balance transfer,353889.37,0.0,28107270.41,VCH0071126,2025-10
2025-07-16,4101,Other Income,JE0081127,Vendor payment processed,0.0,59277.12,-24736671.37,VCH0071127,2025-07
2025-05-10,5301,Utilities Expense,JE0081128,Customer receipt posted,46864.59,0.0,23252861.04,VCH0071128,2025-05
2025-04-16,5101,Salary Expense,JE0081129,Bank charges,477076.12,0.0,26860171.89,VCH0071129,2025-04
2025-05-01,2101,GST Payable,JE0081130,Closing balance transfer,0.0,212550.51,-21188062.32,VCH0071130,2025-05
2026-01-31,4101,Other Income,JE0081131,Intercompany settlement,0.0,4381980.95,-29118652.32,VCH0071131,2026-01
2025-06-10,2201,Salary Payable,JE0081132,Loan repayment instalment,0.0,493414.05,-30645487.27,VCH0071132,2025-06
2025-04-15,1002,Bank – Current Account,JE0081133,Professional fee payment,246829.56,0.0,22711770.29,VCH0071133,2025-04
2026-01-22,1001,Cash,JE0081134,Monthly salary disbursement,247990.97,0.0,24195906.28,VCH0071134,2026-01
2025-11-02,5401,Depreciation,JE0081135,GST payment to government,99351.41,0.0,28094955.77,VCH0071135,2025-11
2025-10-25,1001,Cash,JE0081136,Reversal entry,169153.8,0.0,24365060.08,VCH0071136,2025-10
2026-03-22,5401,Depreciation,JE0081137,Suspense account transfer,2867597.38,0.0,30962553.15,VCH0071137,2026-03
2025-04-03,5601,Professional Fees,JE0081138,Undisclosed provision,4283283.23,0.0,26544619.89,VCH0071138,2025-04
2026-01-03,3101,Retained Earnings,JE0081139,Utility bills settled,0.0,419314.42,-40946444.51,VCH0071139,2026-01
2025-09-30,2301,Short-term Loans,JE0081140,Correction entry – Finance Head,0.0,1923642.38,-24282419.82,VCH0071140,2025-09
2026-01-20,1201,Inventory,JE0081141,Vendor payment processed,477430.27,0.0,19494844.82,VCH0071141,2026-01
2025-06-24,5301,Utilities Expense,JE0081142,Loan repayment instalment,389253.6,0.0,23642114.64,VCH0071142,2025-06
2025-07-15,5401,Depreciation,JE0081143,Journal adjustment,274128.16,0.0,31236681.31,VCH0071143,2025-07
2026-02-20,5501,Miscellaneous Expense,JE0081144,Loan repayment instalment,96658.01,0.0,22847157.98,VCH0071144,2026-02
2025-10-28,2201,Salary Payable,JE0081145,One-time exceptional charge,0.0,1649012.73,-32294500.0,VCH0071145,2025-10
2025-12-21,2301,Short-term Loans,JE0081146,Journal adjustment,0.0,215648.43,-24498068.25,VCH0071146,2025-12
2025-07-28,4101,Other Income,JE0081147,Monthly salary disbursement,0.0,245801.34,-29364453.66,VCH0071147,2025-07
2025-05-25,2201,Salary Payable,JE0081148,Advance to vendor,0.0,228955.53,-32523455.53,VCH0071148,2025-05
2025-04-20,4101,Other Income,JE0081149,One-time exceptional charge,0.0,61353.22,-29425806.88,VCH0071149,2025-04
2025-05-23,5301,Utilities Expense,JE0081150,Depreciation charge,55898.62,0.0,23698013.26,VCH0071150,2025-05
2025-11-11,4001,Sales Revenue,JE0081151,Rent payment for premises,0.0,89542.17,-12924722.35,VCH0071151,2025-11
2026-03-26,2101,GST Payable,JE0081152,Monthly salary disbursement,0.0,189932.69,-21377995.01,VCH0071152,2026-03
2025-05-31,4101,Other Income,JE0081153,Receipt from customer,0.0,51437.75,-29477244.63,VCH0071153,2025-05
2025-05-09,4101,Other Income,JE0081154,Interest income received,0.0,45118.32,-29522362.95,VCH0071154,2025-05
2025-09-22,3101,Retained Earnings,JE0081155,Depreciation charge,0.0,50000.0,-40996444.51,VCH0071155,2025-09
2025-10-21,2001,Accounts Payable,JE0081156,Suspense account transfer,0.0,2753493.04,-28099851.63,VCH0071156,2025-10
2025-12-12,2201,Salary Payable,JE0081157,Manual override – audit bypass,0.0,2534346.61,-35057802.14,VCH0071157,2025-12
2026-02-18,2301,Short-term Loans,JE0081158,Depreciation charge,0.0,343149.81,-24841218.06,VCH0071158,2026-02
2026-03-12,4001,Sales Revenue,JE0081159,Opening balance entry,0.0,205430.58,-13130152.93,VCH0071159,2026-03
2025-05-18,1101,Accounts Receivable,JE0081160,Opening balance entry,250000.0,0.0,34288121.48,VCH0071160,2025-05
2025-06-16,5201,Rent Expense,JE0081161,Accrual entry,478252.37,0.0,17861599.78,VCH0071161,2025-06
2025-08-15,5201,Rent Expense,JE0081162,Rent payment for premises,343651.01,0.0,18205250.79,VCH0071162,2025-08
2025-10-17,2101,GST Payable,JE0081163,Suspense account transfer,0.0,399022.34,-21777017.35,VCH0071163,2025-10
2025-09-14,5501,Miscellaneous Expense,JE0081164,Closing balance transfer,1000000.0,0.0,23847157.98,VCH0071164,2025-09
2025-08-11,2101,GST Payable,JE0081165,Interest income received,0.0,15173.64,-21792190.99,VCH0071165,2025-08
2025-04-17,4001,Sales Revenue,JE0081166,Monthly salary disbursement,0.0,272026.1,-13402179.03,VCH0071166,2025-04
2025-04-10,2301,Short-term Loans,JE0081167,Accrual entry,0.0,120653.77,-24961871.83,VCH0071167,2025-04
2025-07-06,2301,Short-term Loans,JE0081168,Journal adjustment,0.0,435866.75,-25397738.58,VCH0071168,2025-07
2025-06-28,5001,Purchases,JE0081169,Bank charges,405330.22,0.0,23433421.84,VCH0071169,2025-06
2025-09-19,5501,Miscellaneous Expense,JE0081170,Rent payment for premises,438198.31,0.0,24285356.29,VCH0071170,2025-09
2025-09-29,5601,Professional Fees,JE0081171,Interest income received,127913.98,0.0,26672533.87,VCH0071171,2025-09
2025-09-16,5501,Miscellaneous Expense,JE0081172,Monthly salary disbursement,147195.0,0.0,24432551.29,VCH0071172,2025-09
2025-11-09,4001,Sales Revenue,JE0081173,One-time exceptional charge,0.0,65650.09,-13467829.12,VCH0071173,2025-11
2025-05-28,1001,Cash,JE0081174,Monthly salary disbursement,207745.56,0.0,24572805.64,VCH0071174,2025-05
2025-09-04,2301,Short-term Loans,JE0081175,Miscellaneous expense claim,0.0,230748.16,-25628486.74,VCH0071175,2025-09
2025-07-04,5501,Miscellaneous Expense,JE0081176,Rent payment for premises,117500.33,0.0,24550051.62,VCH0071176,2025-07
2025-07-26,5401,Depreciation,JE0081177,Opening balance entry,411744.39,0.0,31648425.7,VCH0071177,2025-07
2026-02-05,5301,Utilities Expense,JE0081178,Monthly salary disbursement,243463.47,0.0,23941476.73,VCH0071178,2026-02
2025-05-17,1002,Bank – Current Account,JE0081179,Vendor payment processed,100000.0,0.0,22811770.29,VCH0071179,2025-05
2026-02-06,5601,Professional Fees,JE0081180,Professional fee payment,1308890.11,0.0,27981423.98,VCH0071180,2026-02
2026-02-04,1002,Bank – Current Account,JE0081181,Bank charges,1760517.89,0.0,24572288.18,VCH0071181,2026-02
2026-03-24,1101,Accounts Receivable,JE0081182,Miscellaneous expense claim,460540.34,0.0,34748661.82,VCH0071182,2026-03
2025-09-08,2201,Salary Payable,JE0081183,Utility bills settled,0.0,356959.69,-35414761.83,VCH0071183,2025-09
2025-07-13,5401,Depreciation,JE0081184,Journal adjustment,320133.41,0.0,31968559.11,VCH0071184,2025-07
2025-10-25,4001,Sales Revenue,JE0081185,Correction entry – Finance Head,0.0,329388.25,-13797217.37,VCH0071185,2025-10
2026-02-11,5001,Purchases,JE0081186,Closing balance transfer,818878.52,0.0,24252300.36,VCH0071186,2026-02
2025-09-22,1101,Accounts Receivable,JE0081187,Utility bills settled,259067.44,0.0,35007729.26,VCH0071187,2025-09
2025-11-26,5301,Utilities Expense,JE0081188,Accrual entry,479913.05,0.0,24421389.78,VCH0071188,2025-11
2025-04-02,1101,Accounts Receivable,JE0081189,Bank charges,244076.8,0.0,35251806.06,VCH0071189,2025-04
2025-05-09,1201,Inventory,JE0081190,Receipt from customer,150698.04,0.0,19645542.86,VCH0071190,2025-05
2025-05-23,1101,Accounts Receivable,JE0081191,Accrual entry,499679.56,0.0,35751485.62,VCH0071191,2025-05
2025-09-03,4001,Sales Revenue,JE0081192,Manual override – audit bypass,0.0,86644.71,-13883862.08,VCH0071192,2025-09
2025-08-02,2001,Accounts Payable,JE0081193,Undisclosed provision,0.0,2736687.56,-30836539.19,VCH0071193,2025-08
2025-11-21,5201,Rent Expense,JE0081194,Journal adjustment,2863.57,0.0,18208114.36,VCH0071194,2025-11
2026-02-18,1201,Inventory,JE0081195,Loan repayment instalment,73942.28,0.0,19719485.14,VCH0071195,2026-02
2025-06-20,1201,Inventory,JE0081196,Reversal entry,43729.81,0.0,19763214.95,VCH0071196,2025-06
2025-10-25,2001,Accounts Payable,JE0081197,Bank charges,0.0,241793.89,-31078333.08,VCH0071197,2025-10
2025-10-28,4101,Other Income,JE0081198,Utility bills settled,0.0,364142.43,-29886505.38,VCH0071198,2025-10
2026-01-28,5401,Depreciation,JE0081199,Advance to vendor,1674995.02,0.0,33643554.13,VCH0071199,2026-01
2025-10-24,3001,Share Capital,JE0081200,Accrual entry,0.0,379111.33,-19625119.55,VCH0071200,2025-10
2025-04-08,1001,Cash,JE0081201,Journal adjustment,94861.5,0.0,24667667.14,VCH0071201,2025-04
2025-04-11,5501,Miscellaneous Expense,JE0081202,Loan repayment instalment,223785.48,0.0,24773837.1,VCH0071202,2025-04
2025-12-27,1002,Bank – Current Account,JE0081203,Opening balance entry,315941.07,0.0,24888229.25,VCH0071203,2025-12
2026-01-22,5001,Purchases,JE0081204,Customer receipt posted,112785.72,0.0,24365086.08,VCH0071204,2026-01
2025-12-20,5501,Miscellaneous Expense,JE0081205,Depreciation charge,25000.0,0.0,24798837.1,VCH0071205,2025-12
2026-03-11,1301,Prepaid Expenses,JE0081206,Opening balance entry,347774.57,0.0,28455044.98,VCH0071206,2026-03
2026-03-17,5001,Purchases,JE0081207,Intercompany settlement,88413.2,0.0,24453499.28,VCH0071207,2026-03
2025-08-25,5201,Rent Expense,JE0081208,Depreciation charge,336762.21,0.0,18544876.57,VCH0071208,2025-08
2025-11-13,3101,Retained Earnings,JE0081209,Journal adjustment,0.0,67049.22,-41063493.73,VCH0071209,2025-11
2025-05-16,2301,Short-term Loans,JE0081210,Accrual entry,0.0,386820.36,-26015307.1,VCH0071210,2025-05
2025-08-17,5501,Miscellaneous Expense,JE0081211,One-time exceptional charge,249456.74,0.0,25048293.84,VCH0071211,2025-08
2025-09-05,2101,GST Payable,JE0081212,Utility bills settled,0.0,50000.0,-21842190.99,VCH0071212,2025-09
2025-11-10,2001,Accounts Payable,JE0081213,Receipt from customer,0.0,487496.81,-31565829.89,VCH0071213,2025-11
2026-02-19,1301,Prepaid Expenses,JE0081214,Depreciation charge,1360274.15,0.0,29815319.13,VCH0071214,2026-02
2025-11-13,4001,Sales Revenue,JE0081215,Vendor payment processed,0.0,111728.94,-13995591.02,VCH0071215,2025-11
2025-11-23,1002,Bank – Current Account,JE0081216,Depreciation charge,376866.13,0.0,25265095.38,VCH0071216,2025-11
2025-07-26,4101,Other Income,JE0081217,Opening balance entry,0.0,167838.19,-30054343.57,VCH0071217,2025-07
2026-03-01,2301,Short-term Loans,JE0081218,Journal adjustment,0.0,859452.93,-26874760.03,VCH0071218,2026-03
2026-03-29,3101,Retained Earnings,JE0081219,Journal adjustment,0.0,279211.01,-41342704.74,VCH0071219,2026-03
2025-04-13,5501,Miscellaneous Expense,JE0081220,Advance to vendor,31393.46,0.0,25079687.3,VCH0071220,2025-04
2025-07-16,5601,Professional Fees,JE0081221,Undisclosed provision,97464.21,0.0,28078888.19,VCH0071221,2025-07
2025-06-06,2301,Short-term Loans,JE0081222,Advance to vendor,0.0,75149.54,-26949909.57,VCH0071222,2025-06
2025-07-28,5301,Utilities Expense,JE0081223,Loan repayment instalment,232943.86,0.0,24654333.64,VCH0071223,2025-07
2025-09-20,2001,Accounts Payable,JE0081224,Petty cash replenishment,0.0,375582.14,-31941412.03,VCH0071224,2025-09
2026-03-31,5201,Rent Expense,JE0081225,Customer receipt posted,1457323.66,0.0,20002200.23,VCH0071225,2026-03
2026-03-02,1301,Prepaid Expenses,JE0081226,Urgent adjustment – CEO approval,1434273.39,0.0,31249592.52,VCH0071226,2026-03
2025-08-15,1001,Cash,JE0081227,Loan repayment instalment,99158.08,0.0,24766825.22,VCH0071227,2025-08
2026-02-18,1201,Inventory,JE0081228,Accrual entry,313559.05,0.0,20076774.0,VCH0071228,2026-02
2025-10-22,4001,Sales Revenue,JE0081229,Monthly salary disbursement,0.0,317491.36,-14313082.38,VCH0071229,2025-10
2026-02-15,5401,Depreciation,JE0081230,Manual override – audit bypass,460999.31,0.0,34104553.44,VCH0071230,2026-02
2026-01-29,1201,Inventory,JE0081231,Advance to vendor,262120.52,0.0,20338894.52,VCH0071231,2026-01
2025-12-01,1201,Inventory,JE0081232,Bank charges,474764.04,0.0,20813658.56,VCH0071232,2025-12
2026-03-01,1001,Cash,JE0081233,Miscellaneous expense claim,314102.88,0.0,25080928.1,VCH0071233,2026-03
2025-09-05,4001,Sales Revenue,JE0081234,Utility bills settled,0.0,151574.64,-14464657.02,VCH0071234,2025-09
2026-03-21,5101,Salary Expense,JE0081235,Opening balance entry,1370562.72,0.0,28230734.61,VCH0071235,2026-03
2026-03-22,1301,Prepaid Expenses,JE0081236,Petty cash replenishment,1665424.67,0.0,32915017.19,VCH0071236,2026-03
2025-07-14,5601,Professional Fees,JE0081237,Year-end rounding adjustment,1683832.8,0.0,29762720.99,VCH0071237,2025-07
2026-02-03,2201,Salary Payable,JE0081238,Interest income received,0.0,100000.0,-35514761.83,VCH0071238,2026-02
2026-01-11,2101,GST Payable,JE0081239,Vendor payment processed,0.0,1417432.93,-23259623.92,VCH0071239,2026-01
2025-12-18,5601,Professional Fees,JE0081240,Bank charges,187378.4,0.0,29950099.39,VCH0071240,2025-12
2025-05-12,4001,Sales Revenue,JE0081241,Vendor payment processed,0.0,340627.2,-14805284.22,VCH0071241,2025-05
2025-11-10,4101,Other Income,JE0081242,Accrual entry,0.0,217483.57,-30271827.14,VCH0071242,2025-11
2026-02-25,4101,Other Income,JE0081243,Loan repayment instalment,0.0,100000.0,-30371827.14,VCH0071243,2026-02
2025-05-18,5201,Rent Expense,JE0081244,Bank charges,435480.84,0.0,20437681.07,VCH0071244,2025-05
2025-08-05,5001,Purchases,JE0081245,Bank charges,71591.79,0.0,24525091.07,VCH0071245,2025-08
2025-04-01,1101,Accounts Receivable,JE0081246,Professional fee payment,115939.92,0.0,35867425.54,VCH0071246,2025-04
2025-10-13,5201,Rent Expense,JE0081247,Rent payment for premises,84863.71,0.0,20522544.78,VCH0071247,2025-10
2025-08-02,4101,Other Income,JE0081248,Closing balance transfer,0.0,453818.39,-30825645.53,VCH0071248,2025-08
2025-07-26,5001,Purchases,JE0081249,Depreciation charge,298487.13,0.0,24823578.2,VCH0071249,2025-07
2025-08-26,5601,Professional Fees,JE0081250,Reversal entry,4107.73,0.0,29954207.12,VCH0071250,2025-08
2025-10-30,3001,Share Capital,JE0081251,Advance to vendor,0.0,181465.78,-19806585.33,VCH0071251,2025-10
2025-12-19,1002,Bank – Current Account,JE0081252,Customer receipt posted,245554.85,0.0,25510650.23,VCH0071252,2025-12
2025-04-09,1101,Accounts Receivable,JE0081253,Closing balance transfer,331262.2,0.0,36198687.74,VCH0071253,2025-04
2026-03-16,2201,Salary Payable,JE0081254,Year-end rounding adjustment,0.0,371581.07,-35886342.9,VCH0071254,2026-03
2025-07-14,5101,Salary Expense,JE0081255,GST payment to government,360048.3,0.0,28590782.91,VCH0071255,2025-07
2025-12-15,3001,Share Capital,JE0081256,Bank charges,0.0,226282.77,-20032868.1,VCH0071256,2025-12
2026-03-08,5001,Purchases,JE0081257,Rent payment for premises,196022.77,0.0,25019600.97,VCH0071257,2026-03
2025-04-06,5601,Professional Fees,JE0081258,Accrual entry,151530.67,0.0,30105737.79,VCH0071258,2025-04
2025-11-13,1001,Cash,JE0081259,Utility bills settled,104332.42,0.0,25185260.52,VCH0071259,2025-11
2026-01-11,5101,Salary Expense,JE0081260,Petty cash replenishment,443340.8,0.0,29034123.71,VCH0071260,2026-01
2025-10-03,5601,Professional Fees,JE0081261,Manual override – audit bypass,3335454.18,0.0,33441191.97,VCH0071261,2025-10
2026-02-10,1002,Bank – Current Account,JE0081262,Interest income received,335612.2,0.0,25846262.43,VCH0071262,2026-02
2025-08-28,5001,Purchases,JE0081263,Advance to vendor,457688.14,0.0,25477289.11,VCH0071263,2025-08
2025-08-25,1001,Cash,JE0081264,Journal adjustment,175359.71,0.0,25360620.23,VCH0071264,2025-08
2025-11-09,5001,Purchases,JE0081265,Miscellaneous expense claim,480702.36,0.0,25957991.47,VCH0071265,2025-11
2026-03-19,2101,GST Payable,JE0081266,Loan repayment instalment,0.0,480220.55,-23739844.47,VCH0071266,2026-03
2025-04-30,5401,Depreciation,JE0081267,Professional fee payment,372228.05,0.0,34476781.49,VCH0071267,2025-04
2025-10-17,3101,Retained Earnings,JE0081268,Advance to vendor,0.0,100000.0,-41442704.74,VCH0071268,2025-10
2026-01-03,5101,Salary Expense,JE0081269,Miscellaneous expense claim,399524.38,0.0,29433648.09,VCH0071269,2026-01
2026-01-29,1101,Accounts Receivable,JE0081270,Reversal entry,264568.24,0.0,36463255.98,VCH0071270,2026-01
2025-08-04,2301,Short-term Loans,JE0081271,Advance to vendor,0.0,407736.46,-27357646.03,VCH0071271,2025-08
2025-12-17,4101,Other Income,JE0081272,Petty cash replenishment,0.0,159796.23,-30985441.76,VCH0071272,2025-12
2025-09-13,2001,Accounts Payable,JE0081273,Loan repayment instalment,0.0,29350.04,-31970762.07,VCH0071273,2025-09
2026-02-25,5501,Miscellaneous Expense,JE0081274,Receipt from customer,296050.48,0.0,25375737.78,VCH0071274,2026-02
2026-02-22,5601,Professional Fees,JE0081275,Loan repayment instalment,83117.08,0.0,33524309.05,VCH0071275,2026-02
2025-10-01,2201,Salary Payable,JE0081276,Receipt from customer,0.0,125942.09,-36012284.99,VCH0071276,2025-10
2025-07-05,1201,Inventory,JE0081277,Advance to vendor,410213.74,0.0,21223872.3,VCH0071277,2025-07
2026-02-27,5301,Utilities Expense,JE0081278,Accrual entry,220645.64,0.0,24874979.28,VCH0071278,2026-02
2025-09-06,3101,Retained Earnings,JE0081279,Miscellaneous expense claim,0.0,210093.97,-41652798.71,VCH0071279,2025-09
2026-01-26,3001,Share Capital,JE0081280,Petty cash replenishment,0.0,401289.3,-20434157.4,VCH0071280,2026-01
2025-08-20,5101,Salary Expense,JE0081281,Bank charges,230048.15,0.0,29663696.24,VCH0071281,2025-08
2025-11-05,1101,Accounts Receivable,JE0081282,GST payment to government,40991.36,0.0,36504247.34,VCH0071282,2025-11
2025-07-31,1002,Bank – Current Account,JE0081283,Receipt from customer,363648.76,0.0,26209911.19,VCH0071283,2025-07
2025-10-27,5401,Depreciation,JE0081284,Monthly salary disbursement,355225.24,0.0,34832006.73,VCH0071284,2025-10
2025-04-22,1002,Bank – Current Account,JE0081285,Miscellaneous expense claim,394020.53,0.0,26603931.72,VCH0071285,2025-04
2025-07-23,5601,Professional Fees,JE0081286,Advance to vendor,107821.22,0.0,33632130.27,VCH0071286,2025-07
2026-03-05,5001,Purchases,JE0081287,Rent payment for premises,200845.8,0.0,26158837.27,VCH0071287,2026-03
2025-04-14,1001,Cash,JE0081288,One-time exceptional charge,1253076.23,0.0,26613696.46,VCH0071288,2025-04
2025-04-06,5301,Utilities Expense,JE0081289,Vendor payment processed,53411.05,0.0,24928390.33,VCH0071289,2025-04
2025-09-29,3001,Share Capital,JE0081290,Rent payment for premises,0.0,428147.24,-20862304.64,VCH0071290,2025-09
2026-01-12,4001,Sales Revenue,JE0081291,Monthly salary disbursement,0.0,27872.11,-14833156.33,VCH0071291,2026-01
2025-10-23,2101,GST Payable,JE0081292,Advance to vendor,0.0,500000.0,-24239844.47,VCH0071292,2025-10
2025-06-01,3101,Retained Earnings,JE0081293,Bank charges,0.0,288005.6,-41940804.31,VCH0071293,2025-06
2025-10-28,5501,Miscellaneous Expense,JE0081294,Monthly salary disbursement,266361.27,0.0,25642099.05,VCH0071294,2025-10
2025-05-10,5201,Rent Expense,JE0081295,Reversal entry,241772.07,0.0,20764316.85,VCH0071295,2025-05
2025-06-15,5601,Professional Fees,JE0081296,Petty cash replenishment,298924.1,0.0,33931054.37,VCH0071296,2025-06
2025-10-05,5401,Depreciation,JE0081297,Rent payment for premises,9127.66,0.0,34841134.39,VCH0071297,2025-10
2026-01-28,1301,Prepaid Expenses,JE0081298,Utility bills settled,110391.62,0.0,33025408.81,VCH0071298,2026-01
2025-09-28,5501,Miscellaneous Expense,JE0081299,Year-end rounding adjustment,1234370.22,0.0,26876469.27,VCH0071299,2025-09
2025-04-22,2301,Short-term Loans,JE0081300,Petty cash replenishment,0.0,333029.79,-27690675.82,VCH0071300,2025-04
2025-11-28,1101,Accounts Receivable,JE0081301,Accrual entry,248265.34,0.0,36752512.68,VCH0071301,2025-11
2025-11-16,1301,Prepaid Expenses,JE0081302,Vendor payment processed,127815.86,0.0,33153224.67,VCH0071302,2025-11
2026-03-20,1101,Accounts Receivable,JE0081303,GST payment to government,459110.49,0.0,37211623.17,VCH0071303,2026-03
2026-03-25,1002,Bank – Current Account,JE0081304,Customer receipt posted,536150.07,0.0,27140081.79,VCH0071304,2026-03
2025-05-08,4001,Sales Revenue,JE0081305,Journal adjustment,0.0,214948.45,-15048104.78,VCH0071305,2025-05
2026-01-09,1201,Inventory,JE0081306,Customer receipt posted,100000.0,0.0,21323872.3,VCH0071306,2026-01
2026-03-08,1201,Inventory,JE0081307,Utility bills settled,500000.0,0.0,21823872.3,VCH0071307,2026-03
2026-03-19,5601,Professional Fees,JE0081308,Petty cash replenishment,1859713.8,0.0,35790768.17,VCH0071308,2026-03
2026-01-24,4001,Sales Revenue,JE0081309,Accrual entry,0.0,437470.91,-15485575.69,VCH0071309,2026-01
2025-05-01,1301,Prepaid Expenses,JE0081310,Utility bills settled,214880.92,0.0,33368105.59,VCH0071310,2025-05
2026-03-06,3001,Share Capital,JE0081311,Opening balance entry,0.0,170751.4,-21033056.04,VCH0071311,2026-03
2026-03-25,5301,Utilities Expense,JE0081312,Rent payment for premises,302847.88,0.0,25231238.21,VCH0071312,2026-03
2026-02-19,4101,Other Income,JE0081313,Receipt from customer,0.0,54314.84,-31039756.6,VCH0071313,2026-02
2025-04-16,4001,Sales Revenue,JE0081314,Monthly salary disbursement,0.0,172218.07,-15657793.76,VCH0071314,2025-04
2025-07-21,1002,Bank – Current Account,JE0081315,Vendor payment processed,396406.96,0.0,27536488.75,VCH0071315,2025-07
2025-05-23,2301,Short-term Loans,JE0081316,Reversal entry,0.0,470741.66,-28161417.48,VCH0071316,2025-05
2025-04-22,5001,Purchases,JE0081317,Correction entry – Finance Head,4443992.51,0.0,30602829.78,VCH0071317,2025-04
2025-04-20,2301,Short-term Loans,JE0081318,Reversal entry,0.0,402318.95,-28563736.43,VCH0071318,2025-04
2025-09-14,5501,Miscellaneous Expense,JE0081319,Bank charges,132174.24,0.0,27008643.51,VCH0071319,2025-09
2026-01-28,1001,Cash,JE0081320,One-time exceptional charge,340212.21,0.0,26953908.67,VCH0071320,2026-01
2026-03-21,1301,Prepaid Expenses,JE0081321,Depreciation charge,472359.94,0.0,33840465.53,VCH0071321,2026-03
2026-01-11,5601,Professional Fees,JE0081322,Interest income received,110609.07,0.0,35901377.24,VCH0071322,2026-01
2026-01-18,4001,Sales Revenue,JE0081323,Journal adjustment,0.0,327103.69,-15984897.45,VCH0071323,2026-01
2025-09-04,1101,Accounts Receivable,JE0081324,Urgent adjustment – CEO approval,1143838.28,0.0,38355461.45,VCH0071324,2025-09
2026-02-28,5101,Salary Expense,JE0081325,Opening balance entry,221809.77,0.0,29885506.01,VCH0071325,2026-02
2026-03-12,2101,GST Payable,JE0081326,Reversal entry,0.0,380667.31,-24620511.78,VCH0071326,2026-03
2025-05-14,5601,Professional Fees,JE0081327,One-time exceptional charge,439129.55,0.0,36340506.79,VCH0071327,2025-05
2025-12-10,3001,Share Capital,JE0081328,Intercompany settlement,0.0,69922.48,-21102978.52,VCH0071328,2025-12
2025-12-22,4101,Other Income,JE0081329,Vendor payment processed,0.0,160424.31,-31200180.91,VCH0071329,2025-12
2025-06-06,4101,Other Income,JE0081330,Closing balance transfer,0.0,304570.78,-31504751.69,VCH0071330,2025-06
2025-10-16,4101,Other Income,JE0081331,Reversal entry,0.0,68984.22,-31573735.91,VCH0071331,2025-10
2025-09-05,2101,GST Payable,JE0081332,Utility bills settled,0.0,298583.67,-24919095.45,VCH0071332,2025-09
2026-01-30,5401,Depreciation,JE0081333,Opening balance entry,458786.01,0.0,35299920.4,VCH0071333,2026-01
2025-10-20,1201,Inventory,JE0081334,GST payment to government,185104.09,0.0,22008976.39,VCH0071334,2025-10
2025-04-23,3001,Share Capital,JE0081335,Advance to vendor,0.0,79489.47,-21182467.99,VCH0071335,2025-04
2025-06-15,1101,Accounts Receivable,JE0081336,Depreciation charge,161483.55,0.0,38516945.0,VCH0071336,2025-06
2025-09-22,1301,Prepaid Expenses,JE0081337,Receipt from customer,413987.97,0.0,34254453.5,VCH0071337,2025-09
2025-12-24,3101,Retained Earnings,JE0081338,Miscellaneous expense claim,0.0,418924.02,-42359728.33,VCH0071338,2025-12
2025-07-02,5101,Salary Expense,JE0081339,Advance to vendor,10000.0,0.0,29895506.01,VCH0071339,2025-07
2025-04-05,1301,Prepaid Expenses,JE0081340,Loan repayment instalment,313155.74,0.0,34567609.24,VCH0071340,2025-04
2025-07-06,1101,Accounts Receivable,JE0081341,Accrual entry,359636.52,0.0,38876581.52,VCH0071341,2025-07
2025-09-16,1001,Cash,JE0081342,Suspense account transfer,306503.47,0.0,27260412.14,VCH0071342,2025-09
2025-06-16,2201,Salary Payable,JE0081343,Rent payment for premises,0.0,63874.25,-36076159.24,VCH0071343,2025-06
2026-01-22,1301,Prepaid Expenses,JE0081344,Depreciation charge,135798.29,0.0,34703407.53,VCH0071344,2026-01
2025-08-20,1201,Inventory,JE0081345,Monthly salary disbursement,454432.32,0.0,22463408.71,VCH0071345,2025-08
2025-12-05,5401,Depreciation,JE0081346,Depreciation charge,256240.85,0.0,35556161.25,VCH0071346,2025-12
2026-03-15,2101,GST Payable,JE0081347,Closing balance transfer,0.0,421493.74,-25340589.19,VCH0071347,2026-03
2025-06-17,5401,Depreciation,JE0081348,Miscellaneous expense claim,344742.76,0.0,35900904.01,VCH0071348,2025-06
2025-11-05,1201,Inventory,JE0081349,Utility bills settled,250000.0,0.0,22713408.71,VCH0071349,2025-11
2026-01-15,5601,Professional Fees,JE0081350,Correction entry – Finance Head,432814.19,0.0,36773320.98,VCH0071350,2026-01
2025-04-22,1001,Cash,JE0081351,Bank charges,402107.22,0.0,27662519.36,VCH0071351,2025-04
2025-06-23,3001,Share Capital,JE0081352,Advance to vendor,0.0,486725.33,-21669193.32,VCH0071352,2025-06
2025-11-09,5601,Professional Fees,JE0081353,Professional fee payment,405478.8,0.0,37178799.78,VCH0071353,2025-11
2025-08-23,5101,Salary Expense,JE0081354,Advance to vendor,388262.79,0.0,30283768.8,VCH0071354,2025-08
2025-12-14,3001,Share Capital,JE0081355,Reversal entry,0.0,261577.89,-21930771.21,VCH0071355,2025-12
2025-09-09,1301,Prepaid Expenses,JE0081356,Year-end rounding adjustment,155752.79,0.0,34859160.32,VCH0071356,2025-09
2025-09-15,2101,GST Payable,JE0081357,Closing balance transfer,0.0,58819.18,-25399408.37,VCH0071357,2025-09
2026-01-04,5401,Depreciation,JE0081358,Loan repayment instalment,729125.54,0.0,36630029.55,VCH0071358,2026-01
2026-03-09,5401,Depreciation,JE0081359,Journal adjustment,454707.02,0.0,37084736.57,VCH0071359,2026-03
2025-11-29,4101,Other Income,JE0081360,Intercompany settlement,0.0,217856.51,-31791592.42,VCH0071360,2025-11
2026-01-02,1301,Prepaid Expenses,JE0081361,Journal adjustment,273217.99,0.0,35132378.31,VCH0071361,2026-01
2025-11-15,5301,Utilities Expense,JE0081362,Utility bills settled,39975.7,0.0,25271213.91,VCH0071362,2025-11
2025-07-16,3101,Retained Earnings,JE0081363,Petty cash replenishment,0.0,36591.48,-42396319.81,VCH0071363,2025-07
2025-07-07,5601,Professional Fees,JE0081364,Year-end rounding adjustment,962253.29,0.0,38141053.07,VCH0071364,2025-07
2025-12-03,1002,Bank – Current Account,JE0081365,Monthly salary disbursement,420777.82,0.0,27957266.57,VCH0071365,2025-12
2025-04-02,2201,Salary Payable,JE0081366,Rent payment for premises,0.0,317967.39,-36394126.63,VCH0071366,2025-04
2025-08-21,1101,Accounts Receivable,JE0081367,Advance to vendor,461026.75,0.0,39337608.27,VCH0071367,2025-08
2025-10-13,5601,Professional Fees,JE0081368,Advance to vendor,465721.15,0.0,38606774.22,VCH0071368,2025-10
2025-07-14,2301,Short-term Loans,JE0081369,Interest income received,0.0,107160.01,-28670896.44,VCH0071369,2025-07
2025-05-20,5201,Rent Expense,JE0081370,Advance to vendor,405481.65,0.0,21169798.5,VCH0071370,2025-05
2025-08-20,2201,Salary Payable,JE0081371,Closing balance transfer,0.0,392852.76,-36786979.39,VCH0071371,2025-08
2025-11-26,5601,Professional Fees,JE0081372,Vendor payment processed,14730.96,0.0,38621505.18,VCH0071372,2025-11
2026-02-19,2101,GST Payable,JE0081373,Miscellaneous expense claim,0.0,151621.01,-25551029.38,VCH0071373,2026-02
2025-10-04,5201,Rent Expense,JE0081374,Reversal entry,369577.02,0.0,21539375.52,VCH0071374,2025-10
2025-12-28,1101,Accounts Receivable,JE0081375,Correction entry – Finance Head,261984.72,0.0,39599592.99,VCH0071375,2025-12
2025-05-30,1301,Prepaid Expenses,JE0081376,Bank charges,50000.0,0.0,35182378.31,VCH0071376,2025-05
2025-08-09,5601,Professional Fees,JE0081377,Opening balance entry,109066.52,0.0,38730571.7,VCH0071377,2025-08
2025-08-26,5201,Rent Expense,JE0081378,Customer receipt posted,291894.06,0.0,21831269.58,VCH0071378,2025-08
2025-06-25,2001,Accounts Payable,JE0081379,Interest income received,0.0,93515.25,-32064277.32,VCH0071379,2025-06
2025-11-11,1002,Bank – Current Account,JE0081380,Closing balance transfer,7383.15,0.0,27964649.72,VCH0071380,2025-11
2025-07-21,5301,Utilities Expense,JE0081381,Undisclosed provision,4089001.13,0.0,29360215.04,VCH0071381,2025-07
2025-08-09,5201,Rent Expense,JE0081382,Vendor payment processed,3685.65,0.0,21834955.23,VCH0071382,2025-08
2025-09-28,5001,Purchases,JE0081383,Vendor payment processed,201407.24,0.0,30804237.02,VCH0071383,2025-09
2025-06-22,1301,Prepaid Expenses,JE0081384,Reversal entry,427476.25,0.0,35609854.56,VCH0071384,2025-06
2026-01-17,5401,Depreciation,JE0081385,Petty cash replenishment,329752.26,0.0,37414488.83,VCH0071385,2026-01
2025-06-24,5401,Depreciation,JE0081386,Depreciation charge,240640.3,0.0,37655129.13,VCH0071386,2025-06
2025-08-12,5001,Purchases,JE0081387,Petty cash replenishment,354303.3,0.0,31158540.32,VCH0071387,2025-08
2025-09-01,1001,Cash,JE0081388,Advance to vendor,361100.31,0.0,28023619.67,VCH0071388,2025-09
2026-01-17,5001,Purchases,JE0081389,Customer receipt posted,83466.82,0.0,31242007.14,VCH0071389,2026-01
2025-04-17,4101,Other Income,JE0081390,Reversal entry,0.0,443778.43,-32235370.85,VCH0071390,2025-04
2025-07-13,2001,Accounts Payable,JE0081391,Depreciation charge,0.0,126561.08,-32190838.4,VCH0071391,2025-07
2026-01-22,2301,Short-term Loans,JE0081392,Reversal entry,0.0,439201.59,-29110098.03,VCH0071392,2026-01
2025-11-08,3001,Share Capital,JE0081393,Utility bills settled,0.0,176066.34,-22106837.55,VCH0071393,2025-11
2025-10-17,1001,Cash,JE0081394,Closing balance transfer,374806.06,0.0,28398425.73,VCH0071394,2025-10
2026-03-29,5201,Rent Expense,JE0081395,Reversal entry,9979.05,0.0,21844934.28,VCH0071395,2026-03
2026-02-15,2301,Short-term Loans,JE0081396,Correction entry – Finance Head,0.0,474870.41,-29584968.44,VCH0071396,2026-02
2026-01-22,3101,Retained Earnings,JE0081397,Advance to vendor,0.0,175131.59,-42571451.4,VCH0071397,2026-01
2026-01-19,4001,Sales Revenue,JE0081398,GST payment to government,0.0,466059.39,-16450956.84,VCH0071398,2026-01
2026-01-19,5201,Rent Expense,JE0081399,Rent payment for premises,377475.41,0.0,22222409.69,VCH0071399,2026-01
2025-07-09,5001,Purchases,JE0081400,Receipt from customer,454840.18,0.0,31696847.32,VCH0071400,2025-07
2026-02-21,5201,Rent Expense,JE0081401,Accrual entry,976310.37,0.0,23198720.06,VCH0071401,2026-02
2026-01-16,4001,Sales Revenue,JE0081402,Reversal entry,0.0,105195.06,-16556151.9,VCH0071402,2026-01
2025-05-16,3001,Share Capital,JE0081403,Interest income received,0.0,243020.37,-22349857.92,VCH0071403,2025-05
2026-01-10,2201,Salary Payable,JE0081404,Reversal entry,0.0,12231.68,-36799211.07,VCH0071404,2026-01
2025-07-01,3001,Share Capital,JE0081405,Journal adjustment,0.0,216460.34,-22566318.26,VCH0071405,2025-07
2026-02-05,5601,Professional Fees,JE0081406,Journal adjustment,6986.54,0.0,38737558.24,VCH0071406,2026-02
2025-04-17,1001,Cash,JE0081407,Monthly salary disbursement,47441.44,0.0,28445867.17,VCH0071407,2025-04
2025-09-05,3101,Retained Earnings,JE0081408,Vendor payment processed,0.0,263082.06,-42834533.46,VCH0071408,2025-09
2025-10-29,2101,GST Payable,JE0081409,Journal adjustment,0.0,485924.13,-26036953.51,VCH0071409,2025-10
2025-08-12,1101,Accounts Receivable,JE0081410,Interest income received,496415.02,0.0,40096008.01,VCH0071410,2025-08
2025-10-14,1201,Inventory,JE0081411,Manual override – audit bypass,388780.03,0.0,23102188.74,VCH0071411,2025-10
2025-09-07,1001,Cash,JE0081412,Interest income received,419703.2,0.0,28865570.37,VCH0071412,2025-09
2025-07-24,5201,Rent Expense,JE0081413,Vendor payment processed,265392.63,0.0,23464112.69,VCH0071413,2025-07
2025-10-13,5501,Miscellaneous Expense,JE0081414,Loan repayment instalment,231164.07,0.0,27239807.58,VCH0071414,2025-10
2026-01-25,1002,Bank – Current Account,JE0081415,Rent payment for premises,337954.46,0.0,28302604.18,VCH0071415,2026-01
2025-11-21,2101,GST Payable,JE0081416,Miscellaneous expense claim,0.0,91011.53,-26127965.04,VCH0071416,2025-11
2025-10-04,1002,Bank – Current Account,JE0081417,Receipt from customer,254704.15,0.0,28557308.33,VCH0071417,2025-10
2025-08-15,2001,Accounts Payable,JE0081418,Interest income received,0.0,455630.17,-32646468.57,VCH0071418,2025-08
2025-10-03,4001,Sales Revenue,JE0081419,Closing balance transfer,0.0,457545.22,-17013697.12,VCH0071419,2025-10
2025-11-26,5201,Rent Expense,JE0081420,Rent payment for premises,4052.95,0.0,23468165.64,VCH0071420,2025-11
2025-05-20,5601,Professional Fees,JE0081421,Closing balance transfer,416851.64,0.0,39154409.88,VCH0071421,2025-05
2026-01-01,5001,Purchases,JE0081422,Bank charges,1652596.94,0.0,33349444.26,VCH0071422,2026-01
2025-12-17,5001,Purchases,JE0081423,Reversal entry,276136.43,0.0,33625580.69,VCH0071423,2025-12
2025-05-03,5001,Purchases,JE0081424,Accrual entry,17949.23,0.0,33643529.92,VCH0071424,2025-05
2025-09-25,2101,GST Payable,JE0081425,Undisclosed provision,0.0,250726.76,-26378691.8,VCH0071425,2025-09
2026-03-23,2101,GST Payable,JE0081426,Opening balance entry,0.0,457944.96,-26836636.76,VCH0071426,2026-03
2025-06-26,1002,Bank – Current Account,JE0081427,Year-end rounding adjustment,191648.07,0.0,28748956.4,VCH0071427,2025-06
2026-03-03,5201,Rent Expense,JE0081428,Advance to vendor,212436.39,0.0,23680602.03,VCH0071428,2026-03
2025-09-19,2301,Short-term Loans,JE0081429,Receipt from customer,0.0,259362.18,-29844330.62,VCH0071429,2025-09
2026-02-19,5501,Miscellaneous Expense,JE0081430,Closing balance transfer,132906.33,0.0,27372713.91,VCH0071430,2026-02
2026-02-16,4001,Sales Revenue,JE0081431,Loan repayment instalment,0.0,404669.68,-17418366.8,VCH0071431,2026-02
2025-09-11,2301,Short-term Loans,JE0081432,Utility bills settled,0.0,324063.35,-30168393.97,VCH0071432,2025-09
2025-08-02,4001,Sales Revenue,JE0081433,GST payment to government,0.0,221620.43,-17639987.23,VCH0071433,2025-08
2025-08-18,5401,Depreciation,JE0081434,Accrual entry,339773.42,0.0,37994902.55,VCH0071434,2025-08
2026-02-23,2201,Salary Payable,JE0081435,Professional fee payment,0.0,312059.86,-37111270.93,VCH0071435,2026-02
2025-08-22,4001,Sales Revenue,JE0081436,Customer receipt posted,0.0,277205.84,-17917193.07,VCH0071436,2025-08
2025-10-09,1001,Cash,JE0081437,Petty cash replenishment,115171.25,0.0,28980741.62,VCH0071437,2025-10
2025-10-24,4001,Sales Revenue,JE0081438,GST payment to government,0.0,290382.77,-18207575.84,VCH0071438,2025-10
2026-03-18,5001,Purchases,JE0081439,Accrual entry,821572.24,0.0,34465102.16,VCH0071439,2026-03
2025-04-15,2301,Short-term Loans,JE0081440,Closing balance transfer,0.0,237621.93,-30406015.9,VCH0071440,2025-04
2025-05-15,2301,Short-term Loans,JE0081441,Receipt from customer,0.0,176198.2,-30582214.1,VCH0071441,2025-05
2025-04-16,2301,Short-term Loans,JE0081442,Customer receipt posted,0.0,157455.92,-30739670.02,VCH0071442,2025-04
2025-10-26,1301,Prepaid Expenses,JE0081443,Loan repayment instalment,180801.59,0.0,35790656.15,VCH0071443,2025-10
2025-11-08,5501,Miscellaneous Expense,JE0081444,Miscellaneous expense claim,103384.74,0.0,27476098.65,VCH0071444,2025-11
2025-08-15,5001,Purchases,JE0081445,Receipt from customer,345982.64,0.0,34811084.8,VCH0071445,2025-08
2025-07-21,2201,Salary Payable,JE0081446,Utility bills settled,0.0,425456.9,-37536727.83,VCH0071446,2025-07
2026-02-12,5501,Miscellaneous Expense,JE0081447,Rent payment for premises,237531.25,0.0,27713629.9,VCH0071447,2026-02
2026-03-29,1002,Bank – Current Account,JE0081448,Bank charges,477486.1,0.0,29226442.5,VCH0071448,2026-03
2025-04-28,1101,Accounts Receivable,JE0081449,Vendor payment processed,438624.33,0.0,40534632.34,VCH0071449,2025-04
2025-04-23,5001,Purchases,JE0081450,Reversal entry,241727.89,0.0,35052812.69,VCH0071450,2025-04
2025-09-15,5601,Professional Fees,JE0081451,Miscellaneous expense claim,57934.85,0.0,39212344.73,VCH0071451,2025-09
2026-01-15,5201,Rent Expense,JE0081452,Suspense account transfer,317106.86,0.0,23997708.89,VCH0071452,2026-01
2025-11-05,1001,Cash,JE0081453,Depreciation charge,44053.93,0.0,29024795.55,VCH0071453,2025-11
2025-08-17,4001,Sales Revenue,JE0081454,Undisclosed provision,0.0,353054.35,-18560630.19,VCH0071454,2025-08
2025-04-12,3101,Retained Earnings,JE0081455,Advance to vendor,0.0,472945.62,-43307479.08,VCH0071455,2025-04
2025-10-27,2001,Accounts Payable,JE0081456,Closing balance transfer,0.0,16336.31,-32662804.88,VCH0071456,2025-10
2025-11-27,5301,Utilities Expense,JE0081457,Journal adjustment,167393.01,0.0,29527608.05,VCH0071457,2025-11
2026-03-15,5401,Depreciation,JE0081458,GST payment to government,471195.27,0.0,38466097.82,VCH0071458,2026-03
2025-05-19,4101,Other Income,JE0081459,Bank charges,0.0,431416.34,-32666787.19,VCH0071459,2025-05
2025-11-23,5201,Rent Expense,JE0081460,Interest income received,127150.03,0.0,24124858.92,VCH0071460,2025-11
2026-03-11,3001,Share Capital,JE0081461,Petty cash replenishment,0.0,51675.79,-22617994.05,VCH0071461,2026-03
2025-11-15,5301,Utilities Expense,JE0081462,Accrual entry,4986.29,0.0,29532594.34,VCH0071462,2025-11
2025-05-04,5501,Miscellaneous Expense,JE0081463,Receipt from customer,379368.07,0.0,28092997.97,VCH0071463,2025-05
2025-11-05,1001,Cash,JE0081464,Journal adjustment,134030.4,0.0,29158825.95,VCH0071464,2025-11
2026-01-01,2101,GST Payable,JE0081465,Miscellaneous expense claim,0.0,340524.81,-27177161.57,VCH0071465,2026-01
2025-07-10,5301,Utilities Expense,JE0081466,Suspense account transfer,4124887.77,0.0,33657482.11,VCH0071466,2025-07
2025-07-19,5101,Salary Expense,JE0081467,One-time exceptional charge,2447867.79,0.0,32731636.59,VCH0071467,2025-07
2025-08-28,1001,Cash,JE0081468,Interest income received,438881.64,0.0,29597707.59,VCH0071468,2025-08
2025-04-30,5301,Utilities Expense,JE0081469,Petty cash replenishment,307362.39,0.0,33964844.5,VCH0071469,2025-04
2026-02-02,4101,Other Income,JE0081470,Monthly salary disbursement,0.0,566838.54,-33233625.73,VCH0071470,2026-02
2025-12-14,5601,Professional Fees,JE0081471,Manual override – audit bypass,4228833.17,0.0,43441177.9,VCH0071471,2025-12
2025-07-20,5501,Miscellaneous Expense,JE0081472,Year-end rounding adjustment,607797.42,0.0,28700795.39,VCH0071472,2025-07
2025-04-03,5001,Purchases,JE0081473,One-time exceptional charge,4301337.48,0.0,39354150.17,VCH0071473,2025-04
2025-04-28,5601,Professional Fees,JE0081474,Advance to vendor,62536.86,0.0,43503714.76,VCH0071474,2025-04
2025-06-06,1002,Bank – Current Account,JE0081475,Interest income received,303722.33,0.0,29530164.83,VCH0071475,2025-06
2025-07-10,4101,Other Income,JE0081476,Interest income received,0.0,109862.96,-33343488.69,VCH0071476,2025-07
2025-10-22,4001,Sales Revenue,JE0081477,Vendor payment processed,0.0,176635.8,-18737265.99,VCH0071477,2025-10
2026-02-24,5601,Professional Fees,JE0081478,Advance to vendor,296787.72,0.0,43800502.48,VCH0071478,2026-02
2025-07-02,1002,Bank – Current Account,JE0081479,Petty cash replenishment,341467.36,0.0,29871632.19,VCH0071479,2025-07
2026-02-16,1301,Prepaid Expenses,JE0081480,Petty cash replenishment,304824.35,0.0,36095480.5,VCH0071480,2026-02
2025-04-03,3101,Retained Earnings,JE0081481,Utility bills settled,0.0,11484.83,-43318963.91,VCH0071481,2025-04
2026-03-30,1002,Bank – Current Account,JE0081482,Accrual entry,1723214.54,0.0,31594846.73,VCH0071482,2026-03
2025-09-02,1002,Bank – Current Account,JE0081483,Rent payment for premises,264408.58,0.0,31859255.31,VCH0071483,2025-09
2025-07-31,5501,Miscellaneous Expense,JE0081484,Customer receipt posted,455068.78,0.0,29155864.17,VCH0071484,2025-07
2026-03-29,3001,Share Capital,JE0081485,Accrual entry,0.0,224419.59,-22842413.64,VCH0071485,2026-03
2026-02-02,5201,Rent Expense,JE0081486,Petty cash replenishment,223811.91,0.0,24348670.83,VCH0071486,2026-02
2025-08-17,1301,Prepaid Expenses,JE0081487,Professional fee payment,415598.34,0.0,36511078.84,VCH0071487,2025-08
2025-12-26,2201,Salary Payable,JE0081488,Advance to vendor,0.0,415018.67,-37951746.5,VCH0071488,2025-12
2026-03-14,1301,Prepaid Expenses,JE0081489,Year-end rounding adjustment,94303.06,0.0,36605381.9,VCH0071489,2026-03
2026-01-26,1301,Prepaid Expenses,JE0081490,Rent payment for premises,177840.39,0.0,36783222.29,VCH0071490,2026-01
2025-10-04,4001,Sales Revenue,JE0081491,Opening balance entry,0.0,323437.38,-19060703.37,VCH0071491,2025-10
2025-09-21,3101,Retained Earnings,JE0081492,Customer receipt posted,0.0,250000.0,-43568963.91,VCH0071492,2025-09
2025-06-03,5301,Utilities Expense,JE0081493,Interest income received,287806.16,0.0,34252650.66,VCH0071493,2025-06
2025-12-13,2301,Short-term Loans,JE0081494,Rent payment for premises,0.0,227014.57,-30966684.59,VCH0071494,2025-12
2026-03-29,1001,Cash,JE0081495,Accrual entry,381222.41,0.0,29978930.0,VCH0071495,2026-03
2025-09-14,1201,Inventory,JE0081496,Accrual entry,368678.56,0.0,23470867.3,VCH0071496,2025-09
2025-08-26,2301,Short-term Loans,JE0081497,Miscellaneous expense claim,0.0,203907.33,-31170591.92,VCH0071497,2025-08
2025-11-14,1001,Cash,JE0081498,Intercompany settlement,4697494.33,0.0,34676424.33,VCH0071498,2025-11
2026-02-02,4001,Sales Revenue,JE0081499,Petty cash replenishment,0.0,349035.67,-19409739.04,VCH0071499,2026-02
2025-12-18,5301,Utilities Expense,JE0081500,Customer receipt posted,39362.6,0.0,34292013.26,VCH0071500,2025-12
2026-03-06,1301,Prepaid Expenses,JE0081501,Closing balance transfer,76695.43,0.0,36859917.72,VCH0071501,2026-03
2025-11-18,5101,Salary Expense,JE0081502,Journal adjustment,313978.91,0.0,33045615.5,VCH0071502,2025-11
2025-10-07,2001,Accounts Payable,JE0081503,Rent payment for premises,0.0,142293.99,-32805098.87,VCH0071503,2025-10
2025-08-26,1301,Prepaid Expenses,JE0081504,Suspense account transfer,368462.07,0.0,37228379.79,VCH0071504,2025-08
2025-04-20,5601,Professional Fees,JE0081505,Customer receipt posted,9004.92,0.0,43809507.4,VCH0071505,2025-04
2025-10-04,3101,Retained Earnings,JE0081506,Miscellaneous expense claim,0.0,300122.79,-43869086.7,VCH0071506,2025-10
2026-03-19,5501,Miscellaneous Expense,JE0081507,Closing balance transfer,368737.19,0.0,29524601.36,VCH0071507,2026-03
2025-11-10,1201,Inventory,JE0081508,Petty cash replenishment,213472.59,0.0,23684339.89,VCH0071508,2025-11
2026-03-04,5001,Purchases,JE0081509,Rent payment for premises,422804.43,0.0,39776954.6,VCH0071509,2026-03
2026-01-04,3101,Retained Earnings,JE0081510,Closing balance transfer,0.0,1867245.51,-45736332.21,VCH0071510,2026-01
2025-04-11,5601,Professional Fees,JE0081511,Rent payment for premises,188114.25,0.0,43997621.65,VCH0071511,2025-04
2026-01-19,5201,Rent Expense,JE0081512,Receipt from customer,1391125.97,0.0,25739796.8,VCH0071512,2026-01
2025-10-06,3001,Share Capital,JE0081513,Petty cash replenishment,0.0,10000.0,-22852413.64,VCH0071513,2025-10
2025-04-29,1002,Bank – Current Account,JE0081514,Advance to vendor,169822.92,0.0,32029078.23,VCH0071514,2025-04
2025-09-28,3001,Share Capital,JE0081515,Professional fee payment,0.0,178145.38,-23030559.02,VCH0071515,2025-09
2025-06-02,2001,Accounts Payable,JE0081516,Reversal entry,0.0,212269.36,-33017368.23,VCH0071516,2025-06
2026-03-03,4001,Sales Revenue,JE0081517,Opening balance entry,0.0,242085.35,-19651824.39,VCH0071517,2026-03
2026-02-08,5401,Depreciation,JE0081518,Vendor payment processed,178382.63,0.0,38644480.45,VCH0071518,2026-02
2025-05-17,5501,Miscellaneous Expense,JE0081519,Opening balance entry,15469.66,0.0,29540071.02,VCH0071519,2025-05
2025-07-12,3001,Share Capital,JE0081520,Monthly salary disbursement,0.0,40189.12,-23070748.14,VCH0071520,2025-07
2025-09-12,5401,Depreciation,JE0081521,Correction entry – Finance Head,383096.38,0.0,39027576.83,VCH0071521,2025-09
2026-01-24,5101,Salary Expense,JE0081522,Receipt from customer,116141.04,0.0,33161756.54,VCH0071522,2026-01
2026-02-10,1002,Bank – Current Account,JE0081523,Loan repayment instalment,340983.95,0.0,32370062.18,VCH0071523,2026-02
2025-04-19,5001,Purchases,JE0081524,Accrual entry,261994.33,0.0,40038948.93,VCH0071524,2025-04
2025-04-18,1101,Accounts Receivable,JE0081525,Advance to vendor,50000.0,0.0,40584632.34,VCH0071525,2025-04
2026-01-31,2101,GST Payable,JE0081526,Rent payment for premises,0.0,39600.31,-27216761.88,VCH0071526,2026-01
2025-04-23,2001,Accounts Payable,JE0081527,Miscellaneous expense claim,0.0,81300.82,-33098669.05,VCH0071527,2025-04
2026-01-28,2201,Salary Payable,JE0081528,Opening balance entry,0.0,1886818.92,-39838565.42,VCH0071528,2026-01
2025-07-04,1002,Bank – Current Account,JE0081529,Loan repayment instalment,454868.7,0.0,32824930.88,VCH0071529,2025-07
2025-12-22,5101,Salary Expense,JE0081530,Monthly salary disbursement,85195.08,0.0,33246951.62,VCH0071530,2025-12
2025-12-27,2101,GST Payable,JE0081531,Closing balance transfer,0.0,148928.52,-27365690.4,VCH0071531,2025-12
2025-11-18,5001,Purchases,JE0081532,Loan repayment instalment,216422.32,0.0,40255371.25,VCH0071532,2025-11
2025-04-05,1301,Prepaid Expenses,JE0081533,Miscellaneous expense claim,272066.96,0.0,37500446.75,VCH0071533,2025-04
2025-08-29,2001,Accounts Payable,JE0081534,Receipt from customer,0.0,93580.78,-33192249.83,VCH0071534,2025-08
2025-06-16,2301,Short-term Loans,JE0081535,Opening balance entry,0.0,364101.4,-31534693.32,VCH0071535,2025-06
2025-08-10,1001,Cash,JE0081536,Reversal entry,231818.46,0.0,34908242.79,VCH0071536,2025-08
2025-12-10,2001,Accounts Payable,JE0081537,Opening balance entry,0.0,299835.86,-33492085.69,VCH0071537,2025-12
2026-02-28,5601,Professional Fees,JE0081538,Monthly salary disbursement,163967.25,0.0,44161588.9,VCH0071538,2026-02
2025-11-14,5201,Rent Expense,JE0081539,Miscellaneous expense claim,412482.01,0.0,26152278.81,VCH0071539,2025-11
2025-09-07,2001,Accounts Payable,JE0081540,Closing balance transfer,0.0,194391.1,-33686476.79,VCH0071540,2025-09
2025-10-14,2301,Short-term Loans,JE0081541,Petty cash replenishment,0.0,407816.01,-31942509.33,VCH0071541,2025-10
2025-08-06,3101,Retained Earnings,JE0081542,Professional fee payment,0.0,46379.81,-45782712.02,VCH0071542,2025-08
2025-09-07,4101,Other Income,JE0081543,Petty cash replenishment,0.0,326970.44,-33670459.13,VCH0071543,2025-09
2026-02-15,1301,Prepaid Expenses,JE0081544,Bank charges,189737.91,0.0,37690184.66,VCH0071544,2026-02
2026-01-15,5401,Depreciation,JE0081545,Depreciation charge,402699.33,0.0,39430276.16,VCH0071545,2026-01
2026-03-08,5001,Purchases,JE0081546,Correction entry – Finance Head,498001.84,0.0,40753373.09,VCH0071546,2026-03
2025-06-11,2001,Accounts Payable,JE0081547,Utility bills settled,0.0,288480.98,-33974957.77,VCH0071547,2025-06
2025-08-15,1301,Prepaid Expenses,JE0081548,Journal adjustment,192162.48,0.0,37882347.14,VCH0071548,2025-08
2025-11-26,2201,Salary Payable,JE0081549,Loan repayment instalment,0.0,25000.0,-39863565.42,VCH0071549,2025-11
2025-04-28,2301,Short-term Loans,JE0081550,Monthly salary disbursement,0.0,490633.61,-32433142.94,VCH0071550,2025-04
2025-09-02,5201,Rent Expense,JE0081551,Accrual entry,353568.63,0.0,26505847.44,VCH0071551,2025-09
2026-02-03,1002,Bank – Current Account,JE0081552,Professional fee payment,1595724.82,0.0,34420655.7,VCH0071552,2026-02
2026-03-06,5101,Salary Expense,JE0081553,One-time exceptional charge,2297275.16,0.0,35544226.78,VCH0071553,2026-03
2026-03-13,5401,Depreciation,JE0081554,Advance to vendor,1563.42,0.0,39431839.58,VCH0071554,2026-03
2025-10-20,1301,Prepaid Expenses,JE0081555,Journal adjustment,318782.08,0.0,38201129.22,VCH0071555,2025-10
2026-02-03,2301,Short-term Loans,JE0081556,Opening balance entry,0.0,132351.84,-32565494.78,VCH0071556,2026-02
2025-10-06,1002,Bank – Current Account,JE0081557,Depreciation charge,205837.88,0.0,34626493.58,VCH0071557,2025-10
2025-08-08,2301,Short-term Loans,JE0081558,Customer receipt posted,0.0,89197.01,-32654691.79,VCH0071558,2025-08
2025-08-07,5101,Salary Expense,JE0081559,Correction entry – Finance Head,228228.59,0.0,35772455.37,VCH0071559,2025-08
2025-09-14,2201,Salary Payable,JE0081560,Bank charges,0.0,41869.63,-39905435.05,VCH0071560,2025-09
2026-03-10,4001,Sales Revenue,JE0081561,Vendor payment processed,0.0,472056.22,-20123880.61,VCH0071561,2026-03
2026-02-16,4001,Sales Revenue,JE0081562,Loan repayment instalment,0.0,51090.22,-20174970.83,VCH0071562,2026-02
2025-09-11,5401,Depreciation,JE0081563,Monthly salary disbursement,25306.21,0.0,39457145.79,VCH0071563,2025-09
2025-07-05,2001,Accounts Payable,JE0081564,Accrual entry,0.0,354931.44,-34329889.21,VCH0071564,2025-07
2026-03-30,5001,Purchases,JE0081565,GST payment to government,497554.08,0.0,41250927.17,VCH0071565,2026-03
2025-06-05,2301,Short-term Loans,JE0081566,Petty cash replenishment,0.0,25000.0,-32679691.79,VCH0071566,2025-06
2025-12-15,1002,Bank – Current Account,JE0081567,Correction entry – Finance Head,307993.55,0.0,34934487.13,VCH0071567,2025-12
2025-10-04,1002,Bank – Current Account,JE0081568,Utility bills settled,25000.0,0.0,34959487.13,VCH0071568,2025-10
2025-09-26,2301,Short-term Loans,JE0081569,Miscellaneous expense claim,0.0,229834.47,-32909526.26,VCH0071569,2025-09
2025-10-03,5001,Purchases,JE0081570,Vendor payment processed,309258.23,0.0,41560185.4,VCH0071570,2025-10
2025-04-10,5201,Rent Expense,JE0081571,Advance to vendor,351793.6,0.0,26857641.04,VCH0071571,2025-04
2025-05-28,1201,Inventory,JE0081572,Petty cash replenishment,400985.71,0.0,24085325.6,VCH0071572,2025-05
2025-04-23,2101,GST Payable,JE0081573,Vendor payment processed,0.0,156399.57,-27522089.97,VCH0071573,2025-04
2025-07-23,1201,Inventory,JE0081574,Correction entry – Finance Head,680668.22,0.0,24765993.82,VCH0071574,2025-07
2025-06-11,1301,Prepaid Expenses,JE0081575,Reversal entry,54813.11,0.0,38255942.33,VCH0071575,2025-06
2025-07-12,3101,Retained Earnings,JE0081576,Rent payment for premises,0.0,411641.49,-46194353.51,VCH0071576,2025-07
2025-04-23,1301,Prepaid Expenses,JE0081577,Monthly salary disbursement,142067.55,0.0,38398009.88,VCH0071577,2025-04
2025-08-06,3001,Share Capital,JE0081578,GST payment to government,0.0,400025.04,-23470773.18,VCH0071578,2025-08
2025-10-21,4001,Sales Revenue,JE0081579,GST payment to government,0.0,428018.93,-20602989.76,VCH0071579,2025-10
2025-09-30,5001,Purchases,JE0081580,Accrual entry,50000.0,0.0,41610185.4,VCH0071580,2025-09
2025-08-07,1301,Prepaid Expenses,JE0081581,Professional fee payment,227117.74,0.0,38625127.62,VCH0071581,2025-08
2025-06-11,5101,Salary Expense,JE0081582,Loan repayment instalment,447176.58,0.0,36219631.95,VCH0071582,2025-06
2025-04-30,5201,Rent Expense,JE0081583,Professional fee payment,72414.71,0.0,26930055.75,VCH0071583,2025-04
2026-03-17,4001,Sales Revenue,JE0081584,Reversal entry,0.0,461689.98,-21064679.74,VCH0071584,2026-03
2025-11-23,3101,Retained Earnings,JE0081585,Monthly salary disbursement,0.0,10000.0,-46204353.51,VCH0071585,2025-11
2025-05-17,5301,Utilities Expense,JE0081586,Closing balance transfer,424771.36,0.0,34716784.62,VCH0071586,2025-05
2025-08-02,2001,Accounts Payable,JE0081587,Petty cash replenishment,0.0,182805.23,-34512694.44,VCH0071587,2025-08
2025-04-09,2201,Salary Payable,JE0081588,Advance to vendor,0.0,315007.1,-40220442.15,VCH0071588,2025-04
2026-03-25,5501,Miscellaneous Expense,JE0081589,Monthly salary disbursement,160176.05,0.0,29700247.07,VCH0071589,2026-03
2025-11-13,1002,Bank – Current Account,JE0081590,Petty cash replenishment,291050.0,0.0,35250537.13,VCH0071590,2025-11
2025-07-26,5301,Utilities Expense,JE0081591,Depreciation charge,16517.57,0.0,34733302.19,VCH0071591,2025-07
2025-12-27,5001,Purchases,JE0081592,One-time exceptional charge,4028545.88,0.0,45638731.28,VCH0071592,2025-12
2025-04-18,1301,Prepaid Expenses,JE0081593,Monthly salary disbursement,152641.29,0.0,38777768.91,VCH0071593,2025-04
2025-12-15,5401,Depreciation,JE0081594,Professional fee payment,16872.19,0.0,39474017.98,VCH0071594,2025-12
2025-07-07,2201,Salary Payable,JE0081595,Advance to vendor,0.0,142574.38,-40363016.53,VCH0071595,2025-07
2025-07-13,5001,Purchases,JE0081596,Vendor payment processed,382094.5,0.0,46020825.78,VCH0071596,2025-07
2025-07-09,3001,Share Capital,JE0081597,Urgent adjustment – CEO approval,0.0,2594580.13,-26065353.31,VCH0071597,2025-07
2025-10-25,1201,Inventory,JE0081598,Manual override – audit bypass,3969809.99,0.0,28735803.81,VCH0071598,2025-10
2025-04-17,5101,Salary Expense,JE0081599,Utility bills settled,320073.86,0.0,36539705.81,VCH0071599,2025-04
2025-11-12,2301,Short-term Loans,JE0081600,Rent payment for premises,0.0,10000.0,-32919526.26,VCH0071600,2025-11
2025-06-26,5601,Professional Fees,JE0081601,Loan repayment instalment,276123.78,0.0,44437712.68,VCH0071601,2025-06
2025-11-27,5501,Miscellaneous Expense,JE0081602,Reversal entry,46721.02,0.0,29746968.09,VCH0071602,2025-11
2025-11-19,1201,Inventory,JE0081603,Closing balance transfer,189606.29,0.0,28925410.1,VCH0071603,2025-11
2025-05-19,5601,Professional Fees,JE0081604,Loan repayment instalment,247043.56,0.0,44684756.24,VCH0071604,2025-05
2025-04-16,2201,Salary Payable,JE0081605,Monthly salary disbursement,0.0,381855.09,-40744871.62,VCH0071605,2025-04
2026-01-27,4001,Sales Revenue,JE0081606,Receipt from customer,0.0,42439.13,-21107118.87,VCH0071606,2026-01
2026-03-25,2201,Salary Payable,JE0081607,Bank charges,0.0,239908.53,-40984780.15,VCH0071607,2026-03
2026-02-24,3001,Share Capital,JE0081608,Accrual entry,0.0,250034.04,-26315387.35,VCH0071608,2026-02
2025-09-01,2301,Short-term Loans,JE0081609,Advance to vendor,0.0,22058.61,-32941584.87,VCH0071609,2025-09
2025-09-29,3001,Share Capital,JE0081610,Professional fee payment,0.0,414103.31,-26729490.66,VCH0071610,2025-09
2025-11-26,4001,Sales Revenue,JE0081611,Journal adjustment,0.0,11216.4,-21118335.27,VCH0071611,2025-11
2026-01-21,1001,Cash,JE0081612,GST payment to government,130849.39,0.0,35039092.18,VCH0071612,2026-01
2025-11-04,3101,Retained Earnings,JE0081613,GST payment to government,0.0,74028.85,-46278382.36,VCH0071613,2025-11
2025-10-28,2001,Accounts Payable,JE0081614,Utility bills settled,0.0,13521.64,-34526216.08,VCH0071614,2025-10
2025-06-02,1101,Accounts Receivable,JE0081615,Accrual entry,280775.95,0.0,40865408.29,VCH0071615,2025-06
2026-02-05,1001,Cash,JE0081616,Loan repayment instalment,443132.5,0.0,35482224.68,VCH0071616,2026-02
2026-02-27,5501,Miscellaneous Expense,JE0081617,Depreciation charge,34467.61,0.0,29781435.7,VCH0071617,2026-02
2025-05-05,5401,Depreciation,JE0081618,Customer receipt posted,327013.41,0.0,39801031.39,VCH0071618,2025-05
2025-12-12,1301,Prepaid Expenses,JE0081619,GST payment to government,345302.21,0.0,39123071.12,VCH0071619,2025-12
2025-11-23,5301,Utilities Expense,JE0081620,Journal adjustment,232737.09,0.0,34966039.28,VCH0071620,2025-11
2025-08-21,1101,Accounts Receivable,JE0081621,Closing balance transfer,335676.78,0.0,41201085.07,VCH0071621,2025-08
2025-06-06,5301,Utilities Expense,JE0081622,Rent payment for premises,440530.18,0.0,35406569.46,VCH0071622,2025-06
2025-10-23,5601,Professional Fees,JE0081623,Urgent adjustment – CEO approval,153301.39,0.0,44838057.63,VCH0071623,2025-10
2026-01-30,3101,Retained Earnings,JE0081624,Bank charges,0.0,181327.48,-46459709.84,VCH0071624,2026-01
2025-06-16,2001,Accounts Payable,JE0081625,Rent payment for premises,0.0,18940.96,-34545157.04,VCH0071625,2025-06
2026-01-17,2201,Salary Payable,JE0081626,Closing balance transfer,0.0,466908.57,-41451688.72,VCH0071626,2026-01
2026-03-10,5301,Utilities Expense,JE0081627,Advance to vendor,305100.81,0.0,35711670.27,VCH0071627,2026-03
2025-05-25,4001,Sales Revenue,JE0081628,Depreciation charge,0.0,212495.66,-21330830.93,VCH0071628,2025-05
2026-02-22,5001,Purchases,JE0081629,Advance to vendor,236705.39,0.0,46257531.17,VCH0071629,2026-02
2026-03-04,1201,Inventory,JE0081630,Depreciation charge,1481182.83,0.0,30406592.93,VCH0071630,2026-03
2025-11-17,5201,Rent Expense,JE0081631,Advance to vendor,303802.79,0.0,27233858.54,VCH0071631,2025-11
2025-09-05,5401,Depreciation,JE0081632,Suspense account transfer,1472720.69,0.0,41273752.08,VCH0071632,2025-09
2025-06-30,1201,Inventory,JE0081633,Urgent adjustment – CEO approval,175658.64,0.0,30582251.57,VCH0071633,2025-06
2026-03-23,1002,Bank – Current Account,JE0081634,Depreciation charge,190293.09,0.0,35440830.22,VCH0071634,2026-03
2025-10-13,1301,Prepaid Expenses,JE0081635,Journal adjustment,1000000.0,0.0,40123071.12,VCH0071635,2025-10
2025-11-02,5501,Miscellaneous Expense,JE0081636,Bank charges,481101.12,0.0,30262536.82,VCH0071636,2025-11
2026-03-14,2201,Salary Payable,JE0081637,Monthly salary disbursement,0.0,19267.07,-41470955.79,VCH0071637,2026-03
2026-01-11,5201,Rent Expense,JE0081638,Professional fee payment,108766.4,0.0,27342624.94,VCH0071638,2026-01
2025-12-20,1301,Prepaid Expenses,JE0081639,Journal adjustment,399022.27,0.0,40522093.39,VCH0071639,2025-12
2025-09-17,3101,Retained Earnings,JE0081640,GST payment to government,0.0,89379.04,-46549088.88,VCH0071640,2025-09
2026-01-07,2301,Short-term Loans,JE0081641,Depreciation charge,0.0,478074.2,-33419659.07,VCH0071641,2026-01
2025-07-05,1201,Inventory,JE0081642,Receipt from customer,279486.0,0.0,30861737.57,VCH0071642,2025-07
2025-07-10,5501,Miscellaneous Expense,JE0081643,Advance to vendor,145546.22,0.0,30408083.04,VCH0071643,2025-07
2025-06-24,5501,Miscellaneous Expense,JE0081644,Utility bills settled,400421.46,0.0,30808504.5,VCH0071644,2025-06
2026-02-25,5101,Salary Expense,JE0081645,Opening balance entry,230314.98,0.0,36770020.79,VCH0071645,2026-02
2025-08-04,1001,Cash,JE0081646,Depreciation charge,284045.18,0.0,35766269.86,VCH0071646,2025-08
2026-02-24,4001,Sales Revenue,JE0081647,One-time exceptional charge,0.0,324362.1,-21655193.03,VCH0071647,2026-02
2025-12-04,5201,Rent Expense,JE0081648,Bank charges,390596.86,0.0,27733221.8,VCH0071648,2025-12
2026-01-17,1101,Accounts Receivable,JE0081649,Petty cash replenishment,1371702.93,0.0,42572788.0,VCH0071649,2026-01
2025-09-27,2101,GST Payable,JE0081650,Monthly salary disbursement,0.0,124193.72,-27646283.69,VCH0071650,2025-09
2025-09-28,5201,Rent Expense,JE0081651,Bank charges,16312.97,0.0,27749534.77,VCH0071651,2025-09
2025-04-26,2001,Accounts Payable,JE0081652,Accrual entry,0.0,309640.99,-34854798.03,VCH0071652,2025-04
2025-10-12,2101,GST Payable,JE0081653,Advance to vendor,0.0,295966.31,-27942250.0,VCH0071653,2025-10
2025-07-05,5001,Purchases,JE0081654,Depreciation charge,441089.19,0.0,46698620.36,VCH0071654,2025-07
2025-10-26,1201,Inventory,JE0081655,Closing balance transfer,268152.52,0.0,31129890.09,VCH0071655,2025-10
2025-04-09,3101,Retained Earnings,JE0081656,Manual override – audit bypass,0.0,2298810.75,-48847899.63,VCH0071656,2025-04
2026-02-24,5501,Miscellaneous Expense,JE0081657,Depreciation charge,457976.87,0.0,31266481.37,VCH0071657,2026-02
2025-04-09,1101,Accounts Receivable,JE0081658,Journal adjustment,150271.06,0.0,42723059.06,VCH0071658,2025-04
2025-08-12,5201,Rent Expense,JE0081659,Advance to vendor,311305.78,0.0,28060840.55,VCH0071659,2025-08
2026-01-01,1201,Inventory,JE0081660,Accrual entry,302928.02,0.0,31432818.11,VCH0071660,2026-01
2026-02-22,5401,Depreciation,JE0081661,Interest income received,307668.85,0.0,41581420.93,VCH0071661,2026-02
2025-06-19,2101,GST Payable,JE0081662,Bank charges,0.0,381449.08,-28323699.08,VCH0071662,2025-06
2025-07-17,3101,Retained Earnings,JE0081663,Accrual entry,0.0,264570.35,-49112469.98,VCH0071663,2025-07
2025-12-12,3101,Retained Earnings,JE0081664,Petty cash replenishment,0.0,10000.0,-49122469.98,VCH0071664,2025-12
2025-04-28,4101,Other Income,JE0081665,Opening balance entry,0.0,321691.33,-33992150.46,VCH0071665,2025-04
2026-01-24,4101,Other Income,JE0081666,Professional fee payment,0.0,673587.08,-34665737.54,VCH0071666,2026-01
2025-04-02,2001,Accounts Payable,JE0081667,Rent payment for premises,0.0,456060.3,-35310858.33,VCH0071667,2025-04
2025-10-17,2301,Short-term Loans,JE0081668,GST payment to government,0.0,311680.27,-33731339.34,VCH0071668,2025-10
2025-12-07,1001,Cash,JE0081669,Correction entry – Finance Head,4264400.82,0.0,40030670.68,VCH0071669,2025-12
2025-08-20,2201,Salary Payable,JE0081670,Urgent adjustment – CEO approval,0.0,2232145.15,-43703100.94,VCH0071670,2025-08
2025-11-28,2301,Short-term Loans,JE0081671,Customer receipt posted,0.0,342747.63,-34074086.97,VCH0071671,2025-11
2026-01-18,2201,Salary Payable,JE0081672,Monthly salary disbursement,0.0,262981.99,-43966082.93,VCH0071672,2026-01
2025-05-26,4001,Sales Revenue,JE0081673,Professional fee payment,0.0,195895.86,-21851088.89,VCH0071673,2025-05
2025-06-30,1101,Accounts Receivable,JE0081674,GST payment to government,727.31,0.0,42723786.37,VCH0071674,2025-06
2025-12-06,1201,Inventory,JE0081675,Monthly salary disbursement,169307.97,0.0,31602126.08,VCH0071675,2025-12
2025-08-08,5001,Purchases,JE0081676,Correction entry – Finance Head,3490059.05,0.0,50188679.41,VCH0071676,2025-08
2025-07-21,2101,GST Payable,JE0081677,Opening balance entry,0.0,337218.64,-28660917.72,VCH0071677,2025-07
2025-06-11,1001,Cash,JE0081678,Interest income received,259185.36,0.0,40289856.04,VCH0071678,2025-06
2025-11-07,3101,Retained Earnings,JE0081679,Professional fee payment,0.0,348472.88,-49470942.86,VCH0071679,2025-11
2025-11-29,4001,Sales Revenue,JE0081680,GST payment to government,0.0,250000.0,-22101088.89,VCH0071680,2025-11
2025-06-30,3101,Retained Earnings,JE0081681,Miscellaneous expense claim,0.0,368993.37,-49839936.23,VCH0071681,2025-06
2026-01-25,1101,Accounts Receivable,JE0081682,Rent payment for premises,431462.1,0.0,43155248.47,VCH0071682,2026-01
2025-05-28,5301,Utilities Expense,JE0081683,Manual override – audit bypass,1805869.27,0.0,37517539.54,VCH0071683,2025-05
2026-02-16,5301,Utilities Expense,JE0081684,Receipt from customer,1417398.08,0.0,38934937.62,VCH0071684,2026-02
2025-06-01,5501,Miscellaneous Expense,JE0081685,GST payment to government,142612.63,0.0,31409094.0,VCH0071685,2025-06
2025-06-01,1001,Cash,JE0081686,Vendor payment processed,414509.87,0.0,40704365.91,VCH0071686,2025-06
2025-04-27,1301,Prepaid Expenses,JE0081687,Accrual entry,250000.0,0.0,40772093.39,VCH0071687,2025-04
2025-11-10,3001,Share Capital,JE0081688,Accrual entry,0.0,309326.2,-27038816.86,VCH0071688,2025-11
2025-10-04,4101,Other Income,JE0081689,Reversal entry,0.0,312308.54,-34978046.08,VCH0071689,2025-10
2025-11-24,1301,Prepaid Expenses,JE0081690,Interest income received,93715.58,0.0,40865808.97,VCH0071690,2025-11
2025-11-21,4101,Other Income,JE0081691,Professional fee payment,0.0,443514.17,-35421560.25,VCH0071691,2025-11
2025-09-07,5001,Purchases,JE0081692,Bank charges,478317.62,0.0,50666997.03,VCH0071692,2025-09
2025-06-16,2101,GST Payable,JE0081693,Reversal entry,0.0,359801.87,-29020719.59,VCH0071693,2025-06
2025-05-21,1201,Inventory,JE0081694,Accrual entry,95748.7,0.0,31697874.78,VCH0071694,2025-05
2025-05-23,2101,GST Payable,JE0081695,Reversal entry,0.0,179972.31,-29200691.9,VCH0071695,2025-05
2025-08-27,2201,Salary Payable,JE0081696,Depreciation charge,0.0,91923.86,-44058006.79,VCH0071696,2025-08
2025-06-15,1301,Prepaid Expenses,JE0081697,Depreciation charge,440763.26,0.0,41306572.23,VCH0071697,2025-06
2026-02-17,1101,Accounts Receivable,JE0081698,Year-end rounding adjustment,121726.73,0.0,43276975.2,VCH0071698,2026-02
2025-08-08,2201,Salary Payable,JE0081699,Reversal entry,0.0,79883.53,-44137890.32,VCH0071699,2025-08
2025-11-16,1002,Bank – Current Account,JE0081700,Vendor payment processed,237306.4,0.0,35678136.62,VCH0071700,2025-11
2025-07-11,5601,Professional Fees,JE0081701,Bank charges,326080.49,0.0,45164138.12,VCH0071701,2025-07
2026-03-29,5001,Purchases,JE0081702,Journal adjustment,197871.95,0.0,50864868.98,VCH0071702,2026-03
2025-12-06,5201,Rent Expense,JE0081703,Monthly salary disbursement,431697.41,0.0,28492537.96,VCH0071703,2025-12
2025-07-01,3101,Retained Earnings,JE0081704,Customer receipt posted,0.0,396849.11,-50236785.34,VCH0071704,2025-07
2026-03-24,2101,GST Payable,JE0081705,Advance to vendor,0.0,18379.88,-29219071.78,VCH0071705,2026-03
2025-12-09,5601,Professional Fees,JE0081706,Utility bills settled,483281.29,0.0,45647419.41,VCH0071706,2025-12
2025-09-24,1301,Prepaid Expenses,JE0081707,Opening balance entry,138616.4,0.0,41445188.63,VCH0071707,2025-09
2025-11-10,1101,Accounts Receivable,JE0081708,Reversal entry,372598.23,0.0,43649573.43,VCH0071708,2025-11
2025-07-01,5501,Miscellaneous Expense,JE0081709,Opening balance entry,242955.35,0.0,31652049.35,VCH0071709,2025-07
2026-01-23,2201,Salary Payable,JE0081710,GST payment to government,0.0,275678.52,-44413568.84,VCH0071710,2026-01
2026-01-08,1201,Inventory,JE0081711,Accrual entry,85045.11,0.0,31782919.89,VCH0071711,2026-01
2026-02-26,4101,Other Income,JE0081712,GST payment to government,0.0,96256.11,-35517816.36,VCH0071712,2026-02
2026-02-28,5401,Depreciation,JE0081713,Vendor payment processed,213526.42,0.0,41794947.35,VCH0071713,2026-02
2025-07-02,2301,Short-term Loans,JE0081714,Loan repayment instalment,0.0,500000.0,-34574086.97,VCH0071714,2025-07
2026-02-28,5101,Salary Expense,JE0081715,Accrual entry,115876.99,0.0,36885897.78,VCH0071715,2026-02
2025-07-30,5501,Miscellaneous Expense,JE0081716,Monthly salary disbursement,35852.87,0.0,31687902.22,VCH0071716,2025-07
2026-03-25,1101,Accounts Receivable,JE0081717,Loan repayment instalment,463221.42,0.0,44112794.85,VCH0071717,2026-03
2025-09-25,1002,Bank – Current Account,JE0081718,Journal adjustment,3914.86,0.0,35682051.48,VCH0071718,2025-09
2025-10-09,5201,Rent Expense,JE0081719,Reversal entry,3561.91,0.0,28496099.87,VCH0071719,2025-10
2026-01-15,3001,Share Capital,JE0081720,Bank charges,0.0,141635.04,-27180451.9,VCH0071720,2026-01
2025-07-11,4101,Other Income,JE0081721,Closing balance transfer,0.0,391227.95,-35909044.31,VCH0071721,2025-07
2025-05-07,1301,Prepaid Expenses,JE0081722,Urgent adjustment – CEO approval,119221.23,0.0,41564409.86,VCH0071722,2025-05
2025-10-01,5501,Miscellaneous Expense,JE0081723,Depreciation charge,36943.18,0.0,31724845.4,VCH0071723,2025-10
2025-06-27,2301,Short-term Loans,JE0081724,One-time exceptional charge,0.0,1232975.07,-35807062.04,VCH0071724,2025-06
2026-01-05,2101,GST Payable,JE0081725,Interest income received,0.0,1510742.43,-30729814.21,VCH0071725,2026-01
2026-01-23,1201,Inventory,JE0081726,Advance to vendor,207028.53,0.0,31989948.42,VCH0071726,2026-01
2025-04-14,1201,Inventory,JE0081727,Journal adjustment,298526.84,0.0,32288475.26,VCH0071727,2025-04
2025-11-06,2201,Salary Payable,JE0081728,Advance to vendor,0.0,115074.51,-44528643.35,VCH0071728,2025-11
2025-04-16,3101,Retained Earnings,JE0081729,Journal adjustment,0.0,126278.51,-50363063.85,VCH0071729,2025-04
2025-06-12,1301,Prepaid Expenses,JE0081730,Utility bills settled,119010.32,0.0,41683420.18,VCH0071730,2025-06
2025-12-14,5201,Rent Expense,JE0081731,Closing balance transfer,393529.56,0.0,28889629.43,VCH0071731,2025-12
2025-07-20,2001,Accounts Payable,JE0081732,Reversal entry,0.0,316833.82,-35627692.15,VCH0071732,2025-07
2025-11-12,1101,Accounts Receivable,JE0081733,Accrual entry,32032.56,0.0,44144827.41,VCH0071733,2025-11
2025-07-27,5501,Miscellaneous Expense,JE0081734,Miscellaneous expense claim,176975.73,0.0,31901821.13,VCH0071734,2025-07
2025-06-11,3101,Retained Earnings,JE0081735,Rent payment for premises,0.0,477131.77,-50840195.62,VCH0071735,2025-06
2025-09-10,5101,Salary Expense,JE0081736,Opening balance entry,474021.41,0.0,37359919.19,VCH0071736,2025-09
2025-07-21,5201,Rent Expense,JE0081737,Miscellaneous expense claim,35629.96,0.0,28925259.39,VCH0071737,2025-07
2025-05-24,2201,Salary Payable,JE0081738,Reversal entry,0.0,448883.97,-44977527.32,VCH0071738,2025-05
2025-04-28,2201,Salary Payable,JE0081739,Professional fee payment,0.0,408297.43,-45385824.75,VCH0071739,2025-04
2026-03-11,2301,Short-term Loans,JE0081740,Vendor payment processed,0.0,415346.85,-36222408.89,VCH0071740,2026-03
2025-05-19,5401,Depreciation,JE0081741,Vendor payment processed,254960.96,0.0,42049908.31,VCH0071741,2025-05
2026-01-06,3001,Share Capital,JE0081742,Monthly salary disbursement,0.0,475941.6,-27656393.5,VCH0071742,2026-01
2025-05-05,1301,Prepaid Expenses,JE0081743,Utility bills settled,250000.0,0.0,41933420.18,VCH0071743,2025-05
2025-04-13,2301,Short-term Loans,JE0081744,Closing balance transfer,0.0,272214.7,-36494623.59,VCH0071744,2025-04
2025-05-03,5001,Purchases,JE0081745,Undisclosed provision,2410753.39,0.0,53275622.37,VCH0071745,2025-05
2025-07-04,2101,GST Payable,JE0081746,Miscellaneous expense claim,0.0,379864.4,-31109678.61,VCH0071746,2025-07
2025-04-06,5201,Rent Expense,JE0081747,Utility bills settled,105207.41,0.0,29030466.8,VCH0071747,2025-04
2026-03-07,3001,Share Capital,JE0081748,Petty cash replenishment,0.0,248039.99,-27904433.49,VCH0071748,2026-03
2025-06-06,3001,Share Capital,JE0081749,Opening balance entry,0.0,52684.52,-27957118.01,VCH0071749,2025-06
2025-04-11,1002,Bank – Current Account,JE0081750,Receipt from customer,147467.28,0.0,35829518.76,VCH0071750,2025-04
2025-05-27,3001,Share Capital,JE0081751,Loan repayment instalment,0.0,100039.2,-28057157.21,VCH0071751,2025-05
2026-01-18,5101,Salary Expense,JE0081752,Customer receipt posted,152079.0,0.0,37511998.19,VCH0071752,2026-01
2026-03-17,1301,Prepaid Expenses,JE0081753,Loan repayment instalment,340639.42,0.0,42274059.6,VCH0071753,2026-03
2025-06-06,5101,Salary Expense,JE0081754,Journal adjustment,328639.83,0.0,37840638.02,VCH0071754,2025-06
2026-03-30,1101,Accounts Receivable,JE0081755,Interest income received,261605.94,0.0,44406433.35,VCH0071755,2026-03
2025-11-19,5401,Depreciation,JE0081756,Undisclosed provision,245807.71,0.0,42295716.02,VCH0071756,2025-11
2025-05-03,4001,Sales Revenue,JE0081757,Journal adjustment,0.0,109259.92,-22210348.81,VCH0071757,2025-05
2026-03-19,2101,GST Payable,JE0081758,Reversal entry,0.0,1120385.11,-32230063.72,VCH0071758,2026-03
2026-02-24,5101,Salary Expense,JE0081759,GST payment to government,318112.6,0.0,38158750.62,VCH0071759,2026-02
2025-07-25,5201,Rent Expense,JE0081760,Advance to vendor,19898.01,0.0,29050364.81,VCH0071760,2025-07
2025-12-13,3101,Retained Earnings,JE0081761,Correction entry – Finance Head,0.0,2344501.46,-53184697.08,VCH0071761,2025-12
2025-08-22,2201,Salary Payable,JE0081762,Reversal entry,0.0,57177.87,-45443002.62,VCH0071762,2025-08
2026-03-03,5501,Miscellaneous Expense,JE0081763,Miscellaneous expense claim,201668.5,0.0,32103489.63,VCH0071763,2026-03
2026-02-15,2201,Salary Payable,JE0081764,Rent payment for premises,0.0,317023.97,-45760026.59,VCH0071764,2026-02
2025-12-18,3101,Retained Earnings,JE0081765,Petty cash replenishment,0.0,166060.05,-53350757.13,VCH0071765,2025-12
2026-02-21,5401,Depreciation,JE0081766,Receipt from customer,162982.04,0.0,42458698.06,VCH0071766,2026-02
2025-08-21,4001,Sales Revenue,JE0081767,Interest income received,0.0,413705.74,-22624054.55,VCH0071767,2025-08
2025-07-03,5501,Miscellaneous Expense,JE0081768,Bank charges,224305.12,0.0,32327794.75,VCH0071768,2025-07
2025-07-26,5001,Purchases,JE0081769,Opening balance entry,258522.78,0.0,53534145.15,VCH0071769,2025-07
2025-11-26,1002,Bank – Current Account,JE0081770,Monthly salary disbursement,481785.19,0.0,36311303.95,VCH0071770,2025-11
2026-01-12,5101,Salary Expense,JE0081771,GST payment to government,328536.78,0.0,38487287.4,VCH0071771,2026-01
2025-10-01,4001,Sales Revenue,JE0081772,Advance to vendor,0.0,341379.54,-22965434.09,VCH0071772,2025-10
2026-02-04,3101,Retained Earnings,JE0081773,Customer receipt posted,0.0,636589.52,-53987346.65,VCH0071773,2026-02
2026-03-29,5301,Utilities Expense,JE0081774,Opening balance entry,296944.0,0.0,39231881.62,VCH0071774,2026-03
2026-01-14,1301,Prepaid Expenses,JE0081775,Customer receipt posted,1548343.41,0.0,43822403.01,VCH0071775,2026-01
2026-03-14,1301,Prepaid Expenses,JE0081776,Depreciation charge,333209.07,0.0,44155612.08,VCH0071776,2026-03
2025-09-06,5601,Professional Fees,JE0081777,Monthly salary disbursement,247497.74,0.0,45894917.15,VCH0071777,2025-09
2025-10-24,3001,Share Capital,JE0081778,Closing balance transfer,0.0,53272.18,-28110429.39,VCH0071778,2025-10
2026-03-21,5401,Depreciation,JE0081779,Depreciation charge,8304.26,0.0,42467002.32,VCH0071779,2026-03
2026-01-08,3001,Share Capital,JE0081780,Journal adjustment,0.0,214047.92,-28324477.31,VCH0071780,2026-01
2025-08-18,2301,Short-term Loans,JE0081781,Opening balance entry,0.0,74892.97,-36569516.56,VCH0071781,2025-08
2025-12-11,3001,Share Capital,JE0081782,Depreciation charge,0.0,30117.41,-28354594.72,VCH0071782,2025-12
2025-05-29,1101,Accounts Receivable,JE0081783,Correction entry – Finance Head,402699.59,0.0,44809132.94,VCH0071783,2025-05
2025-07-28,1001,Cash,JE0081784,Professional fee payment,121472.66,0.0,40825838.57,VCH0071784,2025-07
2026-03-04,3001,Share Capital,JE0081785,Vendor payment processed,0.0,147231.96,-28501826.68,VCH0071785,2026-03
2025-10-10,3001,Share Capital,JE0081786,Accrual entry,0.0,329873.81,-28831700.49,VCH0071786,2025-10
2026-02-02,2301,Short-term Loans,JE0081787,Urgent adjustment – CEO approval,0.0,405737.13,-36975253.69,VCH0071787,2026-02
2025-08-12,1002,Bank – Current Account,JE0081788,Loan repayment instalment,399148.38,0.0,36710452.33,VCH0071788,2025-08
2026-02-14,5101,Salary Expense,JE0081789,Year-end rounding adjustment,297603.17,0.0,38784890.57,VCH0071789,2026-02
2025-06-22,5501,Miscellaneous Expense,JE0081790,Vendor payment processed,142173.09,0.0,32469967.84,VCH0071790,2025-06
2025-05-24,1201,Inventory,JE0081791,Petty cash replenishment,464581.09,0.0,32753056.35,VCH0071791,2025-05
2025-08-26,5001,Purchases,JE0081792,Loan repayment instalment,122907.98,0.0,53657053.13,VCH0071792,2025-08
2026-03-19,4001,Sales Revenue,JE0081793,Advance to vendor,0.0,189788.24,-23155222.33,VCH0071793,2026-03
2025-06-25,1201,Inventory,JE0081794,Interest income received,232126.35,0.0,32985182.7,VCH0071794,2025-06
2025-04-30,5201,Rent Expense,JE0081795,Depreciation charge,11276.19,0.0,29061641.0,VCH0071795,2025-04
2025-08-17,5101,Salary Expense,JE0081796,Utility bills settled,99306.32,0.0,38884196.89,VCH0071796,2025-08
2025-08-30,5201,Rent Expense,JE0081797,Professional fee payment,14653.05,0.0,29076294.05,VCH0071797,2025-08
2025-05-17,3101,Retained Earnings,JE0081798,Utility bills settled,0.0,437731.94,-54425078.59,VCH0071798,2025-05
2025-08-11,3101,Retained Earnings,JE0081799,Monthly salary disbursement,0.0,55055.75,-54480134.34,VCH0071799,2025-08
2026-02-22,1001,Cash,JE0081800,Receipt from customer,69185.56,0.0,40895024.13,VCH0071800,2026-02
2025-10-23,2201,Salary Payable,JE0081801,Petty cash replenishment,0.0,324982.81,-46085009.4,VCH0071801,2025-10
2025-06-05,4001,Sales Revenue,JE0081802,Miscellaneous expense claim,0.0,88679.84,-23243902.17,VCH0071802,2025-06
2025-11-11,5001,Purchases,JE0081803,Loan repayment instalment,327165.92,0.0,53984219.05,VCH0071803,2025-11
2026-01-12,2101,GST Payable,JE0081804,Utility bills settled,0.0,133124.34,-32363188.06,VCH0071804,2026-01
2025-06-03,1201,Inventory,JE0081805,Rent payment for premises,416343.38,0.0,33401526.08,VCH0071805,2025-06
2026-01-18,5601,Professional Fees,JE0081806,Miscellaneous expense claim,357853.65,0.0,46252770.8,VCH0071806,2026-01
2026-03-26,5001,Purchases,JE0081807,Depreciation charge,43092.93,0.0,54027311.98,VCH0071807,2026-03
2025-09-10,5101,Salary Expense,JE0081808,Utility bills settled,267889.91,0.0,39152086.8,VCH0071808,2025-09
2025-10-06,5601,Professional Fees,JE0081809,Rent payment for premises,30483.15,0.0,46283253.95,VCH0071809,2025-10
2026-03-03,5501,Miscellaneous Expense,JE0081810,Customer receipt posted,155816.92,0.0,32625784.76,VCH0071810,2026-03
2025-07-09,1301,Prepaid Expenses,JE0081811,Advance to vendor,173995.05,0.0,44329607.13,VCH0071811,2025-07
2025-12-18,4001,Sales Revenue,JE0081812,Petty cash replenishment,0.0,28453.75,-23272355.92,VCH0071812,2025-12
2025-12-17,2001,Accounts Payable,JE0081813,One-time exceptional charge,0.0,2830422.05,-38458114.2,VCH0071813,2025-12
2025-09-09,5201,Rent Expense,JE0081814,Journal adjustment,23262.79,0.0,29099556.84,VCH0071814,2025-09
2026-03-18,5501,Miscellaneous Expense,JE0081815,Closing balance transfer,500000.0,0.0,33125784.76,VCH0071815,2026-03
2025-08-29,2301,Short-term Loans,JE0081816,Advance to vendor,0.0,456078.41,-37431332.1,VCH0071816,2025-08
2025-12-09,5201,Rent Expense,JE0081817,Depreciation charge,244584.16,0.0,29344141.0,VCH0071817,2025-12
2026-01-15,2301,Short-term Loans,JE0081818,Bank charges,0.0,195563.91,-37626896.01,VCH0071818,2026-01
2025-04-28,3001,Share Capital,JE0081819,Urgent adjustment – CEO approval,0.0,24880.01,-28856580.5,VCH0071819,2025-04
2026-02-08,4101,Other Income,JE0081820,Utility bills settled,0.0,1138039.73,-37047084.04,VCH0071820,2026-02
2025-10-04,4001,Sales Revenue,JE0081821,Journal adjustment,0.0,401262.25,-23673618.17,VCH0071821,2025-10
2026-03-01,3001,Share Capital,JE0081822,Urgent adjustment – CEO approval,0.0,4120080.36,-32976660.86,VCH0071822,2026-03
2025-08-09,1001,Cash,JE0081823,GST payment to government,12666.48,0.0,40907690.61,VCH0071823,2025-08
2026-02-03,2101,GST Payable,JE0081824,Correction entry – Finance Head,0.0,2457787.48,-34820975.54,VCH0071824,2026-02
2025-07-23,5601,Professional Fees,JE0081825,Depreciation charge,71097.06,0.0,46354351.01,VCH0071825,2025-07
2025-06-13,5501,Miscellaneous Expense,JE0081826,Utility bills settled,198870.88,0.0,33324655.64,VCH0071826,2025-06
2026-03-28,1201,Inventory,JE0081827,Petty cash replenishment,238723.59,0.0,33640249.67,VCH0071827,2026-03
2025-07-21,1002,Bank – Current Account,JE0081828,Customer receipt posted,66282.27,0.0,36776734.6,VCH0071828,2025-07
2025-08-31,5501,Miscellaneous Expense,JE0081829,Interest income received,123639.38,0.0,33448295.02,VCH0071829,2025-08
2025-08-15,2301,Short-term Loans,JE0081830,Closing balance transfer,0.0,468946.56,-38095842.57,VCH0071830,2025-08
2026-03-18,1301,Prepaid Expenses,JE0081831,Opening balance entry,462361.25,0.0,44791968.38,VCH0071831,2026-03
2026-01-28,5201,Rent Expense,JE0081832,Bank charges,455208.52,0.0,29799349.52,VCH0071832,2026-01
2025-09-04,3101,Retained Earnings,JE0081833,Advance to vendor,0.0,302446.22,-54782580.56,VCH0071833,2025-09
2025-12-16,5101,Salary Expense,JE0081834,GST payment to government,437985.37,0.0,39590072.17,VCH0071834,2025-12
2025-12-09,1201,Inventory,JE0081835,Miscellaneous expense claim,354960.46,0.0,33995210.13,VCH0071835,2025-12
2025-11-11,1301,Prepaid Expenses,JE0081836,Accrual entry,364809.07,0.0,45156777.45,VCH0071836,2025-11
2026-01-04,2301,Short-term Loans,JE0081837,Interest income received,0.0,406662.65,-38502505.22,VCH0071837,2026-01
2025-11-30,1301,Prepaid Expenses,JE0081838,Closing balance transfer,194037.71,0.0,45350815.16,VCH0071838,2025-11
2026-03-30,2301,Short-term Loans,JE0081839,Depreciation charge,0.0,15684.42,-38518189.64,VCH0071839,2026-03
2025-09-20,4101,Other Income,JE0081840,Rent payment for premises,0.0,332058.12,-37379142.16,VCH0071840,2025-09
2025-07-28,4101,Other Income,JE0081841,Rent payment for premises,0.0,252568.17,-37631710.33,VCH0071841,2025-07
2026-03-29,1301,Prepaid Expenses,JE0081842,Utility bills settled,434789.64,0.0,45785604.8,VCH0071842,2026-03
2025-04-20,2001,Accounts Payable,JE0081843,Miscellaneous expense claim,0.0,238675.53,-38696789.73,VCH0071843,2025-04
2025-09-30,5501,Miscellaneous Expense,JE0081844,Accrual entry,85269.22,0.0,33533564.24,VCH0071844,2025-09
2025-12-08,5001,Purchases,JE0081845,Depreciation charge,241018.82,0.0,54268330.8,VCH0071845,2025-12
2025-09-10,2101,GST Payable,JE0081846,Petty cash replenishment,0.0,349756.34,-35170731.88,VCH0071846,2025-09
2025-07-09,5101,Salary Expense,JE0081847,Utility bills settled,365838.77,0.0,39955910.94,VCH0071847,2025-07
2026-02-06,2101,GST Payable,JE0081848,Bank charges,0.0,209406.19,-35380138.07,VCH0071848,2026-02
2025-06-01,4001,Sales Revenue,JE0081849,Utility bills settled,0.0,21011.63,-23694629.8,VCH0071849,2025-06
2025-05-05,2001,Accounts Payable,JE0081850,Manual override – audit bypass,0.0,129101.11,-38825890.84,VCH0071850,2025-05
2026-03-08,5501,Miscellaneous Expense,JE0081851,Professional fee payment,393755.04,0.0,33927319.28,VCH0071851,2026-03
2025-10-02,1101,Accounts Receivable,JE0081852,Journal adjustment,451350.66,0.0,45260483.6,VCH0071852,2025-10
2025-04-03,2001,Accounts Payable,JE0081853,Suspense account transfer,0.0,3021417.64,-41847308.48,VCH0071853,2025-04
2025-04-16,2201,Salary Payable,JE0081854,Bank charges,0.0,332800.2,-46417809.6,VCH0071854,2025-04
2025-07-17,5601,Professional Fees,JE0081855,Closing balance transfer,420727.66,0.0,46775078.67,VCH0071855,2025-07
2025-05-24,2201,Salary Payable,JE0081856,Interest income received,0.0,491211.52,-46909021.12,VCH0071856,2025-05
2025-05-14,2301,Short-term Loans,JE0081857,Accrual entry,0.0,371167.37,-38889357.01,VCH0071857,2025-05
2026-03-17,2001,Accounts Payable,JE0081858,Advance to vendor,0.0,345319.27,-42192627.75,VCH0071858,2026-03
2025-12-26,1001,Cash,JE0081859,Reversal entry,75114.12,0.0,40982804.73,VCH0071859,2025-12
2025-05-01,5601,Professional Fees,JE0081860,GST payment to government,236298.38,0.0,47011377.05,VCH0071860,2025-05
2025-06-20,1101,Accounts Receivable,JE0081861,Correction entry – Finance Head,471911.79,0.0,45732395.39,VCH0071861,2025-06
2025-07-02,4001,Sales Revenue,JE0081862,One-time exceptional charge,0.0,1603898.65,-25298528.45,VCH0071862,2025-07
2025-07-30,1301,Prepaid Expenses,JE0081863,Professional fee payment,105247.65,0.0,45890852.45,VCH0071863,2025-07
2025-12-21,5601,Professional Fees,JE0081864,Advance to vendor,360929.81,0.0,47372306.86,VCH0071864,2025-12
2026-02-12,5101,Salary Expense,JE0081865,GST payment to government,15263.27,0.0,39971174.21,VCH0071865,2026-02
2025-12-26,5401,Depreciation,JE0081866,Opening balance entry,269445.26,0.0,42736447.58,VCH0071866,2025-12
2025-11-25,1101,Accounts Receivable,JE0081867,Year-end rounding adjustment,2012990.96,0.0,47745386.35,VCH0071867,2025-11
2025-04-25,1001,Cash,JE0081868,Reversal entry,222129.07,0.0,41204933.8,VCH0071868,2025-04
2025-12-21,4001,Sales Revenue,JE0081869,Journal adjustment,0.0,350483.6,-25649012.05,VCH0071869,2025-12
2025-09-21,5401,Depreciation,JE0081870,Vendor payment processed,474771.76,0.0,43211219.34,VCH0071870,2025-09
2025-09-03,1201,Inventory,JE0081871,Miscellaneous expense claim,167961.36,0.0,34163171.49,VCH0071871,2025-09
2025-06-30,5101,Salary Expense,JE0081872,Receipt from customer,450677.84,0.0,40421852.05,VCH0071872,2025-06
2025-06-05,4101,Other Income,JE0081873,Accrual entry,0.0,222933.86,-37854644.19,VCH0071873,2025-06
2025-06-03,5401,Depreciation,JE0081874,Utility bills settled,144372.28,0.0,43355591.62,VCH0071874,2025-06
2026-02-28,2201,Salary Payable,JE0081875,Professional fee payment,0.0,276944.46,-47185965.58,VCH0071875,2026-02
2025-10-23,2301,Short-term Loans,JE0081876,Journal adjustment,0.0,73545.17,-38962902.18,VCH0071876,2025-10
2025-08-30,2101,GST Payable,JE0081877,Petty cash replenishment,0.0,302584.68,-35682722.75,VCH0071877,2025-08
2025-11-04,1201,Inventory,JE0081878,Receipt from customer,392163.75,0.0,34555335.24,VCH0071878,2025-11
2026-03-14,5401,Depreciation,JE0081879,Intercompany settlement,280092.23,0.0,43635683.85,VCH0071879,2026-03
2025-12-29,4001,Sales Revenue,JE0081880,Depreciation charge,0.0,157675.4,-25806687.45,VCH0071880,2025-12
2025-04-28,1101,Accounts Receivable,JE0081881,Opening balance entry,197948.18,0.0,47943334.53,VCH0071881,2025-04
2025-05-17,3001,Share Capital,JE0081882,Suspense account transfer,0.0,252249.86,-33228910.72,VCH0071882,2025-05
2025-11-19,2101,GST Payable,JE0081883,Correction entry – Finance Head,0.0,2627193.18,-38309915.93,VCH0071883,2025-11
2026-02-25,1201,Inventory,JE0081884,Advance to vendor,1507016.81,0.0,36062352.05,VCH0071884,2026-02
2025-06-15,5301,Utilities Expense,JE0081885,Depreciation charge,463187.93,0.0,39695069.55,VCH0071885,2025-06
2025-04-08,5401,Depreciation,JE0081886,Vendor payment processed,135568.4,0.0,43771252.25,VCH0071886,2025-04
2025-07-12,5501,Miscellaneous Expense,JE0081887,Monthly salary disbursement,194794.64,0.0,34122113.92,VCH0071887,2025-07
2025-10-09,5101,Salary Expense,JE0081888,Bank charges,197259.17,0.0,40619111.22,VCH0071888,2025-10
2025-06-11,5501,Miscellaneous Expense,JE0081889,Loan repayment instalment,378547.4,0.0,34500661.32,VCH0071889,2025-06
2025-07-16,5201,Rent Expense,JE0081890,Journal adjustment,481968.03,0.0,30281317.55,VCH0071890,2025-07
2025-12-04,4101,Other Income,JE0081891,Monthly salary disbursement,0.0,495117.33,-38349761.52,VCH0071891,2025-12
2025-04-14,1001,Cash,JE0081892,Professional fee payment,276507.02,0.0,41481440.82,VCH0071892,2025-04
2025-09-26,5501,Miscellaneous Expense,JE0081893,Rent payment for premises,393941.99,0.0,34894603.31,VCH0071893,2025-09
2025-07-02,3001,Share Capital,JE0081894,Receipt from customer,0.0,170539.4,-33399450.12,VCH0071894,2025-07
2026-01-02,5501,Miscellaneous Expense,JE0081895,Vendor payment processed,392347.97,0.0,35286951.28,VCH0071895,2026-01
2025-07-18,5401,Depreciation,JE0081896,Interest income received,203928.55,0.0,43975180.8,VCH0071896,2025-07
2025-07-13,1001,Cash,JE0081897,Depreciation charge,450986.14,0.0,41932426.96,VCH0071897,2025-07
2026-02-21,2201,Salary Payable,JE0081898,Petty cash replenishment,0.0,203128.33,-47389093.91,VCH0071898,2026-02
2025-11-09,3101,Retained Earnings,JE0081899,Reversal entry,0.0,366272.02,-55148852.58,VCH0071899,2025-11
2025-11-14,5601,Professional Fees,JE0081900,Closing balance transfer,432938.56,0.0,47805245.42,VCH0071900,2025-11
2025-04-23,5001,Purchases,JE0081901,Journal adjustment,10000.0,0.0,54278330.8,VCH0071901,2025-04
2025-08-01,2301,Short-term Loans,JE0081902,Closing balance transfer,0.0,124136.52,-39087038.7,VCH0071902,2025-08
2025-05-11,5501,Miscellaneous Expense,JE0081903,Undisclosed provision,3783073.38,0.0,39070024.66,VCH0071903,2025-05
2026-03-13,4101,Other Income,JE0081904,Receipt from customer,0.0,931597.51,-39281359.03,VCH0071904,2026-03
2025-11-10,5101,Salary Expense,JE0081905,Monthly salary disbursement,93636.05,0.0,40712747.27,VCH0071905,2025-11
2025-09-02,5201,Rent Expense,JE0081906,Professional fee payment,416308.33,0.0,30697625.88,VCH0071906,2025-09
2025-11-10,5301,Utilities Expense,JE0081907,Accrual entry,214826.73,0.0,39909896.28,VCH0071907,2025-11
2025-12-12,5401,Depreciation,JE0081908,Depreciation charge,154149.28,0.0,44129330.08,VCH0071908,2025-12
2025-07-29,4001,Sales Revenue,JE0081909,Depreciation charge,0.0,314069.78,-26120757.23,VCH0071909,2025-07
2025-12-14,5601,Professional Fees,JE0081910,GST payment to government,250534.66,0.0,48055780.08,VCH0071910,2025-12
2025-06-28,5501,Miscellaneous Expense,JE0081911,Year-end rounding adjustment,869709.88,0.0,39939734.54,VCH0071911,2025-06
2026-01-21,2201,Salary Payable,JE0081912,Accrual entry,0.0,434824.7,-47823918.61,VCH0071912,2026-01
2025-04-13,5501,Miscellaneous Expense,JE0081913,Rent payment for premises,7642.11,0.0,39947376.65,VCH0071913,2025-04
2025-08-27,1001,Cash,JE0081914,Accrual entry,359328.12,0.0,42291755.08,VCH0071914,2025-08
2025-11-01,4001,Sales Revenue,JE0081915,Journal adjustment,0.0,226962.97,-26347720.2,VCH0071915,2025-11
2025-05-27,2301,Short-term Loans,JE0081916,Closing balance transfer,0.0,367177.05,-39454215.75,VCH0071916,2025-05
2025-04-04,4101,Other Income,JE0081917,Opening balance entry,0.0,148702.09,-39430061.12,VCH0071917,2025-04
2026-01-21,2201,Salary Payable,JE0081918,Rent payment for premises,0.0,42717.22,-47866635.83,VCH0071918,2026-01
2025-10-07,3001,Share Capital,JE0081919,Receipt from customer,0.0,220365.51,-33619815.63,VCH0071919,2025-10
2025-10-22,5101,Salary Expense,JE0081920,Journal adjustment,466140.59,0.0,41178887.86,VCH0071920,2025-10
2025-12-03,2301,Short-term Loans,JE0081921,Urgent adjustment – CEO approval,0.0,486345.99,-39940561.74,VCH0071921,2025-12
2025-12-13,1001,Cash,JE0081922,Professional fee payment,335771.53,0.0,42627526.61,VCH0071922,2025-12
2025-09-07,5001,Purchases,JE0081923,Professional fee payment,165101.37,0.0,54443432.17,VCH0071923,2025-09
2025-08-26,1002,Bank – Current Account,JE0081924,Undisclosed provision,3079518.48,0.0,39856253.08,VCH0071924,2025-08
2025-12-06,5301,Utilities Expense,JE0081925,Closing balance transfer,498036.03,0.0,40407932.31,VCH0071925,2025-12
2025-06-12,2301,Short-term Loans,JE0081926,Opening balance entry,0.0,83722.33,-40024284.07,VCH0071926,2025-06
2025-10-03,5401,Depreciation,JE0081927,Opening balance entry,346324.65,0.0,44475654.73,VCH0071927,2025-10
2025-11-26,5401,Depreciation,JE0081928,Loan repayment instalment,391926.35,0.0,44867581.08,VCH0071928,2025-11
2025-04-18,2301,Short-term Loans,JE0081929,Journal adjustment,0.0,31320.88,-40055604.95,VCH0071929,2025-04
2026-01-25,2101,GST Payable,JE0081930,Year-end rounding adjustment,0.0,19192.79,-38329108.72,VCH0071930,2026-01
2025-08-05,2301,Short-term Loans,JE0081931,Monthly salary disbursement,0.0,28277.05,-40083882.0,VCH0071931,2025-08
2025-08-01,5501,Miscellaneous Expense,JE0081932,Vendor payment processed,121286.31,0.0,40068662.96,VCH0071932,2025-08
2025-08-13,5301,Utilities Expense,JE0081933,Vendor payment processed,500000.0,0.0,40907932.31,VCH0071933,2025-08
2025-12-29,5301,Utilities Expense,JE0081934,Accrual entry,162029.95,0.0,41069962.26,VCH0071934,2025-12
2026-03-23,1301,Prepaid Expenses,JE0081935,Utility bills settled,145130.06,0.0,46035982.51,VCH0071935,2026-03
2025-05-09,3101,Retained Earnings,JE0081936,Opening balance entry,0.0,138601.81,-55287454.39,VCH0071936,2025-05
2025-09-25,2301,Short-term Loans,JE0081937,Accrual entry,0.0,227683.96,-40311565.96,VCH0071937,2025-09
2026-01-18,5101,Salary Expense,JE0081938,Petty cash replenishment,439907.6,0.0,41618795.46,VCH0071938,2026-01
2026-03-03,1101,Accounts Receivable,JE0081939,Advance to vendor,121147.18,0.0,48064481.71,VCH0071939,2026-03
2025-11-08,5601,Professional Fees,JE0081940,Loan repayment instalment,486701.71,0.0,48542481.79,VCH0071940,2025-11
2026-03-31,5401,Depreciation,JE0081941,Advance to vendor,402904.13,0.0,45270485.21,VCH0071941,2026-03
2025-11-10,5401,Depreciation,JE0081942,Monthly salary disbursement,332315.11,0.0,45602800.32,VCH0071942,2025-11
2025-09-15,1301,Prepaid Expenses,JE0081943,Receipt from customer,472303.11,0.0,46508285.62,VCH0071943,2025-09
2026-02-09,5601,Professional Fees,JE0081944,Rent payment for premises,375111.09,0.0,48917592.88,VCH0071944,2026-02
2025-08-14,1301,Prepaid Expenses,JE0081945,Manual override – audit bypass,430425.43,0.0,46938711.05,VCH0071945,2025-08
2026-01-29,2001,Accounts Payable,JE0081946,Reversal entry,0.0,98365.13,-42290992.88,VCH0071946,2026-01
2025-10-03,5301,Utilities Expense,JE0081947,Journal adjustment,418336.72,0.0,41488298.98,VCH0071947,2025-10
2025-12-03,5001,Purchases,JE0081948,Interest income received,282512.41,0.0,54725944.58,VCH0071948,2025-12
2025-06-07,1001,Cash,JE0081949,Journal adjustment,327661.98,0.0,42955188.59,VCH0071949,2025-06
2026-03-14,1002,Bank – Current Account,JE0081950,Interest income received,393419.85,0.0,40249672.93,VCH0071950,2026-03
2025-04-05,1301,Prepaid Expenses,JE0081951,Closing balance transfer,94342.42,0.0,47033053.47,VCH0071951,2025-04
2026-02-16,1201,Inventory,JE0081952,Bank charges,1310189.29,0.0,37372541.34,VCH0071952,2026-02
2025-10-13,4001,Sales Revenue,JE0081953,Miscellaneous expense claim,0.0,86175.17,-26433895.37,VCH0071953,2025-10
2025-06-17,2001,Accounts Payable,JE0081954,Receipt from customer,0.0,18307.83,-42309300.71,VCH0071954,2025-06
2026-02-18,2101,GST Payable,JE0081955,Interest income received,0.0,396099.29,-38725208.01,VCH0071955,2026-02
2025-12-24,1002,Bank – Current Account,JE0081956,Petty cash replenishment,78251.61,0.0,40327924.54,VCH0071956,2025-12
2025-09-13,1301,Prepaid Expenses,JE0081957,Reversal entry,120670.88,0.0,47153724.35,VCH0071957,2025-09
2025-04-28,2201,Salary Payable,JE0081958,Professional fee payment,0.0,321780.9,-48188416.73,VCH0071958,2025-04
2026-03-11,1101,Accounts Receivable,JE0081959,Year-end rounding adjustment,1731444.87,0.0,49795926.58,VCH0071959,2026-03
2025-12-27,3001,Share Capital,JE0081960,Advance to vendor,0.0,149114.13,-33768929.76,VCH0071960,2025-12
2025-04-08,4001,Sales Revenue,JE0081961,Interest income received,0.0,380103.46,-26813998.83,VCH0071961,2025-04
2026-03-07,2001,Accounts Payable,JE0081962,Bank charges,0.0,202805.2,-42512105.91,VCH0071962,2026-03
2025-11-25,5601,Professional Fees,JE0081963,Depreciation charge,12709.52,0.0,48930302.4,VCH0071963,2025-11
2025-05-15,2101,GST Payable,JE0081964,Interest income received,0.0,12512.23,-38737720.24,VCH0071964,2025-05
2026-03-09,1201,Inventory,JE0081965,Loan repayment instalment,278852.48,0.0,37651393.82,VCH0071965,2026-03
2025-06-06,2201,Salary Payable,JE0081966,Journal adjustment,0.0,378367.2,-48566783.93,VCH0071966,2025-06
2025-12-07,2201,Salary Payable,JE0081967,Professional fee payment,0.0,218364.5,-48785148.43,VCH0071967,2025-12
2025-11-11,1101,Accounts Receivable,JE0081968,Advance to vendor,64073.26,0.0,49859999.84,VCH0071968,2025-11
2026-01-11,3001,Share Capital,JE0081969,Manual override – audit bypass,0.0,4670385.11,-38439314.87,VCH0071969,2026-01
2025-10-26,4101,Other Income,JE0081970,Professional fee payment,0.0,214281.35,-39644342.47,VCH0071970,2025-10
2026-01-21,2101,GST Payable,JE0081971,Utility bills settled,0.0,372615.19,-39110335.43,VCH0071971,2026-01
2026-03-29,5101,Salary Expense,JE0081972,Utility bills settled,25976.65,0.0,41644772.11,VCH0071972,2026-03
2025-07-16,1201,Inventory,JE0081973,Loan repayment instalment,442408.78,0.0,38093802.6,VCH0071973,2025-07
2025-11-10,1002,Bank – Current Account,JE0081974,Interest income received,79219.95,0.0,40407144.49,VCH0071974,2025-11
2025-12-15,3101,Retained Earnings,JE0081975,Miscellaneous expense claim,0.0,90877.32,-55378331.71,VCH0071975,2025-12
2025-07-20,2101,GST Payable,JE0081976,Bank charges,0.0,352575.51,-39462910.94,VCH0071976,2025-07
2026-02-04,5601,Professional Fees,JE0081977,Loan repayment instalment,432342.75,0.0,49362645.15,VCH0071977,2026-02
2025-05-27,5601,Professional Fees,JE0081978,Closing balance transfer,74445.09,0.0,49437090.24,VCH0071978,2025-05
2026-03-23,5501,Miscellaneous Expense,JE0081979,Professional fee payment,393862.42,0.0,40462525.38,VCH0071979,2026-03
2025-08-26,1101,Accounts Receivable,JE0081980,Monthly salary disbursement,401119.57,0.0,50261119.41,VCH0071980,2025-08
2026-03-11,5001,Purchases,JE0081981,GST payment to government,93893.06,0.0,54819837.64,VCH0071981,2026-03
2026-03-01,4101,Other Income,JE0081982,Professional fee payment,0.0,360961.45,-40005303.92,VCH0071982,2026-03
2025-08-20,1001,Cash,JE0081983,Petty cash replenishment,417163.04,0.0,43372351.63,VCH0071983,2025-08
2025-10-18,2101,GST Payable,JE0081984,Depreciation charge,0.0,133889.31,-39596800.25,VCH0071984,2025-10
2025-05-18,5501,Miscellaneous Expense,JE0081985,Year-end rounding adjustment,126814.85,0.0,40589340.23,VCH0071985,2025-05
2026-02-18,1001,Cash,JE0081986,Utility bills settled,28659.01,0.0,43401010.64,VCH0071986,2026-02
2025-10-21,5101,Salary Expense,JE0081987,Loan repayment instalment,359042.66,0.0,42003814.77,VCH0071987,2025-10
2025-04-25,5301,Utilities Expense,JE0081988,Accrual entry,423665.66,0.0,41911964.64,VCH0071988,2025-04
2025-05-25,5201,Rent Expense,JE0081989,Suspense account transfer,753701.96,0.0,31451327.84,VCH0071989,2025-05
2025-04-21,2101,GST Payable,JE0081990,Urgent adjustment – CEO approval,0.0,564191.3,-40160991.55,VCH0071990,2025-04
2026-02-13,1301,Prepaid Expenses,JE0081991,Opening balance entry,1077510.03,0.0,48231234.38,VCH0071991,2026-02
2025-09-17,5101,Salary Expense,JE0081992,Advance to vendor,142201.3,0.0,42146016.07,VCH0071992,2025-09
2026-01-09,2001,Accounts Payable,JE0081993,Undisclosed provision,0.0,329206.0,-42841311.91,VCH0071993,2026-01
2025-08-19,3001,Share Capital,JE0081994,Petty cash replenishment,0.0,401810.96,-38841125.83,VCH0071994,2025-08
2025-10-11,3001,Share Capital,JE0081995,Opening balance entry,0.0,177176.68,-39018302.51,VCH0071995,2025-10
2025-09-19,1101,Accounts Receivable,JE0081996,Opening balance entry,148694.81,0.0,50409814.22,VCH0071996,2025-09
2025-11-25,1201,Inventory,JE0081997,Petty cash replenishment,156648.02,0.0,38250450.62,VCH0071997,2025-11
2025-10-05,5301,Utilities Expense,JE0081998,Journal adjustment,54558.53,0.0,41966523.17,VCH0071998,2025-10
2025-10-01,4101,Other Income,JE0081999,Bank charges,0.0,351966.01,-40357269.93,VCH0071999,2025-10
2025-09-15,5001,Purchases,JE0082000,Vendor payment processed,394640.04,0.0,55214477.68,VCH0072000,2025-09
2026-03-28,2201,Salary Payable,JE0082001,Professional fee payment,0.0,109854.49,-48895002.92,VCH0072001,2026-03
2025-08-18,4101,Other Income,JE0082002,Utility bills settled,0.0,258160.62,-40615430.55,VCH0072002,2025-08
2025-07-04,2001,Accounts Payable,JE0082003,Utility bills settled,0.0,485395.59,-43326707.5,VCH0072003,2025-07
2025-09-21,2301,Short-term Loans,JE0082004,Bank charges,0.0,176886.71,-40488452.67,VCH0072004,2025-09
2026-03-24,5101,Salary Expense,JE0082005,Journal adjustment,347877.33,0.0,42493893.4,VCH0072005,2026-03
2025-08-24,1101,Accounts Receivable,JE0082006,Intercompany settlement,1147648.2,0.0,51557462.42,VCH0072006,2025-08
2026-02-11,2001,Accounts Payable,JE0082007,Customer receipt posted,0.0,423203.88,-43749911.38,VCH0072007,2026-02
2025-06-19,5201,Rent Expense,JE0082008,Reversal entry,89879.46,0.0,31541207.3,VCH0072008,2025-06
2025-07-12,5601,Professional Fees,JE0082009,Utility bills settled,181170.97,0.0,49618261.21,VCH0072009,2025-07
2026-02-05,2101,GST Payable,JE0082010,Interest income received,0.0,76838.1,-40237829.65,VCH0072010,2026-02
2026-01-16,3001,Share Capital,JE0082011,Utility bills settled,0.0,100000.0,-39118302.51,VCH0072011,2026-01
2025-11-08,5101,Salary Expense,JE0082012,Bank charges,338597.1,0.0,42832490.5,VCH0072012,2025-11
2025-04-28,5601,Professional Fees,JE0082013,Closing balance transfer,460613.32,0.0,50078874.53,VCH0072013,2025-04
2025-12-12,3001,Share Capital,JE0082014,Interest income received,0.0,201735.78,-39320038.29,VCH0072014,2025-12
2025-06-19,5301,Utilities Expense,JE0082015,Receipt from customer,155696.58,0.0,42122219.75,VCH0072015,2025-06
2025-09-06,5601,Professional Fees,JE0082016,Loan repayment instalment,344072.58,0.0,50422947.11,VCH0072016,2025-09
2026-03-15,1001,Cash,JE0082017,Miscellaneous expense claim,483893.67,0.0,43884904.31,VCH0072017,2026-03
2025-06-21,5301,Utilities Expense,JE0082018,Advance to vendor,439458.8,0.0,42561678.55,VCH0072018,2025-06
2025-09-19,3101,Retained Earnings,JE0082019,Professional fee payment,0.0,289851.05,-55668182.76,VCH0072019,2025-09
2026-03-03,5501,Miscellaneous Expense,JE0082020,Receipt from customer,1606238.13,0.0,42195578.36,VCH0072020,2026-03
2025-07-17,1301,Prepaid Expenses,JE0082021,Utility bills settled,403693.42,0.0,48634927.8,VCH0072021,2025-07
2025-12-06,2001,Accounts Payable,JE0082022,Miscellaneous expense claim,0.0,122901.28,-43872812.66,VCH0072022,2025-12
2026-01-02,5001,Purchases,JE0082023,Interest income received,410108.8,0.0,55624586.48,VCH0072023,2026-01
2026-03-16,1002,Bank – Current Account,JE0082024,GST payment to government,135605.72,0.0,40542750.21,VCH0072024,2026-03
2025-08-08,2201,Salary Payable,JE0082025,Opening balance entry,0.0,319197.76,-49214200.68,VCH0072025,2025-08
2025-09-28,1002,Bank – Current Account,JE0082026,Miscellaneous expense claim,50514.99,0.0,40593265.2,VCH0072026,2025-09
2025-05-15,4101,Other Income,JE0082027,Receipt from customer,0.0,273649.71,-40889080.26,VCH0072027,2025-05
2026-01-07,5301,Utilities Expense,JE0082028,Accrual entry,193363.63,0.0,42755042.18,VCH0072028,2026-01
2025-06-26,5601,Professional Fees,JE0082029,Depreciation charge,136283.65,0.0,50559230.76,VCH0072029,2025-06
2026-03-15,2201,Salary Payable,JE0082030,Interest income received,0.0,1000000.0,-50214200.68,VCH0072030,2026-03
2026-02-13,5001,Purchases,JE0082031,Opening balance entry,353784.55,0.0,55978371.03,VCH0072031,2026-02
2025-08-18,3001,Share Capital,JE0082032,Reversal entry,0.0,24001.46,-39344039.75,VCH0072032,2025-08
2025-05-22,2201,Salary Payable,JE0082033,Reversal entry,0.0,272459.43,-50486660.11,VCH0072033,2025-05
2025-07-07,5501,Miscellaneous Expense,JE0082034,Opening balance entry,134293.66,0.0,42329872.02,VCH0072034,2025-07
2026-02-25,1301,Prepaid Expenses,JE0082035,Petty cash replenishment,416373.14,0.0,49051300.94,VCH0072035,2026-02
2026-03-12,5601,Professional Fees,JE0082036,Monthly salary disbursement,1633400.63,0.0,52192631.39,VCH0072036,2026-03
2025-06-21,2001,Accounts Payable,JE0082037,Vendor payment processed,0.0,465224.75,-44338037.41,VCH0072037,2025-06
2025-12-13,1201,Inventory,JE0082038,GST payment to government,382308.9,0.0,38632759.52,VCH0072038,2025-12
2026-03-16,2201,Salary Payable,JE0082039,Utility bills settled,0.0,288871.72,-50775531.83,VCH0072039,2026-03
2025-08-03,2101,GST Payable,JE0082040,Receipt from customer,0.0,406937.49,-40644767.14,VCH0072040,2025-08
2026-03-14,2101,GST Payable,JE0082041,Vendor payment processed,0.0,33750.68,-40678517.82,VCH0072041,2026-03
2025-06-25,1101,Accounts Receivable,JE0082042,GST payment to government,242774.54,0.0,51800236.96,VCH0072042,2025-06
2025-11-05,5601,Professional Fees,JE0082043,Customer receipt posted,242211.31,0.0,52434842.7,VCH0072043,2025-11
2025-04-10,5601,Professional Fees,JE0082044,Suspense account transfer,4539045.95,0.0,56973888.65,VCH0072044,2025-04
2025-12-05,5101,Salary Expense,JE0082045,Receipt from customer,317984.16,0.0,43150474.66,VCH0072045,2025-12
2026-03-24,1001,Cash,JE0082046,Rent payment for premises,10000.0,0.0,43894904.31,VCH0072046,2026-03
2025-11-24,1101,Accounts Receivable,JE0082047,Professional fee payment,188420.95,0.0,51988657.91,VCH0072047,2025-11
2025-08-29,2001,Accounts Payable,JE0082048,Accrual entry,0.0,425043.03,-44763080.44,VCH0072048,2025-08
2025-12-03,5301,Utilities Expense,JE0082049,Monthly salary disbursement,57309.39,0.0,42812351.57,VCH0072049,2025-12
2025-09-03,5201,Rent Expense,JE0082050,Rent payment for premises,217963.91,0.0,31759171.21,VCH0072050,2025-09
2026-03-20,1002,Bank – Current Account,JE0082051,Vendor payment processed,276448.56,0.0,40869713.76,VCH0072051,2026-03
2025-07-05,5401,Depreciation,JE0082052,Depreciation charge,453103.74,0.0,46055904.06,VCH0072052,2025-07
2026-03-03,2201,Salary Payable,JE0082053,Accrual entry,0.0,495636.21,-51271168.04,VCH0072053,2026-03
2025-07-13,5401,Depreciation,JE0082054,Bank charges,141874.59,0.0,46197778.65,VCH0072054,2025-07
2026-01-15,2001,Accounts Payable,JE0082055,Vendor payment processed,0.0,822835.13,-45585915.57,VCH0072055,2026-01
2026-03-30,5601,Professional Fees,JE0082056,Depreciation charge,107740.14,0.0,57081628.79,VCH0072056,2026-03
2025-06-11,2201,Salary Payable,JE0082057,Advance to vendor,0.0,341778.92,-51612946.96,VCH0072057,2025-06
2025-06-22,4101,Other Income,JE0082058,Customer receipt posted,0.0,180792.51,-41069872.77,VCH0072058,2025-06
2025-05-21,1201,Inventory,JE0082059,Bank charges,218608.15,0.0,38851367.67,VCH0072059,2025-05
2025-12-27,2001,Accounts Payable,JE0082060,Petty cash replenishment,0.0,477306.84,-46063222.41,VCH0072060,2025-12
2026-03-14,5201,Rent Expense,JE0082061,Monthly salary disbursement,13772.87,0.0,31772944.08,VCH0072061,2026-03
2025-05-28,1201,Inventory,JE0082062,Closing balance transfer,401700.76,0.0,39253068.43,VCH0072062,2025-05
2025-10-28,5401,Depreciation,JE0082063,Interest income received,368559.01,0.0,46566337.66,VCH0072063,2025-10
2025-09-18,1201,Inventory,JE0082064,Receipt from customer,94806.62,0.0,39347875.05,VCH0072064,2025-09
2025-11-13,5001,Purchases,JE0082065,Vendor payment processed,117314.01,0.0,56095685.04,VCH0072065,2025-11
2026-01-19,5601,Professional Fees,JE0082066,Journal adjustment,149783.76,0.0,57231412.55,VCH0072066,2026-01
2025-07-16,3101,Retained Earnings,JE0082067,Vendor payment processed,0.0,320537.88,-55988720.64,VCH0072067,2025-07
2025-05-10,2101,GST Payable,JE0082068,Manual override – audit bypass,0.0,3237504.68,-43916022.5,VCH0072068,2025-05
2025-04-15,3101,Retained Earnings,JE0082069,Professional fee payment,0.0,223955.68,-56212676.32,VCH0072069,2025-04
2025-09-11,5301,Utilities Expense,JE0082070,Miscellaneous expense claim,82326.41,0.0,42894677.98,VCH0072070,2025-09
2025-07-29,1002,Bank – Current Account,JE0082071,Manual override – audit bypass,390943.73,0.0,41260657.49,VCH0072071,2025-07
2025-04-26,5201,Rent Expense,JE0082072,Reversal entry,367051.36,0.0,32139995.44,VCH0072072,2025-04
2026-02-28,1001,Cash,JE0082073,Depreciation charge,225028.29,0.0,44119932.6,VCH0072073,2026-02
2025-09-21,1002,Bank – Current Account,JE0082074,Loan repayment instalment,466915.08,0.0,41727572.57,VCH0072074,2025-09
2025-12-11,1101,Accounts Receivable,JE0082075,Closing balance transfer,25000.0,0.0,52013657.91,VCH0072075,2025-12
2025-06-10,2201,Salary Payable,JE0082076,Urgent adjustment – CEO approval,0.0,274474.7,-51887421.66,VCH0072076,2025-06
2025-07-30,5401,Depreciation,JE0082077,Advance to vendor,65652.83,0.0,46631990.49,VCH0072077,2025-07
2025-05-03,2001,Accounts Payable,JE0082078,Depreciation charge,0.0,413295.31,-46476517.72,VCH0072078,2025-05
2025-10-14,2101,GST Payable,JE0082079,Monthly salary disbursement,0.0,267314.66,-44183337.16,VCH0072079,2025-10
2025-04-16,4001,Sales Revenue,JE0082080,Customer receipt posted,0.0,89795.69,-26903794.52,VCH0072080,2025-04
2026-03-12,1101,Accounts Receivable,JE0082081,Depreciation charge,234797.34,0.0,52248455.25,VCH0072081,2026-03
2025-11-22,1101,Accounts Receivable,JE0082082,Receipt from customer,24987.42,0.0,52273442.67,VCH0072082,2025-11
2026-01-16,5101,Salary Expense,JE0082083,Accrual entry,218097.29,0.0,43368571.95,VCH0072083,2026-01
2025-06-23,1101,Accounts Receivable,JE0082084,Depreciation charge,447170.0,0.0,52720612.67,VCH0072084,2025-06
2025-04-13,5601,Professional Fees,JE0082085,Miscellaneous expense claim,154298.84,0.0,57385711.39,VCH0072085,2025-04
2026-03-26,5401,Depreciation,JE0082086,Bank charges,1090309.63,0.0,47722300.12,VCH0072086,2026-03
2025-08-19,1201,Inventory,JE0082087,Professional fee payment,410562.57,0.0,39758437.62,VCH0072087,2025-08
2025-11-24,4101,Other Income,JE0082088,Monthly salary disbursement,0.0,219769.57,-41289642.34,VCH0072088,2025-11
2026-03-14,2301,Short-term Loans,JE0082089,Vendor payment processed,0.0,858301.16,-41346753.83,VCH0072089,2026-03
2026-02-27,1201,Inventory,JE0082090,Professional fee payment,902114.62,0.0,40660552.24,VCH0072090,2026-02
2025-11-25,5201,Rent Expense,JE0082091,Customer receipt posted,379312.0,0.0,32519307.44,VCH0072091,2025-11
2026-01-01,5401,Depreciation,JE0082092,Advance to vendor,578006.87,0.0,48300306.99,VCH0072092,2026-01
2025-06-23,5301,Utilities Expense,JE0082093,Utility bills settled,220493.72,0.0,43115171.7,VCH0072093,2025-06
2025-05-01,1301,Prepaid Expenses,JE0082094,Advance to vendor,308825.69,0.0,49360126.63,VCH0072094,2025-05
2025-12-29,2001,Accounts Payable,JE0082095,Bank charges,0.0,134252.62,-46610770.34,VCH0072095,2025-12
2025-10-02,2201,Salary Payable,JE0082096,Journal adjustment,0.0,354522.41,-52241944.07,VCH0072096,2025-10
2026-03-22,2101,GST Payable,JE0082097,Journal adjustment,0.0,1477031.45,-45660368.61,VCH0072097,2026-03
2026-01-04,2301,Short-term Loans,JE0082098,Interest income received,0.0,1799131.65,-43145885.48,VCH0072098,2026-01
2025-07-10,5001,Purchases,JE0082099,Manual override – audit bypass,357076.77,0.0,56452761.81,VCH0072099,2025-07
2025-08-25,5401,Depreciation,JE0082100,Closing balance transfer,133650.28,0.0,48433957.27,VCH0072100,2025-08
2025-09-11,2201,Salary Payable,JE0082101,Receipt from customer,0.0,361556.81,-52603500.88,VCH0072101,2025-09
2026-03-30,1301,Prepaid Expenses,JE0082102,Monthly salary disbursement,120253.23,0.0,49480379.86,VCH0072102,2026-03
2026-03-05,5001,Purchases,JE0082103,GST payment to government,227259.92,0.0,56680021.73,VCH0072103,2026-03
2025-09-18,2201,Salary Payable,JE0082104,Loan repayment instalment,0.0,486668.12,-53090169.0,VCH0072104,2025-09
2025-10-17,1001,Cash,JE0082105,Customer receipt posted,315568.97,0.0,44435501.57,VCH0072105,2025-10
2025-08-04,2101,GST Payable,JE0082106,Customer receipt posted,0.0,135449.77,-45795818.38,VCH0072106,2025-08
2025-05-18,1301,Prepaid Expenses,JE0082107,Petty cash replenishment,187512.33,0.0,49667892.19,VCH0072107,2025-05
2025-06-30,3101,Retained Earnings,JE0082108,Opening balance entry,0.0,486159.97,-56698836.29,VCH0072108,2025-06
2026-01-10,5301,Utilities Expense,JE0082109,Petty cash replenishment,210085.26,0.0,43325256.96,VCH0072109,2026-01
2025-08-24,1002,Bank – Current Account,JE0082110,Advance to vendor,138331.03,0.0,41865903.6,VCH0072110,2025-08
2026-03-01,1201,Inventory,JE0082111,Petty cash replenishment,471676.12,0.0,41132228.36,VCH0072111,2026-03
2025-05-14,1301,Prepaid Expenses,JE0082112,Closing balance transfer,39209.33,0.0,49707101.52,VCH0072112,2025-05
2025-08-14,5501,Miscellaneous Expense,JE0082113,Bank charges,146867.39,0.0,42476739.41,VCH0072113,2025-08
2025-06-25,3001,Share Capital,JE0082114,Monthly salary disbursement,0.0,382771.97,-39726811.72,VCH0072114,2025-06
2025-07-01,3001,Share Capital,JE0082115,Miscellaneous expense claim,0.0,428218.58,-40155030.3,VCH0072115,2025-07
2025-10-05,1201,Inventory,JE0082116,Interest income received,37759.88,0.0,41169988.24,VCH0072116,2025-10
2025-08-18,5001,Purchases,JE0082117,Interest income received,376339.33,0.0,57056361.06,VCH0072117,2025-08
2025-07-01,3001,Share Capital,JE0082118,Undisclosed provision,0.0,293524.61,-40448554.91,VCH0072118,2025-07
2025-09-13,2101,GST Payable,JE0082119,Interest income received,0.0,107596.63,-45903415.01,VCH0072119,2025-09
2025-10-09,5201,Rent Expense,JE0082120,Bank charges,382454.46,0.0,32901761.9,VCH0072120,2025-10
2025-04-02,2201,Salary Payable,JE0082121,Professional fee payment,0.0,31047.07,-53121216.07,VCH0072121,2025-04
2026-02-28,4001,Sales Revenue,JE0082122,Accrual entry,0.0,38109.55,-26941904.07,VCH0072122,2026-02
2026-01-17,5201,Rent Expense,JE0082123,Loan repayment instalment,89122.37,0.0,32990884.27,VCH0072123,2026-01
2025-06-27,5401,Depreciation,JE0082124,Petty cash replenishment,130407.66,0.0,48564364.93,VCH0072124,2025-06
2025-05-17,5301,Utilities Expense,JE0082125,Receipt from customer,70586.86,0.0,43395843.82,VCH0072125,2025-05
2025-12-30,5201,Rent Expense,JE0082126,Receipt from customer,320156.18,0.0,33311040.45,VCH0072126,2025-12
2025-08-16,1101,Accounts Receivable,JE0082127,Opening balance entry,500000.0,0.0,53220612.67,VCH0072127,2025-08
2025-10-17,5501,Miscellaneous Expense,JE0082128,Vendor payment processed,57558.83,0.0,42534298.24,VCH0072128,2025-10
2026-02-15,5601,Professional Fees,JE0082129,Closing balance transfer,206903.56,0.0,57592614.95,VCH0072129,2026-02
2026-03-08,1101,Accounts Receivable,JE0082130,Interest income received,1834437.12,0.0,55055049.79,VCH0072130,2026-03
2025-09-21,4101,Other Income,JE0082131,Monthly salary disbursement,0.0,4972.63,-41294614.97,VCH0072131,2025-09
2025-09-27,1101,Accounts Receivable,JE0082132,Rent payment for premises,290863.5,0.0,55345913.29,VCH0072132,2025-09
2025-06-11,1001,Cash,JE0082133,Suspense account transfer,3772162.4,0.0,48207663.97,VCH0072133,2025-06
2025-04-27,2301,Short-term Loans,JE0082134,Journal adjustment,0.0,25000.0,-43170885.48,VCH0072134,2025-04
2026-01-03,5601,Professional Fees,JE0082135,Accrual entry,208104.16,0.0,57800719.11,VCH0072135,2026-01
2025-05-01,2001,Accounts Payable,JE0082136,Receipt from customer,0.0,250000.0,-46860770.34,VCH0072136,2025-05
2026-01-06,5601,Professional Fees,JE0082137,Advance to vendor,148030.72,0.0,57948749.83,VCH0072137,2026-01
2025-10-20,5601,Professional Fees,JE0082138,Interest income received,381548.53,0.0,58330298.36,VCH0072138,2025-10
2025-12-15,5101,Salary Expense,JE0082139,GST payment to government,437610.64,0.0,43806182.59,VCH0072139,2025-12
2025-08-25,1101,Accounts Receivable,JE0082140,Depreciation charge,42846.27,0.0,55388759.56,VCH0072140,2025-08
2026-02-23,1001,Cash,JE0082141,Journal adjustment,238104.97,0.0,48445768.94,VCH0072141,2026-02
2025-11-03,5401,Depreciation,JE0082142,Advance to vendor,34330.99,0.0,48598695.92,VCH0072142,2025-11
2026-03-29,5601,Professional Fees,JE0082143,Manual override – audit bypass,4402131.61,0.0,62732429.97,VCH0072143,2026-03
2026-03-24,5201,Rent Expense,JE0082144,Journal adjustment,218690.0,0.0,33529730.45,VCH0072144,2026-03
2026-01-30,5501,Miscellaneous Expense,JE0082145,Professional fee payment,154558.05,0.0,42688856.29,VCH0072145,2026-01
2026-03-04,5201,Rent Expense,JE0082146,Reversal entry,410486.91,0.0,33940217.36,VCH0072146,2026-03
2025-11-27,1001,Cash,JE0082147,Correction entry – Finance Head,156285.54,0.0,48602054.48,VCH0072147,2025-11
2026-02-04,5601,Professional Fees,JE0082148,Reversal entry,1486550.25,0.0,64218980.22,VCH0072148,2026-02
2025-07-27,2301,Short-term Loans,JE0082149,Loan repayment instalment,0.0,285115.36,-43456000.84,VCH0072149,2025-07
2025-06-08,1001,Cash,JE0082150,Reversal entry,265604.13,0.0,48867658.61,VCH0072150,2025-06
2025-11-04,4101,Other Income,JE0082151,Interest income received,0.0,358485.29,-41653100.26,VCH0072151,2025-11
2026-03-13,3001,Share Capital,JE0082152,Receipt from customer,0.0,234267.48,-40682822.39,VCH0072152,2026-03
2025-05-12,3101,Retained Earnings,JE0082153,Monthly salary disbursement,0.0,398700.65,-57097536.94,VCH0072153,2025-05
2025-10-17,1301,Prepaid Expenses,JE0082154,Year-end rounding adjustment,1243375.66,0.0,50950477.18,VCH0072154,2025-10
2025-12-26,1201,Inventory,JE0082155,Year-end rounding adjustment,605027.22,0.0,41775015.46,VCH0072155,2025-12
2025-05-02,3001,Share Capital,JE0082156,Interest income received,0.0,251103.79,-40933926.18,VCH0072156,2025-05
2025-10-09,4101,Other Income,JE0082157,GST payment to government,0.0,120581.16,-41773681.42,VCH0072157,2025-10
2025-11-27,2201,Salary Payable,JE0082158,Bank charges,0.0,386554.79,-53507770.86,VCH0072158,2025-11
2025-10-31,5101,Salary Expense,JE0082159,Advance to vendor,460613.47,0.0,44266796.06,VCH0072159,2025-10
2025-07-24,5101,Salary Expense,JE0082160,Depreciation charge,243177.43,0.0,44509973.49,VCH0072160,2025-07
2025-06-19,4001,Sales Revenue,JE0082161,GST payment to government,0.0,165463.88,-27107367.95,VCH0072161,2025-06
2025-08-27,5401,Depreciation,JE0082162,Bank charges,209944.69,0.0,48808640.61,VCH0072162,2025-08
2025-09-14,5201,Rent Expense,JE0082163,GST payment to government,386542.71,0.0,34326760.07,VCH0072163,2025-09
2026-02-13,2001,Accounts Payable,JE0082164,Opening balance entry,0.0,137238.64,-46998008.98,VCH0072164,2026-02
2026-02-14,2101,GST Payable,JE0082165,Depreciation charge,0.0,199005.54,-46102420.55,VCH0072165,2026-02
2026-02-10,5501,Miscellaneous Expense,JE0082166,Customer receipt posted,26841.31,0.0,42715697.6,VCH0072166,2026-02
2025-08-16,3101,Retained Earnings,JE0082167,Vendor payment processed,0.0,19504.69,-57117041.63,VCH0072167,2025-08
2025-09-23,1101,Accounts Receivable,JE0082168,Monthly salary disbursement,285389.83,0.0,55674149.39,VCH0072168,2025-09
2026-01-14,5001,Purchases,JE0082169,Journal adjustment,370027.95,0.0,57426389.01,VCH0072169,2026-01
2025-09-22,5401,Depreciation,JE0082170,Petty cash replenishment,35060.73,0.0,48843701.34,VCH0072170,2025-09
2025-10-10,5201,Rent Expense,JE0082171,Professional fee payment,352863.71,0.0,34679623.78,VCH0072171,2025-10
2025-05-07,5001,Purchases,JE0082172,Opening balance entry,156490.31,0.0,57582879.32,VCH0072172,2025-05
2025-05-01,2301,Short-term Loans,JE0082173,Utility bills settled,0.0,255805.46,-43711806.3,VCH0072173,2025-05
2026-02-03,2101,GST Payable,JE0082174,Monthly salary disbursement,0.0,1781773.53,-47884194.08,VCH0072174,2026-02
2025-12-26,5201,Rent Expense,JE0082175,Closing balance transfer,248265.12,0.0,34927888.9,VCH0072175,2025-12
2025-09-26,4101,Other Income,JE0082176,Petty cash replenishment,0.0,498301.71,-42271983.13,VCH0072176,2025-09
2025-05-23,3001,Share Capital,JE0082177,Interest income received,0.0,500000.0,-41433926.18,VCH0072177,2025-05
2025-04-25,4101,Other Income,JE0082178,Petty cash replenishment,0.0,496195.31,-42768178.44,VCH0072178,2025-04
2025-05-02,2201,Salary Payable,JE0082179,Advance to vendor,0.0,252549.39,-53760320.25,VCH0072179,2025-05
2026-02-27,5301,Utilities Expense,JE0082180,Opening balance entry,151030.24,0.0,43546874.06,VCH0072180,2026-02
2025-04-28,5001,Purchases,JE0082181,Vendor payment processed,332652.66,0.0,57915531.98,VCH0072181,2025-04
2025-05-15,2101,GST Payable,JE0082182,Reversal entry,0.0,111647.8,-47995841.88,VCH0072182,2025-05
2026-03-17,2001,Accounts Payable,JE0082183,Customer receipt posted,0.0,454298.2,-47452307.18,VCH0072183,2026-03
2025-12-05,5001,Purchases,JE0082184,Opening balance entry,362571.03,0.0,58278103.01,VCH0072184,2025-12
2025-11-19,5101,Salary Expense,JE0082185,Opening balance entry,120463.97,0.0,44630437.46,VCH0072185,2025-11
2025-09-30,3001,Share Capital,JE0082186,One-time exceptional charge,0.0,174622.66,-41608548.84,VCH0072186,2025-09
2025-08-07,2101,GST Payable,JE0082187,Accrual entry,0.0,449807.42,-48445649.3,VCH0072187,2025-08
2025-07-13,2301,Short-term Loans,JE0082188,Rent payment for premises,0.0,179434.98,-43891241.28,VCH0072188,2025-07
2025-10-13,1301,Prepaid Expenses,JE0082189,Bank charges,312318.82,0.0,51262796.0,VCH0072189,2025-10
2025-04-26,2201,Salary Payable,JE0082190,Utility bills settled,0.0,268909.43,-54029229.68,VCH0072190,2025-04
2026-01-27,1101,Accounts Receivable,JE0082191,Monthly salary disbursement,793924.54,0.0,56468073.93,VCH0072191,2026-01
2025-09-20,3101,Retained Earnings,JE0082192,Vendor payment processed,0.0,373482.61,-57490524.24,VCH0072192,2025-09
2025-08-07,4101,Other Income,JE0082193,Utility bills settled,0.0,9173.3,-42777351.74,VCH0072193,2025-08
2025-10-15,1001,Cash,JE0082194,Rent payment for premises,220288.18,0.0,49087946.79,VCH0072194,2025-10
2025-09-04,3001,Share Capital,JE0082195,Journal adjustment,0.0,407575.76,-42016124.6,VCH0072195,2025-09
2026-01-13,3001,Share Capital,JE0082196,Manual override – audit bypass,0.0,492043.25,-42508167.85,VCH0072196,2026-01
2025-04-28,2201,Salary Payable,JE0082197,Manual override – audit bypass,0.0,87545.31,-54116774.99,VCH0072197,2025-04
2025-12-01,3101,Retained Earnings,JE0082198,Advance to vendor,0.0,459154.23,-57949678.47,VCH0072198,2025-12
2025-07-27,2001,Accounts Payable,JE0082199,Advance to vendor,0.0,370393.23,-47822700.41,VCH0072199,2025-07
2025-11-23,5101,Salary Expense,JE0082200,GST payment to government,384320.99,0.0,45014758.45,VCH0072200,2025-11
2025-08-14,5401,Depreciation,JE0082201,Reversal entry,265595.52,0.0,49109296.86,VCH0072201,2025-08
2026-03-09,5501,Miscellaneous Expense,JE0082202,Bank charges,445224.07,0.0,43160921.67,VCH0072202,2026-03
2025-05-13,4001,Sales Revenue,JE0082203,Professional fee payment,0.0,192354.49,-27299722.44,VCH0072203,2025-05
2025-10-19,3101,Retained Earnings,JE0082204,Manual override – audit bypass,0.0,3455651.04,-61405329.51,VCH0072204,2025-10
2025-06-13,3101,Retained Earnings,JE0082205,Bank charges,0.0,119509.15,-61524838.66,VCH0072205,2025-06
2025-10-07,1101,Accounts Receivable,JE0082206,Utility bills settled,85352.57,0.0,56553426.5,VCH0072206,2025-10
2026-01-01,5201,Rent Expense,JE0082207,Depreciation charge,183056.37,0.0,35110945.27,VCH0072207,2026-01
2025-12-14,1101,Accounts Receivable,JE0082208,Journal adjustment,294167.26,0.0,56847593.76,VCH0072208,2025-12
2025-06-03,1002,Bank – Current Account,JE0082209,Miscellaneous expense claim,446698.5,0.0,42312602.1,VCH0072209,2025-06
2026-03-04,5001,Purchases,JE0082210,Professional fee payment,372180.27,0.0,58650283.28,VCH0072210,2026-03
2026-03-24,5301,Utilities Expense,JE0082211,Miscellaneous expense claim,14415.5,0.0,43561289.56,VCH0072211,2026-03
2026-03-31,5201,Rent Expense,JE0082212,Journal adjustment,16709.75,0.0,35127655.02,VCH0072212,2026-03
2025-04-22,5001,Purchases,JE0082213,Rent payment for premises,336623.94,0.0,58986907.22,VCH0072213,2025-04
2025-12-06,1001,Cash,JE0082214,Year-end rounding adjustment,3143324.55,0.0,52231271.34,VCH0072214,2025-12
2025-09-27,2301,Short-term Loans,JE0082215,GST payment to government,0.0,240975.02,-44132216.3,VCH0072215,2025-09
2025-12-14,2001,Accounts Payable,JE0082216,Petty cash replenishment,0.0,355959.46,-48178659.87,VCH0072216,2025-12
2025-12-07,4101,Other Income,JE0082217,Accrual entry,0.0,343789.32,-43121141.06,VCH0072217,2025-12
2025-11-03,1002,Bank – Current Account,JE0082218,Intercompany settlement,4582713.45,0.0,46895315.55,VCH0072218,2025-11
2025-05-27,5101,Salary Expense,JE0082219,Advance to vendor,346438.05,0.0,45361196.5,VCH0072219,2025-05
2025-10-30,5001,Purchases,JE0082220,Bank charges,250000.0,0.0,59236907.22,VCH0072220,2025-10
2025-11-02,2201,Salary Payable,JE0082221,Loan repayment instalment,0.0,467143.95,-54583918.94,VCH0072221,2025-11
2025-09-22,1001,Cash,JE0082222,Advance to vendor,284552.8,0.0,52515824.14,VCH0072222,2025-09
2025-05-07,1201,Inventory,JE0082223,One-time exceptional charge,109932.23,0.0,41884947.69,VCH0072223,2025-05
2026-02-17,2301,Short-term Loans,JE0082224,Accrual entry,0.0,1869101.98,-46001318.28,VCH0072224,2026-02
2025-10-24,5601,Professional Fees,JE0082225,Utility bills settled,34154.3,0.0,64253134.52,VCH0072225,2025-10
2026-01-16,5001,Purchases,JE0082226,Miscellaneous expense claim,225799.22,0.0,59462706.44,VCH0072226,2026-01
2025-12-05,5501,Miscellaneous Expense,JE0082227,Undisclosed provision,276946.28,0.0,43437867.95,VCH0072227,2025-12
2026-02-16,5301,Utilities Expense,JE0082228,Opening balance entry,303455.2,0.0,43864744.76,VCH0072228,2026-02
2025-11-04,5501,Miscellaneous Expense,JE0082229,Customer receipt posted,464892.25,0.0,43902760.2,VCH0072229,2025-11
2025-08-12,1002,Bank – Current Account,JE0082230,Receipt from customer,354456.4,0.0,47249771.95,VCH0072230,2025-08
2025-07-02,2001,Accounts Payable,JE0082231,Bank charges,0.0,381077.93,-48559737.8,VCH0072231,2025-07
2025-06-08,2301,Short-term Loans,JE0082232,Rent payment for premises,0.0,117912.79,-46119231.07,VCH0072232,2025-06
2026-01-26,4101,Other Income,JE0082233,Vendor payment processed,0.0,458398.81,-43579539.87,VCH0072233,2026-01
2025-05-26,2101,GST Payable,JE0082234,Monthly salary disbursement,0.0,376696.33,-48822345.63,VCH0072234,2025-05
2025-08-03,5001,Purchases,JE0082235,Vendor payment processed,233612.12,0.0,59696318.56,VCH0072235,2025-08
2025-07-25,4001,Sales Revenue,JE0082236,Vendor payment processed,0.0,406245.81,-27705968.25,VCH0072236,2025-07
2025-07-08,2001,Accounts Payable,JE0082237,Petty cash replenishment,0.0,6529.39,-48566267.19,VCH0072237,2025-07
2026-02-23,2101,GST Payable,JE0082238,Journal adjustment,0.0,368585.27,-49190930.9,VCH0072238,2026-02
2025-08-27,5601,Professional Fees,JE0082239,Interest income received,83517.55,0.0,64336652.07,VCH0072239,2025-08
2025-04-01,1101,Accounts Receivable,JE0082240,Vendor payment processed,399730.03,0.0,57247323.79,VCH0072240,2025-04
2026-01-27,5201,Rent Expense,JE0082241,Utility bills settled,135085.73,0.0,35262740.75,VCH0072241,2026-01
2026-03-30,2001,Accounts Payable,JE0082242,Receipt from customer,0.0,222522.37,-48788789.56,VCH0072242,2026-03
2025-06-05,3101,Retained Earnings,JE0082243,Loan repayment instalment,0.0,341913.59,-61866752.25,VCH0072243,2025-06
2025-05-30,1101,Accounts Receivable,JE0082244,Year-end rounding adjustment,278616.28,0.0,57525940.07,VCH0072244,2025-05
2026-03-11,5001,Purchases,JE0082245,Bank charges,500000.0,0.0,60196318.56,VCH0072245,2026-03
2025-06-11,5001,Purchases,JE0082246,Reversal entry,330827.51,0.0,60527146.07,VCH0072246,2025-06
2026-03-30,1101,Accounts Receivable,JE0082247,GST payment to government,51935.88,0.0,57577875.95,VCH0072247,2026-03
2025-12-05,5101,Salary Expense,JE0082248,Vendor payment processed,397686.8,0.0,45758883.3,VCH0072248,2025-12
2025-11-04,4101,Other Income,JE0082249,Loan repayment instalment,0.0,192776.42,-43772316.29,VCH0072249,2025-11
2025-09-03,5601,Professional Fees,JE0082250,Accrual entry,240340.61,0.0,64576992.68,VCH0072250,2025-09
2025-10-30,2001,Accounts Payable,JE0082251,Professional fee payment,0.0,475852.68,-49264642.24,VCH0072251,2025-10
2025-07-08,1001,Cash,JE0082252,Undisclosed provision,1404731.93,0.0,53920556.07,VCH0072252,2025-07
2025-07-25,1001,Cash,JE0082253,Suspense account transfer,2707555.4,0.0,56628111.47,VCH0072253,2025-07
2026-03-08,2101,GST Payable,JE0082254,Petty cash replenishment,0.0,371261.9,-49562192.8,VCH0072254,2026-03
2025-06-04,3101,Retained Earnings,JE0082255,Closing balance transfer,0.0,422789.33,-62289541.58,VCH0072255,2025-06
2025-05-21,5101,Salary Expense,JE0082256,Professional fee payment,291232.71,0.0,46050116.01,VCH0072256,2025-05
2025-04-28,2201,Salary Payable,JE0082257,Accrual entry,0.0,184892.22,-54768811.16,VCH0072257,2025-04
2025-05-05,5101,Salary Expense,JE0082258,Receipt from customer,63337.93,0.0,46113453.94,VCH0072258,2025-05
2025-08-28,5601,Professional Fees,JE0082259,Interest income received,397843.85,0.0,64974836.53,VCH0072259,2025-08
2026-02-01,2001,Accounts Payable,JE0082260,Loan repayment instalment,0.0,478122.03,-49742764.27,VCH0072260,2026-02
2025-04-03,2001,Accounts Payable,JE0082261,Monthly salary disbursement,0.0,453513.96,-50196278.23,VCH0072261,2025-04
2025-12-11,5101,Salary Expense,JE0082262,Correction entry – Finance Head,207121.13,0.0,46320575.07,VCH0072262,2025-12
2025-10-27,1101,Accounts Receivable,JE0082263,Closing balance transfer,428630.64,0.0,58006506.59,VCH0072263,2025-10
2025-12-17,1301,Prepaid Expenses,JE0082264,GST payment to government,451161.92,0.0,51713957.92,VCH0072264,2025-12
2025-05-26,4101,Other Income,JE0082265,Professional fee payment,0.0,419920.73,-44192237.02,VCH0072265,2025-05
2026-03-08,5501,Miscellaneous Expense,JE0082266,Utility bills settled,407395.16,0.0,44310155.36,VCH0072266,2026-03
2026-01-23,2301,Short-term Loans,JE0082267,Petty cash replenishment,0.0,389458.68,-46508689.75,VCH0072267,2026-01
2025-11-21,3101,Retained Earnings,JE0082268,Intercompany settlement,0.0,2661160.77,-64950702.35,VCH0072268,2025-11
2026-01-03,2201,Salary Payable,JE0082269,Opening balance entry,0.0,268259.84,-55037071.0,VCH0072269,2026-01
2026-03-29,1002,Bank – Current Account,JE0082270,Monthly salary disbursement,250000.0,0.0,47499771.95,VCH0072270,2026-03
2025-11-14,4101,Other Income,JE0082271,Year-end rounding adjustment,0.0,2820057.46,-47012294.48,VCH0072271,2025-11
2026-01-28,4001,Sales Revenue,JE0082272,Receipt from customer,0.0,378429.17,-28084397.42,VCH0072272,2026-01
2026-01-22,1201,Inventory,JE0082273,Monthly salary disbursement,390208.54,0.0,42275156.23,VCH0072273,2026-01
2025-10-14,5001,Purchases,JE0082274,Reversal entry,10000.0,0.0,60537146.07,VCH0072274,2025-10
2025-10-27,2201,Salary Payable,JE0082275,Accrual entry,0.0,17651.66,-55054722.66,VCH0072275,2025-10
2025-04-01,1301,Prepaid Expenses,JE0082276,Urgent adjustment – CEO approval,334636.17,0.0,52048594.09,VCH0072276,2025-04
2026-01-07,2101,GST Payable,JE0082277,Rent payment for premises,0.0,469939.35,-50032132.15,VCH0072277,2026-01
2025-12-01,4101,Other Income,JE0082278,Suspense account transfer,0.0,214590.88,-47226885.36,VCH0072278,2025-12
2026-01-29,5101,Salary Expense,JE0082279,Depreciation charge,660952.37,0.0,46981527.44,VCH0072279,2026-01
2025-10-03,4101,Other Income,JE0082280,Vendor payment processed,0.0,210553.46,-47437438.82,VCH0072280,2025-10
2026-02-17,5501,Miscellaneous Expense,JE0082281,Advance to vendor,348411.46,0.0,44658566.82,VCH0072281,2026-02
2025-12-08,3101,Retained Earnings,JE0082282,Petty cash replenishment,0.0,402861.66,-65353564.01,VCH0072282,2025-12
2025-09-10,1002,Bank – Current Account,JE0082283,Undisclosed provision,130689.59,0.0,47630461.54,VCH0072283,2025-09
2025-10-18,1101,Accounts Receivable,JE0082284,Interest income received,126003.16,0.0,58132509.75,VCH0072284,2025-10
2025-08-17,3101,Retained Earnings,JE0082285,Reversal entry,0.0,493872.84,-65847436.85,VCH0072285,2025-08
2026-02-15,1002,Bank – Current Account,JE0082286,Accrual entry,1083219.91,0.0,48713681.45,VCH0072286,2026-02
2025-06-22,1002,Bank – Current Account,JE0082287,Rent payment for premises,165592.67,0.0,48879274.12,VCH0072287,2025-06
2025-11-03,2001,Accounts Payable,JE0082288,Opening balance entry,0.0,419640.55,-50615918.78,VCH0072288,2025-11
2025-12-17,5201,Rent Expense,JE0082289,Customer receipt posted,447345.8,0.0,35710086.55,VCH0072289,2025-12
2025-09-04,1002,Bank – Current Account,JE0082290,Monthly salary disbursement,7557.58,0.0,48886831.7,VCH0072290,2025-09
2025-09-09,1201,Inventory,JE0082291,Closing balance transfer,304394.02,0.0,42579550.25,VCH0072291,2025-09
2025-04-14,1002,Bank – Current Account,JE0082292,Bank charges,35634.61,0.0,48922466.31,VCH0072292,2025-04
2025-11-17,1002,Bank – Current Account,JE0082293,Accrual entry,105212.63,0.0,49027678.94,VCH0072293,2025-11
2026-03-30,5101,Salary Expense,JE0082294,Miscellaneous expense claim,116280.37,0.0,47097807.81,VCH0072294,2026-03
2025-10-23,2201,Salary Payable,JE0082295,Loan repayment instalment,0.0,376742.12,-55431464.78,VCH0072295,2025-10
2026-02-04,5401,Depreciation,JE0082296,Petty cash replenishment,138509.05,0.0,49247805.91,VCH0072296,2026-02
2026-01-20,3101,Retained Earnings,JE0082297,Monthly salary disbursement,0.0,189292.56,-66036729.41,VCH0072297,2026-01
2025-07-12,1201,Inventory,JE0082298,Advance to vendor,479548.85,0.0,43059099.1,VCH0072298,2025-07
2026-02-21,5401,Depreciation,JE0082299,GST payment to government,126932.99,0.0,49374738.9,VCH0072299,2026-02
2025-05-15,1201,Inventory,JE0082300,Bank charges,483254.29,0.0,43542353.39,VCH0072300,2025-05
2026-02-02,4001,Sales Revenue,JE0082301,Vendor payment processed,0.0,150465.69,-28234863.11,VCH0072301,2026-02
2025-08-23,5501,Miscellaneous Expense,JE0082302,GST payment to government,31995.16,0.0,44690561.98,VCH0072302,2025-08
2026-02-14,5601,Professional Fees,JE0082303,Bank charges,369296.18,0.0,65344132.71,VCH0072303,2026-02
2025-06-11,2201,Salary Payable,JE0082304,Reversal entry,0.0,123827.82,-55555292.6,VCH0072304,2025-06
2025-11-26,5001,Purchases,JE0082305,Opening balance entry,194899.85,0.0,60732045.92,VCH0072305,2025-11
2026-03-15,5301,Utilities Expense,JE0082306,Monthly salary disbursement,1882044.71,0.0,45746789.47,VCH0072306,2026-03
2025-04-09,3001,Share Capital,JE0082307,Bank charges,0.0,324009.02,-42832176.87,VCH0072307,2025-04
2025-07-21,5401,Depreciation,JE0082308,Miscellaneous expense claim,267109.67,0.0,49641848.57,VCH0072308,2025-07
2026-03-09,1001,Cash,JE0082309,Petty cash replenishment,289847.61,0.0,56917959.08,VCH0072309,2026-03
2026-03-07,5501,Miscellaneous Expense,JE0082310,Interest income received,102662.01,0.0,44793223.99,VCH0072310,2026-03
2025-07-02,1001,Cash,JE0082311,Receipt from customer,192721.87,0.0,57110680.95,VCH0072311,2025-07
2025-11-28,1001,Cash,JE0082312,Miscellaneous expense claim,61642.98,0.0,57172323.93,VCH0072312,2025-11
2025-05-31,3101,Retained Earnings,JE0082313,Rent payment for premises,0.0,111619.76,-66148349.17,VCH0072313,2025-05
2025-10-30,5301,Utilities Expense,JE0082314,Closing balance transfer,28711.95,0.0,45775501.42,VCH0072314,2025-10
2025-12-09,5101,Salary Expense,JE0082315,Utility bills settled,36202.23,0.0,47134010.04,VCH0072315,2025-12
2026-01-30,1002,Bank – Current Account,JE0082316,Utility bills settled,212243.47,0.0,49239922.41,VCH0072316,2026-01
2025-04-18,2301,Short-term Loans,JE0082317,Year-end rounding adjustment,0.0,179082.09,-46687771.84,VCH0072317,2025-04
2025-07-17,1001,Cash,JE0082318,Receipt from customer,209114.03,0.0,57381437.96,VCH0072318,2025-07
2025-05-27,5201,Rent Expense,JE0082319,GST payment to government,297519.42,0.0,36007605.97,VCH0072319,2025-05
2026-03-06,5201,Rent Expense,JE0082320,Receipt from customer,464443.33,0.0,36472049.3,VCH0072320,2026-03
2025-05-03,5101,Salary Expense,JE0082321,Receipt from customer,95076.77,0.0,47229086.81,VCH0072321,2025-05
2025-12-01,5001,Purchases,JE0082322,Advance to vendor,474038.71,0.0,61206084.63,VCH0072322,2025-12
2025-09-09,3001,Share Capital,JE0082323,Advance to vendor,0.0,114825.29,-42947002.16,VCH0072323,2025-09
2025-09-01,5101,Salary Expense,JE0082324,Miscellaneous expense claim,486294.66,0.0,47715381.47,VCH0072324,2025-09
2025-12-29,5301,Utilities Expense,JE0082325,Professional fee payment,73535.18,0.0,45849036.6,VCH0072325,2025-12
2026-01-19,5601,Professional Fees,JE0082326,Rent payment for premises,483587.05,0.0,65827719.76,VCH0072326,2026-01
2025-05-28,1201,Inventory,JE0082327,Opening balance entry,157679.82,0.0,43700033.21,VCH0072327,2025-05
2026-01-04,2201,Salary Payable,JE0082328,Monthly salary disbursement,0.0,432368.23,-55987660.83,VCH0072328,2026-01
2025-11-02,3001,Share Capital,JE0082329,Customer receipt posted,0.0,247475.5,-43194477.66,VCH0072329,2025-11
2025-12-29,5001,Purchases,JE0082330,Interest income received,5118.1,0.0,61211202.73,VCH0072330,2025-12
2025-05-05,2101,GST Payable,JE0082331,Loan repayment instalment,0.0,429810.77,-50461942.92,VCH0072331,2025-05
2025-06-30,1002,Bank – Current Account,JE0082332,Professional fee payment,379821.38,0.0,49619743.79,VCH0072332,2025-06
2026-02-15,2201,Salary Payable,JE0082333,Advance to vendor,0.0,149948.02,-56137608.85,VCH0072333,2026-02
2025-07-15,2201,Salary Payable,JE0082334,Bank charges,0.0,388824.13,-56526432.98,VCH0072334,2025-07
2025-10-02,5601,Professional Fees,JE0082335,Professional fee payment,69634.15,0.0,65897353.91,VCH0072335,2025-10
2025-09-20,3101,Retained Earnings,JE0082336,Journal adjustment,0.0,500000.0,-66648349.17,VCH0072336,2025-09
2025-07-08,4101,Other Income,JE0082337,Vendor payment processed,0.0,267939.53,-47705378.35,VCH0072337,2025-07
2026-03-28,2301,Short-term Loans,JE0082338,Utility bills settled,0.0,1504072.66,-48191844.5,VCH0072338,2026-03
2026-03-07,1201,Inventory,JE0082339,Receipt from customer,262904.7,0.0,43962937.91,VCH0072339,2026-03
2025-11-23,5501,Miscellaneous Expense,JE0082340,Manual override – audit bypass,479312.4,0.0,45272536.39,VCH0072340,2025-11
2025-07-20,2001,Accounts Payable,JE0082341,Vendor payment processed,0.0,316481.36,-50932400.14,VCH0072341,2025-07
2026-02-28,4001,Sales Revenue,JE0082342,Journal adjustment,0.0,496791.54,-28731654.65,VCH0072342,2026-02
2026-03-09,5001,Purchases,JE0082343,Petty cash replenishment,282367.21,0.0,61493569.94,VCH0072343,2026-03
2025-07-01,1301,Prepaid Expenses,JE0082344,Depreciation charge,362090.05,0.0,52410684.14,VCH0072344,2025-07
2026-01-18,2201,Salary Payable,JE0082345,Vendor payment processed,0.0,1069814.53,-57596247.51,VCH0072345,2026-01
2025-09-26,2001,Accounts Payable,JE0082346,Bank charges,0.0,120706.16,-51053106.3,VCH0072346,2025-09
2025-12-13,1201,Inventory,JE0082347,Professional fee payment,180585.13,0.0,44143523.04,VCH0072347,2025-12
2026-02-08,5401,Depreciation,JE0082348,Reversal entry,82511.21,0.0,49724359.78,VCH0072348,2026-02
2025-05-14,2201,Salary Payable,JE0082349,Vendor payment processed,0.0,131008.8,-57727256.31,VCH0072349,2025-05
2025-10-23,4001,Sales Revenue,JE0082350,Petty cash replenishment,0.0,112716.67,-28844371.32,VCH0072350,2025-10
2025-11-30,5001,Purchases,JE0082351,Miscellaneous expense claim,95796.62,0.0,61589366.56,VCH0072351,2025-11
2026-01-22,5101,Salary Expense,JE0082352,Reversal entry,406755.43,0.0,48122136.9,VCH0072352,2026-01
2025-11-05,1201,Inventory,JE0082353,Accrual entry,414245.02,0.0,44557768.06,VCH0072353,2025-11
2025-05-18,1301,Prepaid Expenses,JE0082354,Advance to vendor,97752.13,0.0,52508436.27,VCH0072354,2025-05
2026-01-02,2001,Accounts Payable,JE0082355,Reversal entry,0.0,204187.62,-51257293.92,VCH0072355,2026-01
2025-08-31,2101,GST Payable,JE0082356,Customer receipt posted,0.0,219407.85,-50681350.77,VCH0072356,2025-08
2025-06-29,5401,Depreciation,JE0082357,Bank charges,105844.8,0.0,49830204.58,VCH0072357,2025-06
2025-11-11,5401,Depreciation,JE0082358,Interest income received,88958.13,0.0,49919162.71,VCH0072358,2025-11
2025-10-20,3001,Share Capital,JE0082359,Petty cash replenishment,0.0,233681.95,-43428159.61,VCH0072359,2025-10
2025-07-13,4101,Other Income,JE0082360,Reversal entry,0.0,122421.45,-47827799.8,VCH0072360,2025-07
2025-06-20,5201,Rent Expense,JE0082361,Receipt from customer,500000.0,0.0,36972049.3,VCH0072361,2025-06
2025-07-16,2201,Salary Payable,JE0082362,Receipt from customer,0.0,500000.0,-58227256.31,VCH0072362,2025-07
2025-08-24,5301,Utilities Expense,JE0082363,Journal adjustment,391553.29,0.0,46240589.89,VCH0072363,2025-08
2025-11-08,1101,Accounts Receivable,JE0082364,Loan repayment instalment,403603.7,0.0,58536113.45,VCH0072364,2025-11
2026-03-15,2201,Salary Payable,JE0082365,Rent payment for premises,0.0,17767.43,-58245023.74,VCH0072365,2026-03
2025-10-28,4101,Other Income,JE0082366,Receipt from customer,0.0,25000.0,-47852799.8,VCH0072366,2025-10
2025-12-25,1301,Prepaid Expenses,JE0082367,Professional fee payment,137423.71,0.0,52645859.98,VCH0072367,2025-12
2025-12-30,1001,Cash,JE0082368,Closing balance transfer,318012.66,0.0,57699450.62,VCH0072368,2025-12
2025-06-17,4101,Other Income,JE0082369,Bank charges,0.0,81839.24,-47934639.04,VCH0072369,2025-06
2026-02-19,1201,Inventory,JE0082370,Miscellaneous expense claim,1415.5,0.0,44559183.56,VCH0072370,2026-02
2025-10-13,1002,Bank – Current Account,JE0082371,Opening balance entry,365691.61,0.0,49985435.4,VCH0072371,2025-10
2025-07-03,1002,Bank – Current Account,JE0082372,Vendor payment processed,433219.38,0.0,50418654.78,VCH0072372,2025-07
2026-02-21,1001,Cash,JE0082373,Depreciation charge,52399.98,0.0,57751850.6,VCH0072373,2026-02
2025-12-18,2101,GST Payable,JE0082374,Interest income received,0.0,414740.99,-51096091.76,VCH0072374,2025-12
2025-06-08,4101,Other Income,JE0082375,Depreciation charge,0.0,450811.57,-48385450.61,VCH0072375,2025-06
2026-01-05,5201,Rent Expense,JE0082376,One-time exceptional charge,272401.57,0.0,37244450.87,VCH0072376,2026-01
2025-06-15,2201,Salary Payable,JE0082377,Opening balance entry,0.0,454634.22,-58699657.96,VCH0072377,2025-06
2026-03-16,2001,Accounts Payable,JE0082378,Petty cash replenishment,0.0,137265.89,-51394559.81,VCH0072378,2026-03
2025-09-25,2101,GST Payable,JE0082379,Depreciation charge,0.0,133405.34,-51229497.1,VCH0072379,2025-09
2026-02-23,1101,Accounts Receivable,JE0082380,Closing balance transfer,462539.86,0.0,58998653.31,VCH0072380,2026-02
2025-10-09,5301,Utilities Expense,JE0082381,Loan repayment instalment,12477.12,0.0,46253067.01,VCH0072381,2025-10
2026-02-22,4001,Sales Revenue,JE0082382,Vendor payment processed,0.0,465100.69,-29309472.01,VCH0072382,2026-02
2025-08-08,1201,Inventory,JE0082383,Loan repayment instalment,270673.69,0.0,44829857.25,VCH0072383,2025-08
2025-12-12,1201,Inventory,JE0082384,Depreciation charge,382097.69,0.0,45211954.94,VCH0072384,2025-12
2025-09-30,3101,Retained Earnings,JE0082385,Monthly salary disbursement,0.0,128106.11,-66776455.28,VCH0072385,2025-09
2026-03-22,5401,Depreciation,JE0082386,Bank charges,83334.28,0.0,50002496.99,VCH0072386,2026-03
2025-12-16,2001,Accounts Payable,JE0082387,Reversal entry,0.0,479124.53,-51873684.34,VCH0072387,2025-12
2026-03-07,1002,Bank – Current Account,JE0082388,Advance to vendor,1214368.76,0.0,51633023.54,VCH0072388,2026-03
2025-10-18,5101,Salary Expense,JE0082389,Rent payment for premises,273997.85,0.0,48396134.75,VCH0072389,2025-10
2025-06-25,5001,Purchases,JE0082390,Customer receipt posted,167415.12,0.0,61756781.68,VCH0072390,2025-06
2025-07-26,5201,Rent Expense,JE0082391,Utility bills settled,493432.5,0.0,37737883.37,VCH0072391,2025-07
2025-05-03,5601,Professional Fees,JE0082392,Interest income received,116226.06,0.0,66013579.97,VCH0072392,2025-05
2026-03-19,2201,Salary Payable,JE0082393,Advance to vendor,0.0,375325.57,-59074983.53,VCH0072393,2026-03
2025-12-06,2001,Accounts Payable,JE0082394,Receipt from customer,0.0,125675.93,-51999360.27,VCH0072394,2025-12
2025-07-27,5401,Depreciation,JE0082395,Miscellaneous expense claim,253161.25,0.0,50255658.24,VCH0072395,2025-07
2025-12-03,2201,Salary Payable,JE0082396,Advance to vendor,0.0,321358.07,-59396341.6,VCH0072396,2025-12
2026-01-29,5501,Miscellaneous Expense,JE0082397,Reversal entry,133375.58,0.0,45405911.97,VCH0072397,2026-01
2025-04-10,5301,Utilities Expense,JE0082398,Vendor payment processed,95943.12,0.0,46349010.13,VCH0072398,2025-04
2025-08-26,1201,Inventory,JE0082399,Suspense account transfer,3004813.02,0.0,48216767.96,VCH0072399,2025-08
2025-12-20,1002,Bank – Current Account,JE0082400,Vendor payment processed,160002.02,0.0,51793025.56,VCH0072400,2025-12
2026-03-10,2301,Short-term Loans,JE0082401,Journal adjustment,0.0,255823.2,-48447667.7,VCH0072401,2026-03
2025-05-31,3101,Retained Earnings,JE0082402,Utility bills settled,0.0,250000.0,-67026455.28,VCH0072402,2025-05
2025-05-24,2001,Accounts Payable,JE0082403,Customer receipt posted,0.0,30147.26,-52029507.53,VCH0072403,2025-05
2025-11-27,2301,Short-term Loans,JE0082404,Loan repayment instalment,0.0,286407.74,-48734075.44,VCH0072404,2025-11
2025-11-28,1101,Accounts Receivable,JE0082405,Depreciation charge,62874.65,0.0,59061527.96,VCH0072405,2025-11
2026-03-30,2101,GST Payable,JE0082406,Receipt from customer,0.0,128471.95,-51357969.05,VCH0072406,2026-03
2025-10-20,5301,Utilities Expense,JE0082407,Undisclosed provision,1982992.58,0.0,48332002.71,VCH0072407,2025-10
2026-02-01,2301,Short-term Loans,JE0082408,Receipt from customer,0.0,189491.11,-48923566.55,VCH0072408,2026-02
2025-10-19,2201,Salary Payable,JE0082409,Customer receipt posted,0.0,189533.56,-59585875.16,VCH0072409,2025-10
2025-08-13,5201,Rent Expense,JE0082410,Vendor payment processed,52216.69,0.0,37790100.06,VCH0072410,2025-08
2025-07-08,1001,Cash,JE0082411,Interest income received,218460.03,0.0,57970310.63,VCH0072411,2025-07
2025-09-30,1301,Prepaid Expenses,JE0082412,Utility bills settled,420176.9,0.0,53066036.88,VCH0072412,2025-09
2026-02-15,5501,Miscellaneous Expense,JE0082413,Miscellaneous expense claim,141378.6,0.0,45547290.57,VCH0072413,2026-02
2025-05-30,4001,Sales Revenue,JE0082414,Utility bills settled,0.0,201375.83,-29510847.84,VCH0072414,2025-05
2025-12-04,3101,Retained Earnings,JE0082415,Advance to vendor,0.0,487149.6,-67513604.88,VCH0072415,2025-12
2025-11-01,5001,Purchases,JE0082416,Reversal entry,280539.03,0.0,62037320.71,VCH0072416,2025-11
2025-11-05,1201,Inventory,JE0082417,Journal adjustment,98551.14,0.0,48315319.1,VCH0072417,2025-11
2025-06-16,3101,Retained Earnings,JE0082418,Reversal entry,0.0,131181.6,-67644786.48,VCH0072418,2025-06
2025-12-06,2201,Salary Payable,JE0082419,Depreciation charge,0.0,193044.11,-59778919.27,VCH0072419,2025-12
2025-07-27,5301,Utilities Expense,JE0082420,Loan repayment instalment,378054.98,0.0,48710057.69,VCH0072420,2025-07
2025-08-02,4001,Sales Revenue,JE0082421,Utility bills settled,0.0,299908.09,-29810755.93,VCH0072421,2025-08
2025-04-22,4101,Other Income,JE0082422,Reversal entry,0.0,261198.36,-48646648.97,VCH0072422,2025-04
2026-01-12,5601,Professional Fees,JE0082423,Loan repayment instalment,418422.89,0.0,66432002.86,VCH0072423,2026-01
2025-05-14,1101,Accounts Receivable,JE0082424,Interest income received,50000.0,0.0,59111527.96,VCH0072424,2025-05
2025-11-20,3001,Share Capital,JE0082425,Depreciation charge,0.0,489148.07,-43917307.68,VCH0072425,2025-11
2025-11-24,5101,Salary Expense,JE0082426,Bank charges,18952.0,0.0,48415086.75,VCH0072426,2025-11
2025-11-21,5001,Purchases,JE0082427,Interest income received,267237.71,0.0,62304558.42,VCH0072427,2025-11
2025-09-20,4101,Other Income,JE0082428,Closing balance transfer,0.0,287694.59,-48934343.56,VCH0072428,2025-09
2026-03-06,1002,Bank – Current Account,JE0082429,Depreciation charge,25000.0,0.0,51818025.56,VCH0072429,2026-03
2025-10-23,2101,GST Payable,JE0082430,Bank charges,0.0,270946.67,-51628915.72,VCH0072430,2025-10
2025-04-11,5301,Utilities Expense,JE0082431,Rent payment for premises,147022.3,0.0,48857079.99,VCH0072431,2025-04
2025-11-06,3101,Retained Earnings,JE0082432,Depreciation charge,0.0,312637.31,-67957423.79,VCH0072432,2025-11
2025-05-24,2001,Accounts Payable,JE0082433,Accrual entry,0.0,448972.4,-52478479.93,VCH0072433,2025-05
2026-03-05,5101,Salary Expense,JE0082434,Monthly salary disbursement,227234.69,0.0,48642321.44,VCH0072434,2026-03
2026-01-27,5501,Miscellaneous Expense,JE0082435,Professional fee payment,50883.39,0.0,45598173.96,VCH0072435,2026-01
2025-10-28,2201,Salary Payable,JE0082436,Monthly salary disbursement,0.0,123999.9,-59902919.17,VCH0072436,2025-10
2025-09-17,5401,Depreciation,JE0082437,Reversal entry,220107.03,0.0,50475765.27,VCH0072437,2025-09
2025-06-14,1201,Inventory,JE0082438,Journal adjustment,192825.05,0.0,48508144.15,VCH0072438,2025-06
2026-01-09,1101,Accounts Receivable,JE0082439,Bank charges,484415.12,0.0,59595943.08,VCH0072439,2026-01
2026-01-13,5201,Rent Expense,JE0082440,Reversal entry,312084.46,0.0,38102184.52,VCH0072440,2026-01
2025-08-11,2001,Accounts Payable,JE0082441,Bank charges,0.0,288937.3,-52767417.23,VCH0072441,2025-08
2025-04-14,4101,Other Income,JE0082442,Miscellaneous expense claim,0.0,319268.85,-49253612.41,VCH0072442,2025-04
2026-03-13,4001,Sales Revenue,JE0082443,Professional fee payment,0.0,499694.6,-30310450.53,VCH0072443,2026-03
2026-02-05,1002,Bank – Current Account,JE0082444,Opening balance entry,507558.62,0.0,52325584.18,VCH0072444,2026-02
2025-10-06,3101,Retained Earnings,JE0082445,Journal adjustment,0.0,282959.98,-68240383.77,VCH0072445,2025-10
2026-02-13,5001,Purchases,JE0082446,Depreciation charge,1000000.0,0.0,63304558.42,VCH0072446,2026-02
2025-09-04,2301,Short-term Loans,JE0082447,Vendor payment processed,0.0,10000.0,-48933566.55,VCH0072447,2025-09
2025-04-19,2301,Short-term Loans,JE0082448,Advance to vendor,0.0,392279.76,-49325846.31,VCH0072448,2025-04
2025-06-02,2201,Salary Payable,JE0082449,Opening balance entry,0.0,25932.62,-59928851.79,VCH0072449,2025-06
2026-02-05,5101,Salary Expense,JE0082450,Bank charges,243390.54,0.0,48885711.98,VCH0072450,2026-02
2025-06-30,2001,Accounts Payable,JE0082451,Accrual entry,0.0,366621.74,-53134038.97,VCH0072451,2025-06
2025-06-18,3001,Share Capital,JE0082452,Petty cash replenishment,0.0,226999.33,-44144307.01,VCH0072452,2025-06
2026-03-31,5501,Miscellaneous Expense,JE0082453,Interest income received,242968.98,0.0,45841142.94,VCH0072453,2026-03
2025-05-29,4001,Sales Revenue,JE0082454,Interest income received,0.0,398582.64,-30709033.17,VCH0072454,2025-05
2026-02-18,5001,Purchases,JE0082455,One-time exceptional charge,412092.88,0.0,63716651.3,VCH0072455,2026-02
2025-11-23,5301,Utilities Expense,JE0082456,Suspense account transfer,4263418.85,0.0,53120498.84,VCH0072456,2025-11
2026-03-25,1002,Bank – Current Account,JE0082457,Bank charges,161645.95,0.0,52487230.13,VCH0072457,2026-03
2026-02-26,4001,Sales Revenue,JE0082458,Customer receipt posted,0.0,357116.54,-31066149.71,VCH0072458,2026-02
2025-11-22,5201,Rent Expense,JE0082459,Professional fee payment,60625.91,0.0,38162810.43,VCH0072459,2025-11
2026-02-20,1001,Cash,JE0082460,Miscellaneous expense claim,53855.76,0.0,58024166.39,VCH0072460,2026-02
2025-05-02,2301,Short-term Loans,JE0082461,GST payment to government,0.0,481524.87,-49807371.18,VCH0072461,2025-05
2025-04-24,1002,Bank – Current Account,JE0082462,Petty cash replenishment,147111.81,0.0,52634341.94,VCH0072462,2025-04
2025-11-25,5201,Rent Expense,JE0082463,Undisclosed provision,176385.25,0.0,38339195.68,VCH0072463,2025-11
2025-06-19,1201,Inventory,JE0082464,Bank charges,440732.56,0.0,48948876.71,VCH0072464,2025-06
2025-05-23,5101,Salary Expense,JE0082465,Petty cash replenishment,219819.74,0.0,49105531.72,VCH0072465,2025-05
2025-08-30,5001,Purchases,JE0082466,Closing balance transfer,89634.72,0.0,63806286.02,VCH0072466,2025-08
2025-07-17,3001,Share Capital,JE0082467,Reversal entry,0.0,250000.0,-44394307.01,VCH0072467,2025-07
2025-11-23,5001,Purchases,JE0082468,GST payment to government,199120.82,0.0,64005406.84,VCH0072468,2025-11
2025-09-07,4001,Sales Revenue,JE0082469,Monthly salary disbursement,0.0,123664.05,-31189813.76,VCH0072469,2025-09
2025-05-05,5501,Miscellaneous Expense,JE0082470,Miscellaneous expense claim,159624.38,0.0,46000767.32,VCH0072470,2025-05
2025-06-04,5201,Rent Expense,JE0082471,Customer receipt posted,168064.0,0.0,38507259.68,VCH0072471,2025-06
2025-12-19,5101,Salary Expense,JE0082472,Customer receipt posted,79208.81,0.0,49184740.53,VCH0072472,2025-12
2025-04-11,5601,Professional Fees,JE0082473,Rent payment for premises,195695.08,0.0,66627697.94,VCH0072473,2025-04
2026-03-06,1002,Bank – Current Account,JE0082474,Intercompany settlement,4159135.79,0.0,56793477.73,VCH0072474,2026-03
2026-03-26,1001,Cash,JE0082475,Journal adjustment,312104.43,0.0,58336270.82,VCH0072475,2026-03
2025-06-19,1301,Prepaid Expenses,JE0082476,Customer receipt posted,396585.04,0.0,53462621.92,VCH0072476,2025-06
2025-11-09,5101,Salary Expense,JE0082477,Professional fee payment,203269.48,0.0,49388010.01,VCH0072477,2025-11
2026-02-20,2201,Salary Payable,JE0082478,Year-end rounding adjustment,0.0,1304419.84,-61233271.63,VCH0072478,2026-02
2026-01-15,5001,Purchases,JE0082479,Professional fee payment,139131.71,0.0,64144538.55,VCH0072479,2026-01
2025-11-09,5301,Utilities Expense,JE0082480,Closing balance transfer,456787.08,0.0,53577285.92,VCH0072480,2025-11
2026-01-09,4001,Sales Revenue,JE0082481,Loan repayment instalment,0.0,444788.88,-31634602.64,VCH0072481,2026-01
2025-07-24,5101,Salary Expense,JE0082482,Loan repayment instalment,93802.06,0.0,49481812.07,VCH0072482,2025-07
2026-01-11,5101,Salary Expense,JE0082483,Reversal entry,378725.4,0.0,49860537.47,VCH0072483,2026-01
2025-10-08,3101,Retained Earnings,JE0082484,Rent payment for premises,0.0,67124.86,-68307508.63,VCH0072484,2025-10
2025-04-06,5101,Salary Expense,JE0082485,Advance to vendor,496455.2,0.0,50356992.67,VCH0072485,2025-04
2025-10-04,1001,Cash,JE0082486,GST payment to government,482027.85,0.0,58818298.67,VCH0072486,2025-10
2025-12-09,5401,Depreciation,JE0082487,Manual override – audit bypass,444797.08,0.0,50920562.35,VCH0072487,2025-12
2025-09-23,2101,GST Payable,JE0082488,Bank charges,0.0,464228.95,-52093144.67,VCH0072488,2025-09
2025-09-10,2001,Accounts Payable,JE0082489,Year-end rounding adjustment,0.0,280877.53,-53414916.5,VCH0072489,2025-09
2025-04-13,5001,Purchases,JE0082490,GST payment to government,17978.42,0.0,64162516.97,VCH0072490,2025-04
2025-10-05,1101,Accounts Receivable,JE0082491,Bank charges,44152.55,0.0,59640095.63,VCH0072491,2025-10
2025-05-09,4001,Sales Revenue,JE0082492,Petty cash replenishment,0.0,433066.56,-32067669.2,VCH0072492,2025-05
2026-01-27,2301,Short-term Loans,JE0082493,Monthly salary disbursement,0.0,167620.45,-49974991.63,VCH0072493,2026-01
2025-08-15,2101,GST Payable,JE0082494,Depreciation charge,0.0,382733.0,-52475877.67,VCH0072494,2025-08
2026-02-25,5301,Utilities Expense,JE0082495,Monthly salary disbursement,10437.02,0.0,53587722.94,VCH0072495,2026-02
2025-05-28,2001,Accounts Payable,JE0082496,Depreciation charge,0.0,99081.18,-53513997.68,VCH0072496,2025-05
2025-08-20,4101,Other Income,JE0082497,Monthly salary disbursement,0.0,341779.96,-49595392.37,VCH0072497,2025-08
2025-09-19,5001,Purchases,JE0082498,Utility bills settled,124506.41,0.0,64287023.38,VCH0072498,2025-09
2025-11-17,2301,Short-term Loans,JE0082499,Accrual entry,0.0,20043.5,-49995035.13,VCH0072499,2025-11
2025-12-27,2301,Short-term Loans,JE0082500,GST payment to government,0.0,345648.58,-50340683.71,VCH0072500,2025-12
