Purchase_Date,Vendor_Name,Vendor_ID,PO_Number,Invoice_Number,Item_Code,Item_Description,Quantity,Unit_Price,Total_Amount,GST_Rate,GST_Amount,Total_Payable,Payment_Status,Payment_Date,Approved_By,Entry_Timestamp
2025-12-13,Kapoor Industries,V0038,PO10001,INV020001,ITM010,Software License,2,28894.26,57788.52,0.05,2889.43,60677.95,Pending,,Siddharth Iyer,2025-12-13 10:55:43
2025-09-23,Sharma Co,V0027,PO10002,INV020002,ITM001,Steel Rods,18,53.86,969.48,0.12,116.34,1085.82,Pending,,Anjali Rao,2025-09-23 15:36:57
2025-09-18,Desai Suppliers,V0021,PO10003,INV020003,ITM014,Transport Charges,13,1831.11,23804.43,0.12,2856.53,26660.96,Partially Paid,,Arjun Sharma,2025-09-18 19:11:20
2025-06-26,Mehta Distributors,V0001,PO10004,INV020004,ITM008,Spare Parts,7,1325.37,9277.59,0.18,1669.97,10947.56,Pending,,Kiran Verma,2025-06-26 18:48:10
2025-11-06,Kumar Solutions,V0009,PO10005,INV020005,ITM010,Software License,3,24294.1,72882.3,0.28,20407.04,93289.34,Paid,2025-12-11,Manoj Desai,2025-11-06 16:24:00
2025-12-28,Mehta Co,V0047,PO10006,INV020006,ITM006,Diesel Fuel,457,83.6,38205.2,0.05,1910.26,40115.46,Paid,2026-02-07,Manoj Desai,2025-12-28 12:01:43
2025-10-14,Bansal Co,V0015,PO10007,INV020007,ITM012,Security Services,1,15328.3,15328.3,0.18,2759.09,18087.39,Paid,2025-10-19,Arjun Sharma,2025-10-14 17:37:19
2025-12-25,Singh Solutions,V0020,PO10008,INV020008,ITM005,Printing Paper,187,252.03,47129.61,0.28,13196.29,60325.9,Partially Paid,,Anjali Rao,2025-12-25 14:27:56
2025-06-24,Patel Co,V0022,PO10009,INV020009,ITM015,Stationery Items,46,385.02,17710.92,0.28,4959.06,22669.98,Paid,2025-07-09,Anjali Rao,2025-06-24 21:25:01
2026-03-31,Shah Industries,V0014,PO10010,INV020010,ITM012,Security Services,1,15286.77,15286.77,0.05,764.34,16051.11,Pending,,Siddharth Iyer,2026-03-31 19:50:02
2026-03-05,Gupta Associates ,V0050,PO10011,INV020011,ITM009,Consulting Services,20,1796.81,35936.2,0.05,1796.81,37733.01,Paid,2026-03-09,Kiran Verma,2026-03-05 10:41:53
2025-11-29,Sharma Co,V0027,PO10012,INV020012,ITM008,Spare Parts,4,1222.7,4890.8,0.28,1369.42,6260.22,Partially Paid,,Arjun Sharma,2025-11-29 20:09:13
2026-02-13,Singh Solutions,V0020,PO10013,INV020013,ITM007,Packaging Material,85,181.46,15424.1,0.05,771.21,16195.31,Pending,,Kiran Verma,2026-02-13 18:44:08
2025-05-25,Desai Traders,V0033,PO10014,INV020014,ITM012,Security Services,1,15220.89,15220.89,0.05,761.04,15981.93,Paid,2025-07-14,Siddharth Iyer,2025-05-25 16:12:38
2025-08-30,Kumar Suppliers,V0054,PO10015,INV020015,ITM009,Consulting Services,12,1622.06,19464.72,0.12,2335.77,21800.49,Pending,,Manoj Desai,2025-08-30 11:02:35
2026-03-10,Joshi Co Ltd,V0060,PO10016,INV020016,ITM008,Spare Parts,8,961.31,7690.48,0.18,1384.29,9074.77,Partially Paid,,Leela Shah,2026-03-10 10:58:07
2025-08-10,Verma Distributors,V0010,PO10017,INV020017,ITM002,Cement Bags,47,348.62,16385.14,0.05,819.26,17204.4,Pending,,Siddharth Iyer,2025-08-10 19:14:29
2025-10-02,Bansal Distributors,V0004,PO10018,INV020018,ITM002,Cement Bags,3,365.09,1095.27,0.12,131.43,1226.7,Paid,2025-10-09,Arjun Sharma,2025-10-02 05:27:47
2025-11-11,Rao Suppliers ,V0055,PO10019,INV020447,ITM003,Office Chairs,6,3300.54,19803.24,0.12,2376.39,22179.63,Pending,,Vivek Malhotra,2025-11-11 18:17:56
2025-08-18,Mittal Solutions,V0012,PO10020,INV020020,ITM002,Cement Bags,26,379.18,9858.68,0.28,2760.43,12619.11,Pending,,Harish Kumar,2025-08-18 15:44:54
2025-05-01,Verma Industries,V0042,PO10021,INV020021,ITM015,Stationery Items,15,298.55,4478.25,0.12,537.39,5015.64,Partially Paid,,Leela Shah,2025-05-01 11:06:26
2025-10-01,Kumar Associates,V0052,PO10022,INV020022,ITM010,Software License,1,26113.23,26113.23,0.28,7311.7,33424.93,Partially Paid,,Anjali Rao,2025-10-01 18:01:55
2025-11-12,Iyer Industries,V0031,PO10023,INV020023,ITM015,Stationery Items,15,404.26,6063.9,0.28,1697.89,7761.79,Partially Paid,,Vivek Malhotra,2025-11-12 09:04:16
2026-03-19,Mehta Distributors,V0001,PO10024,INV020024,ITM012,Security Services,1,18137.52,18137.52,0.12,2176.5,20314.02,Pending,,Manoj Desai,2026-03-19 20:39:06
2026-01-11,Iyer Industries,V0031,PO10025,INV020025,ITM006,Diesel Fuel,77,102.21,7870.17,0.28,2203.65,10073.82,Partially Paid,,Anjali Rao,2026-01-11 18:03:00
2025-08-02,Rao Suppliers ,V0055,PO10026,INV020026,ITM008,Spare Parts,6,995.94,5975.64,0.28,1673.18,7648.82,Partially Paid,,Manoj Desai,2025-08-02 14:17:03
2025-05-11,Shah Associates,V0036,PO10027,INV020027,ITM011,Cleaning Supplies,26,507.08,13184.08,0.28,3691.54,16875.62,Partially Paid,,Leela Shah,2025-05-11 16:28:51
2025-12-11,Singh Enterprises,V0006,PO10028,INV020028,ITM014,Transport Charges,8,2038.13,16305.04,0.28,4565.41,20870.45,Paid,2026-01-06,Harish Kumar,2025-12-11 20:41:01
2026-02-04,Rao Trading Co,V0003,PO10029,INV020029,ITM009,Consulting Services,27,1254.54,33872.58,0.05,1693.63,35566.21,Partially Paid,,Manoj Desai,2026-02-04 18:40:19
2025-04-28,Verma Industries,V0042,PO10030,INV020030,ITM011,Cleaning Supplies,22,425.4,9358.8,0.28,2620.46,11979.26,Pending,,Leela Shah,2025-04-28 12:54:29
2026-03-04,Patel Pvt Ltd,V0046,PO10031,INV020031,ITM011,Cleaning Supplies,29,380.52,11035.08,0.18,1986.31,13021.39,Pending,,Siddharth Iyer,2026-03-04 12:00:21
2025-06-24,Shah Associates,V0036,PO10032,INV020032,ITM009,Consulting Services,23,1263.79,29067.17,0.18,5232.09,34299.26,Partially Paid,,Harish Kumar,2025-06-24 16:08:52
2025-10-19,Desai Associates,V0007,PO10033,INV020033,ITM005,Printing Paper,49,212.07,10391.43,0.12,1246.97,11638.4,Paid,2025-12-04,Vivek Malhotra,2025-10-19 12:29:52
2026-03-11,Desai Associates,V0007,PO10034,INV020034,ITM013,Raw Chemicals,3,913.11,2739.33,0.28,767.01,3506.34,Pending,,Leela Shah,2026-03-11 18:07:49
2025-04-25,Kapoor Solutions,V0043,PO10035,INV020035,ITM010,Software License,2,20043.38,40086.76,0.12,4810.41,44897.17,Partially Paid,,Leela Shah,2025-04-25 17:59:27
2025-06-05,Joshi Co,V0060,PO10036,INV020036,ITM009,Consulting Services,23,1547.13,35583.99,0.12,4270.08,39854.07,Partially Paid,,Vivek Malhotra,2025-06-05 10:24:42
2026-03-21,Desai Traders,V0033,PO10037,INV020037,ITM015,Stationery Items,54,417.13,22525.02,0.28,6307.01,28832.03,Pending,,Vivek Malhotra,2026-03-21 21:15:17
2026-03-25,Kumar Traders,V0019,PO10038,INV020038,ITM008,Spare Parts,5,1158.12,5790.6,0.12,694.87,6485.47,Partially Paid,,Vivek Malhotra,2026-03-25 20:32:19
2025-08-27,Patel Pvt Ltd,V0046,PO10039,INV020039,ITM012,Security Services,1,15909.93,15909.93,0.12,1909.19,17819.12,Partially Paid,,Anjali Rao,2025-08-27 19:22:58
2026-02-21,Patel Pvt Ltd,V0046,PO10040,INV020040,ITM011,Cleaning Supplies,33,457.65,15102.45,0.12,1812.29,16914.74,Pending,,Leela Shah,2026-02-21 14:45:07
2025-12-30,Kapoor Industries,V0038,PO10041,INV020041,ITM010,Software License,3,27478.69,82436.07,0.28,23082.1,105518.17,Pending,,Arjun Sharma,2025-12-30 13:56:54
2025-07-12,Desai Associates,V0007,PO10042,INV020042,ITM001,Steel Rods,19,36.96,702.24,0.28,196.63,898.87,Paid,2025-07-31,Siddharth Iyer,2025-07-12 13:48:50
2025-07-14,Verma Distributors,V0010,PO10043,INV020043,ITM014,Transport Charges,12,2450.23,29402.76,0.05,1470.14,30872.9,Pending,,Leela Shah,2025-07-14 21:34:02
2025-10-17,Desai Associates,V0007,PO10044,INV020044,ITM010,Software License,3,26471.19,79413.57,0.12,9529.63,88943.2,Partially Paid,,Siddharth Iyer,2025-10-17 12:32:50
2026-03-17,Joshi Distributors ,V0045,PO10045,INV020045,ITM011,Cleaning Supplies,25,429.76,10744.0,0.05,537.2,11281.2,Paid,2026-05-04,Siddharth Iyer,2026-03-17 14:35:03
2026-03-27,Desai Associates,V0013,PO10046,INV020046,ITM010,Software License,1,29114.86,29114.86,0.28,8152.16,37267.02,Partially Paid,,Manoj Desai,2026-03-27 20:41:23
2026-03-16,Gupta Associates ,V0050,PO10047,INV020047,ITM012,Security Services,1,17631.47,17631.47,0.12,2115.78,19747.25,Partially Paid,,Kiran Verma,2026-03-16 10:11:11
2025-06-06,Shah Industries,V0025,PO10048,INV020048,ITM001,Steel Rods,36,46.02,1656.72,0.28,463.88,2120.6,Pending,,Arjun Sharma,2025-06-06 11:37:54
2025-09-13,Patel Co,V0022,PO10049,INV020049,ITM008,Spare Parts,2,1033.78,2067.56,0.12,248.11,2315.67,Partially Paid,,Siddharth Iyer,2025-09-13 18:03:49
2025-09-10,Bansal Suppliers,V0032,PO10050,INV020050,ITM013,Raw Chemicals,5,868.62,4343.1,0.18,781.76,5124.86,Partially Paid,,Kiran Verma,2025-09-10 17:14:11
2025-10-24,Bansal Trading Co,V0051,PO10051,INV020051,ITM009,Consulting Services,14,1525.85,21361.9,0.12,2563.43,23925.33,Paid,2025-12-06,Vivek Malhotra,2025-10-24 10:22:14
2026-02-11,Patel Co,V0022,PO10052,INV020052,ITM006,Diesel Fuel,112,106.21,11895.52,0.18,2141.19,14036.71,Partially Paid,,Arjun Sharma,2026-02-11 17:30:35
2026-02-09,Kapoor Solutions,V0043,PO10053,INV020300,ITM006,Diesel Fuel,124,104.56,12965.44,0.28,3630.32,16595.76,Pending,,Kiran Verma,2026-02-09 18:15:02
2025-10-09,Shah Industries,V0025,PO10054,INV020054,ITM005,Printing Paper,7,291.13,2037.91,0.18,366.82,2404.73,Pending,,Leela Shah,2025-10-09 17:51:32
2025-05-20,Rao Trading Co,V0003,PO10055,INV020055,ITM005,Printing Paper,83,251.39,20865.37,0.12,2503.84,23369.21,Partially Paid,,Arjun Sharma,2025-05-20 11:49:34
2025-07-19,Mehta Private Limited ,V0041,PO10056,INV020056,ITM002,Cement Bags,43,336.58,14472.94,0.12,1736.75,16209.69,Paid,2025-08-02,Harish Kumar,2025-07-19 19:27:53
2025-09-17,Patel Distributors Ltd,V0053,PO10057,INV020057,ITM002,Cement Bags,2,314.78,629.56,0.12,75.55,705.11,Paid,2025-09-29,Siddharth Iyer,2025-09-17 09:05:04
2025-11-17,Shah Associates,V0036,PO10058,INV020058,ITM002,Cement Bags,17,308.18,5239.06,0.12,628.69,5867.75,Pending,,Arjun Sharma,2025-11-17 19:25:27
2026-02-11,Shah Industries,V0025,PO10059,INV020059,ITM011,Cleaning Supplies,35,361.06,12637.1,0.05,631.86,13268.96,Partially Paid,,Arjun Sharma,2026-02-11 10:48:47
2026-03-18,Rao Suppliers Ltd,V0055,PO10060,INV020060,ITM002,Cement Bags,33,269.59,8896.47,0.18,1601.36,10497.83,Pending,,Leela Shah,2026-03-18 13:38:05
2025-07-22,Shah Industries,V0025,PO10061,INV020061,ITM007,Packaging Material,61,155.26,9470.86,0.05,473.54,9944.4,Partially Paid,,Siddharth Iyer,2025-07-22 11:47:25
2025-04-06,Mehta Private Limited ,V0041,PO10062,INV020062,ITM003,Office Chairs,6,4140.35,24842.1,0.18,4471.58,29313.68,Paid,2025-04-14,Arjun Sharma,2025-04-06 17:55:35
2025-05-14,Malhotra Pvt Ltd,V0037,PO10063,INV020151,ITM010,Software License,3,25475.25,76425.75,0.28,21399.21,97824.96,Paid,2025-06-10,Anjali Rao,2025-05-14 13:13:47
2025-07-09,Singh Traders,V0011,PO10064,INV020064,ITM003,Office Chairs,10,3968.65,39686.5,0.12,4762.38,44448.88,Partially Paid,,Arjun Sharma,2025-07-09 10:11:42
2025-08-27,Rao Suppliers ,V0055,PO10065,INV020065,ITM013,Raw Chemicals,42,795.5,33411.0,0.28,9355.08,42766.08,Paid,2025-09-09,Leela Shah,2025-08-27 19:04:16
2025-05-22,Patel Co,V0022,PO10066,INV020066,ITM006,Diesel Fuel,344,95.6,32886.4,0.12,3946.37,36832.77,Paid,2025-06-12,Leela Shah,2025-05-22 13:39:04
2026-01-15,Patel Co,V0029,PO10067,INV020067,ITM006,Diesel Fuel,356,93.03,33118.68,0.18,5961.36,39080.04,Pending,,Harish Kumar,2026-01-15 18:23:51
2026-03-31,Mehta Distributors,V0001,PO10068,INV020068,ITM006,Diesel Fuel,403,2000.0,806000.0,0.12,96720.0,902720.0,Pending,,Vivek Malhotra,2026-03-31 20:41:27
2025-10-01,Kumar Solutions,V0009,PO10069,INV020069,ITM011,Cleaning Supplies,31,443.31,13742.61,0.18,2473.67,16216.28,Partially Paid,,Kiran Verma,2025-10-01 21:19:31
2025-06-11,Mittal Solutions,V0012,PO10070,INV020070,ITM011,Cleaning Supplies,18,514.57,9262.26,0.05,463.11,9725.37,Partially Paid,,Kiran Verma,2025-06-11 17:12:16
2026-01-23,Mehta Co,V0047,PO10071,INV020071,ITM002,Cement Bags,33,336.85,11116.05,0.05,555.8,11671.85,Partially Paid,,Manoj Desai,2026-01-23 18:25:49
2025-10-05,Shah Associates,V0036,PO10072,INV020325,ITM005,Printing Paper,168,277.52,46623.36,0.28,13054.54,59677.9,Partially Paid,,Siddharth Iyer,2025-10-05 15:14:57
2025-12-14,Verma Co,V0030,PO10073,INV020073,ITM009,Consulting Services,13,5000.0,65000.0,0.05,3250.0,68250.0,Partially Paid,,Anjali Rao,2025-12-14 09:42:15
2026-01-15,Singh Pvt Ltd,V0049,PO10074,INV020074,ITM009,Consulting Services,15,1295.53,19432.95,0.12,2331.95,21764.9,Paid,2026-03-04,Leela Shah,2026-01-15 18:42:55
2025-05-03,Mittal Enterprises,V0023,PO10075,INV020075,ITM001,Steel Rods,98,44.78,4388.44,0.12,526.61,4915.05,Paid,2025-06-15,Manoj Desai,2025-05-03 13:23:14
2025-11-19,Mittal Distributors,V0034,PO10076,INV020076,ITM015,Stationery Items,50,345.75,17287.5,0.18,3111.75,20399.25,Pending,,Kiran Verma,2025-11-19 09:02:41
2026-01-17,Mittal Distributors Ltd,V0034,PO10077,INV020077,ITM011,Cleaning Supplies,17,464.15,7890.55,0.18,1420.3,9310.85,Pending,,Vivek Malhotra,2026-01-17 11:24:41
2025-07-24,Kapoor Industries,V0038,PO10078,INV020078,ITM011,Cleaning Supplies,34,405.29,13779.86,0.05,688.99,14468.85,Pending,,Leela Shah,2025-07-24 17:25:22
2025-11-12,Bansal Trading Co,V0051,PO10079,INV020079,ITM008,Spare Parts,17,1383.38,23517.46,0.05,1175.87,24693.33,Partially Paid,,Siddharth Iyer,2025-11-12 11:14:04
2025-05-31,Verma Distributors,V0010,PO10080,INV020080,ITM003,Office Chairs,6,25000.0,150000.0,0.12,18000.0,168000.0,Pending,,Kiran Verma,2025-05-31 19:14:26
2025-06-22,Iyer Industries,V0031,PO10081,INV020081,ITM011,Cleaning Supplies,31,397.93,12335.83,0.28,3454.03,15789.86,Paid,2025-07-08,Arjun Sharma,2025-06-22 19:53:26
2025-04-21,Kumar Solutions,V0009,PO10082,INV020082,ITM010,Software License,1,26295.4,26295.4,0.12,3155.45,29450.85,Paid,2025-05-08,Anjali Rao,2025-04-21 18:09:03
2025-08-24,Mittal Distributors,V0034,PO10083,INV020083,ITM007,Packaging Material,93,196.41,18266.13,0.05,913.31,19179.44,Partially Paid,,Leela Shah,2025-08-24 10:13:28
2026-02-02,Patel Suppliers,V0056,PO10084,INV020084,ITM008,Spare Parts,8,1358.57,10868.56,0.12,1304.23,12172.79,Paid,2026-03-14,Siddharth Iyer,2026-02-02 11:50:37
2025-05-06,Singh Traders,V0011,PO10085,INV020085,ITM012,Security Services,1,18695.04,18695.04,0.18,3365.11,22060.15,Paid,2025-05-13,Arjun Sharma,2025-05-06 12:24:24
2025-05-20,Desai Associates,V0013,PO10086,INV020086,ITM009,Consulting Services,27,1289.74,34822.98,0.28,9750.43,44573.41,Partially Paid,,Arjun Sharma,2025-05-20 11:30:57
2025-06-06,Joshi Trading Co,V0057,PO10087,INV020087,ITM013,Raw Chemicals,6,774.46,4646.76,0.05,232.34,4879.1,Paid,2025-08-03,Harish Kumar,2025-06-06 18:34:52
2025-09-27,Sharma Co,V0027,PO10088,INV020088,ITM006,Diesel Fuel,358,91.07,32603.06,0.05,1630.15,34233.21,Partially Paid,,Kiran Verma,2025-09-27 18:51:47
2025-05-13,Singh Distributors,V0028,PO10089,INV020089,ITM003,Office Chairs,8,3872.2,30977.6,0.18,5575.97,36553.57,Partially Paid,,Harish Kumar,2025-05-13 13:38:56
2025-05-31,Sharma Distributors,V0017,PO10090,INV020090,ITM004,Laptop Computer,1,56715.72,56715.72,0.05,2835.79,59551.51,Partially Paid,,Manoj Desai,2025-05-31 17:00:24
2025-06-19,Joshi Distributors ,V0045,PO10091,INV020091,ITM013,Raw Chemicals,27,737.03,19899.81,0.18,3581.97,23481.78,Pending,,Siddharth Iyer,2025-06-19 15:41:37
2026-01-11,Singh Distributors,V0028,PO10092,INV020092,ITM010,Software License,3,22755.61,68266.83,0.18,12288.03,80554.86,Partially Paid,,Leela Shah,2026-01-11 16:11:23
2025-06-10,Sharma Distributors,V0017,PO10093,INV020093,ITM005,Printing Paper,199,270.55,53839.45,0.18,9691.1,63530.55,Paid,2025-07-09,Anjali Rao,2025-06-10 19:07:47
2026-02-09,Desai Associates,V0007,PO10094,INV020094,ITM004,Laptop Computer,3,61618.78,184856.34,0.28,51759.78,236616.12,Paid,2026-02-20,Harish Kumar,2026-02-09 20:43:45
2026-02-02,Mehta Private Limited ,V0041,PO10095,INV020095,ITM001,Steel Rods,106,38.62,4093.72,0.05,204.69,4298.41,Pending,,Manoj Desai,2026-02-02 15:05:04
2025-10-23,Joshi Co,V0024,PO10096,INV020096,ITM002,Cement Bags,47,305.19,14343.93,0.05,717.2,15061.13,Pending,,Arjun Sharma,2025-10-23 18:41:33
2025-04-06,Gupta Associates ,V0050,PO10097,INV020097,ITM014,Transport Charges,11,2195.04,24145.44,0.12,2897.45,27042.89,Partially Paid,,Siddharth Iyer,2025-04-06 12:54:42
2025-04-19,Desai Associates,V0013,PO10098,INV020098,ITM001,Steel Rods,79,39.05,3084.95,0.12,370.19,3455.14,Paid,2025-04-30,Kiran Verma,2025-04-19 14:15:41
2025-10-25,Bansal Solutions,V0018,PO10099,INV020099,ITM013,Raw Chemicals,23,832.93,19157.39,0.28,5364.07,24521.46,Paid,2025-12-12,Kiran Verma,2025-10-25 18:12:33
2026-01-24,Bansal Suppliers,V0059,PO10100,INV020100,ITM002,Cement Bags,47,362.21,17023.87,0.18,3064.3,20088.17,Pending,,Manoj Desai,2026-01-24 14:22:52
2025-10-26,Desai Associates,V0013,PO10101,INV020101,ITM008,Spare Parts,19,962.23,18282.37,0.28,5119.06,23401.43,Paid,2025-11-28,Siddharth Iyer,2025-10-26 17:06:35
2025-08-07,Shah Enterprises,V0008,PO10102,INV020102,ITM013,Raw Chemicals,19,450.45,8558.55,0.18,1540.54,10099.09,Partially Paid,,Leela Shah,2025-08-07 20:28:24
2026-01-26,Gupta Associates ,V0050,PO10103,INV020103,ITM004,Laptop Computer,4,58995.08,235980.32,0.18,42476.46,278456.78,Pending,,Kiran Verma,2026-01-26 09:30:07
2025-09-09,Mehta Private Limited ,V0041,PO10104,INV020104,ITM013,Raw Chemicals,44,842.77,37081.88,0.12,4449.83,41531.71,Partially Paid,,Arjun Sharma,2025-09-09 22:22:33
2025-10-22,Joshi Distributors ,V0045,PO10105,INV020105,ITM014,Transport Charges,4,2012.81,8051.24,0.18,1449.22,9500.46,Pending,,Kiran Verma,2025-10-22 19:47:52
2025-07-21,Shah Associates,V0036,PO10106,INV020106,ITM015,Stationery Items,61,323.94,19760.34,0.12,2371.24,22131.58,Partially Paid,,Manoj Desai,2025-07-21 18:17:11
2025-08-14,Bansal Suppliers,V0032,PO10107,INV020107,ITM012,Security Services,1,19695.09,19695.09,0.12,2363.41,22058.5,Paid,2025-10-07,Vivek Malhotra,2025-08-14 12:14:12
2026-03-13,Verma Distributors,V0010,PO10108,INV020108,ITM013,Raw Chemicals,8,911.1,7288.8,0.05,364.44,7653.24,Paid,2026-05-01,Arjun Sharma,2026-03-13 19:31:39
2026-01-20,Rao Suppliers ,V0055,PO10109,INV020109,ITM008,Spare Parts,20,1111.4,22228.0,0.18,4001.04,26229.04,Partially Paid,,Siddharth Iyer,2026-01-20 13:31:11
2025-11-03,Pillai Trading Co,V0026,PO10110,INV020110,ITM004,Laptop Computer,1,55566.18,55566.18,0.12,6667.94,62234.12,Partially Paid,,Vivek Malhotra,2025-11-03 16:34:02
2026-03-24,Pillai Trading Co,V0026,PO10111,INV020111,ITM014,Transport Charges,8,2619.33,20954.64,0.12,2514.56,23469.2,Partially Paid,,Arjun Sharma,2026-03-24 17:29:20
2025-09-14,Mehta Distributors,V0001,PO10112,INV020112,ITM011,Cleaning Supplies,25,464.58,11614.5,0.12,1393.74,13008.24,Pending,,Anjali Rao,2025-09-14 14:39:55
2026-02-08,Shah Associates,V0036,PO10113,INV020113,ITM005,Printing Paper,69,247.13,17051.97,0.12,2046.24,19098.21,Pending,,Harish Kumar,2026-02-08 14:23:11
2025-08-22,Shah Industries,V0014,PO10114,INV020114,ITM007,Packaging Material,47,205.51,9658.97,0.18,1738.61,11397.58,Paid,2025-09-28,Manoj Desai,2025-08-22 16:11:36
2025-10-13,Patel Distributors,V0053,PO10115,INV020115,ITM002,Cement Bags,16,327.08,5233.28,0.18,941.99,6175.27,Partially Paid,,Anjali Rao,2025-10-13 12:09:51
2026-02-17,Kumar Associates,V0052,PO10116,INV020116,ITM001,Steel Rods,54,44.99,2429.46,0.12,291.54,2721.0,Pending,,Siddharth Iyer,2026-02-17 05:50:31
2025-07-20,Rao Suppliers ,V0055,PO10117,INV020117,ITM010,Software License,2,20989.75,41979.5,0.05,2098.97,44078.47,Partially Paid,,Kiran Verma,2025-07-20 13:30:53
2026-01-12,Patel Co,V0029,PO10118,INV020118,ITM012,Security Services,1,16998.93,16998.93,0.18,3059.81,20058.74,Pending,,Vivek Malhotra,2026-01-12 17:59:51
2025-07-11,Sharma Co,V0027,PO10119,INV020444,ITM002,Cement Bags,44,379.28,16688.32,0.18,3003.9,19692.22,Paid,2025-08-30,Siddharth Iyer,2025-07-11 18:36:41
2025-05-11,Mittal Enterprises,V0023,PO10120,INV020120,ITM006,Diesel Fuel,397,98.51,39108.47,0.28,10950.37,50058.84,Pending,,Anjali Rao,2025-05-11 15:39:18
2026-01-18,Patel Suppliers,V0056,PO10121,INV020121,ITM003,Office Chairs,7,3683.78,25786.46,0.18,4641.56,30428.02,Paid,2026-01-24,Anjali Rao,2026-01-18 15:54:58
2026-03-30,Patel Co,V0022,PO10122,INV020122,ITM004,Laptop Computer,3,58366.29,175098.87,0.18,31517.8,206616.67,Pending,,Siddharth Iyer,2026-03-30 13:38:41
2025-11-17,Joshi Trading Co,V0057,PO10123,INV020123,ITM008,Spare Parts,19,1210.05,22990.95,0.18,4138.37,27129.32,Paid,2025-11-26,Manoj Desai,2025-11-17 15:10:11
2025-05-23,Kapoor Solutions,V0043,PO10124,INV020124,ITM005,Printing Paper,54,216.69,11701.26,0.05,585.06,12286.32,Pending,,Arjun Sharma,2025-05-23 10:04:59
2025-06-19,Gupta Associates ,V0050,PO10125,INV020238,ITM007,Packaging Material,14,162.9,2280.6,0.05,114.03,2394.63,Pending,,Manoj Desai,2025-06-19 10:41:59
2025-06-07,Shah Solutions,V0016,PO10126,INV020126,ITM012,Security Services,1,18910.66,18910.66,0.18,3403.92,22314.58,Paid,2025-06-10,Vivek Malhotra,2025-06-07 17:53:10
2025-08-18,Patel Suppliers,V0056,PO10127,INV020127,ITM008,Spare Parts,18,489.99,8819.82,0.28,2469.55,11289.37,Partially Paid,,Anjali Rao,2025-08-18 17:28:08
2026-01-14,Kapoor Industries,V0038,PO10128,INV020128,ITM010,Software License,3,27489.12,82467.36,0.28,23090.86,105558.22,Partially Paid,,Siddharth Iyer,2026-01-14 15:33:40
2025-05-16,Bansal Suppliers,V0059,PO10129,INV020129,ITM006,Diesel Fuel,277,80.18,22209.86,0.28,6218.76,28428.62,Pending,,Siddharth Iyer,2025-05-16 16:19:23
2025-06-09,Verma Distributors,V0010,PO10130,INV020130,ITM005,Printing Paper,1,252.33,252.33,0.05,12.62,264.95,Partially Paid,,Arjun Sharma,2025-06-09 14:18:30
2025-11-07,Joshi Co Ltd,V0060,PO10131,INV020131,ITM008,Spare Parts,10,964.38,9643.8,0.28,2700.26,12344.06,Paid,2025-12-28,Arjun Sharma,2025-11-07 21:18:38
2025-11-10,Shah Associates,V0036,PO10132,INV020132,ITM006,Diesel Fuel,211,103.76,21893.36,0.12,2627.2,24520.56,Partially Paid,,Harish Kumar,2025-11-10 15:15:10
2026-02-15,Kumar Suppliers,V0054,PO10133,INV020133,ITM007,Packaging Material,34,149.7,5089.8,0.12,610.78,5700.58,Partially Paid,,Siddharth Iyer,2026-02-15 12:33:48
2025-05-06,Kumar Traders,V0019,PO10134,INV020134,ITM011,Cleaning Supplies,27,393.84,10633.68,0.18,1914.06,12547.74,Paid,2025-06-16,Leela Shah,2025-05-06 11:08:18
2025-04-26,Patel Co,V0029,PO10135,INV020135,ITM005,Printing Paper,49,232.06,11370.94,0.28,3183.86,14554.8,Paid,2025-05-15,Siddharth Iyer,2025-04-26 17:01:11
2025-06-17,Kumar Solutions,V0009,PO10136,INV020136,ITM012,Security Services,1,16076.24,16076.24,0.28,4501.35,20577.59,Pending,,Harish Kumar,2025-06-17 09:31:13
2025-04-17,Singh Solutions,V0020,PO10137,INV020137,ITM013,Raw Chemicals,24,768.67,18448.08,0.28,5165.46,23613.54,Paid,2025-04-21,Siddharth Iyer,2025-04-17 14:05:53
2025-08-07,Pillai Trading Co,V0005,PO10138,INV020138,ITM009,Consulting Services,6,1315.32,7891.92,0.28,2209.74,10101.66,Paid,2025-09-26,Manoj Desai,2025-08-07 22:53:00
2025-04-18,Shah Industries,V0025,PO10139,INV020139,ITM013,Raw Chemicals,16,854.14,13666.24,0.28,3826.55,17492.79,Paid,2025-05-22,Manoj Desai,2025-04-18 12:29:47
2025-04-22,Iyer Industries,V0031,PO10140,INV020140,ITM007,Packaging Material,42,155.42,6527.64,0.18,1174.98,7702.62,Partially Paid,,Kiran Verma,2025-04-22 20:59:35
2025-04-27,Sharma Distributors,V0017,PO10141,INV020141,ITM008,Spare Parts,7,1133.0,7931.0,0.18,1427.58,9358.58,Paid,2025-06-07,Harish Kumar,2025-04-27 19:13:07
2025-06-01,Desai Suppliers,V0021,PO10142,INV020142,ITM001,Steel Rods,102,40.97,4178.94,0.12,501.47,4680.41,Paid,2025-06-04,Leela Shah,2025-06-01 15:50:15
2025-08-06,Joshi Distributors ,V0045,PO10143,INV020143,ITM010,Software License,2,27707.97,55415.94,0.12,6649.91,62065.85,Partially Paid,,Vivek Malhotra,2025-08-06 11:31:05
2025-06-18,Joshi Co,V0060,PO10144,INV020144,ITM013,Raw Chemicals,4,734.92,2939.68,0.05,146.98,3086.66,Paid,2025-06-27,Leela Shah,2025-06-18 20:34:50
2025-07-08,Bansal Co,V0015,PO10145,INV020145,ITM006,Diesel Fuel,413,104.1,42993.3,0.18,7738.79,50732.09,Pending,,Anjali Rao,2025-07-08 09:44:24
2026-01-12,Sharma Distributors,V0017,PO10146,INV020146,ITM015,Stationery Items,63,378.93,23872.59,0.05,1193.63,25066.22,Pending,,Manoj Desai,2026-01-12 13:34:44
2025-08-19,Malhotra Pvt Ltd,V0037,PO10147,INV020147,ITM003,Office Chairs,6,3825.36,22952.16,0.18,4131.39,27083.55,Partially Paid,,Anjali Rao,2025-08-19 18:58:55
2025-08-13,Pillai Trading Co,V0005,PO10148,INV020148,ITM009,Consulting Services,15,1377.4,20661.0,0.12,2479.32,23140.32,Paid,2025-10-02,Harish Kumar,2025-08-13 17:23:29
2026-02-12,Mehta Co,V0047,PO10149,INV020149,ITM003,Office Chairs,10,3999.56,39995.6,0.05,1999.78,41995.38,Paid,2026-03-27,Harish Kumar,2026-02-12 12:20:46
2026-02-08,Desai Associates,V0013,PO10150,INV020150,ITM009,Consulting Services,25,1530.88,38272.0,0.28,10716.16,48988.16,Partially Paid,,Vivek Malhotra,2026-02-08 13:20:26
2025-06-06,Shah Enterprises,V0008,PO10151,INV020151,ITM002,Cement Bags,3,362.9,1088.7,0.05,54.44,1143.14,Paid,2025-06-13,Leela Shah,2025-06-06 11:55:02
2025-10-16,Desai Associates,V0013,PO10152,INV020152,ITM002,Cement Bags,37,338.14,12511.18,0.05,625.56,13136.74,Partially Paid,,Siddharth Iyer,2025-10-16 19:31:33
2025-04-07,Bansal Distributors,V0004,PO10153,INV020153,ITM006,Diesel Fuel,311,97.84,30428.24,0.12,3651.39,34079.63,Paid,2025-05-07,Arjun Sharma,2025-04-07 12:41:31
2026-03-29,Joshi Co,V0024,PO10154,INV020154,ITM009,Consulting Services,27,1421.44,38378.88,0.28,10746.09,49124.97,Pending,,Arjun Sharma,2026-03-29 09:52:39
2025-12-22,Mehta Co,V0047,PO10155,INV020155,ITM002,Cement Bags,5,376.91,1884.55,0.18,339.22,2223.77,Paid,2026-01-26,Harish Kumar,2025-12-22 10:06:46
2025-07-01,Desai Associates,V0013,PO10156,INV020156,ITM004,Laptop Computer,5,57757.15,288785.75,0.12,34654.29,323440.04,Pending,,Kiran Verma,2025-07-01 17:47:35
2025-11-05,Gupta Associates ,V0050,PO10157,INV020157,ITM011,Cleaning Supplies,30,486.46,14593.8,0.18,2626.88,17220.68,Paid,2025-12-11,Harish Kumar,2025-11-05 10:10:50
2025-11-13,Desai Traders,V0033,PO10158,INV020158,ITM006,Diesel Fuel,274,107.94,29575.56,0.12,3549.07,33124.63,Partially Paid,,Vivek Malhotra,2025-11-13 14:57:20
2025-09-13,Rao Suppliers ,V0055,PO10159,INV020159,ITM006,Diesel Fuel,392,94.8,37161.6,0.28,10405.25,47566.85,Partially Paid,,Manoj Desai,2025-09-13 18:15:36
2025-11-16,Shah Industries,V0025,PO10160,INV020160,ITM013,Raw Chemicals,24,924.04,22176.96,0.18,3991.85,26168.81,Paid,2025-12-05,Arjun Sharma,2025-11-16 15:00:46
2025-07-19,Kumar Solutions,V0009,PO10161,INV020161,ITM015,Stationery Items,1,322.05,322.05,0.18,57.97,380.02,Partially Paid,,Siddharth Iyer,2025-07-19 14:01:49
2025-10-05,Desai Traders,V0033,PO10162,INV020162,ITM009,Consulting Services,4,1222.64,4890.56,0.12,586.87,5477.43,Pending,,Siddharth Iyer,2025-10-05 18:15:14
2025-05-10,Singh Enterprises,V0006,PO10163,INV020163,ITM010,Software License,3,29178.82,87536.46,0.28,24510.21,112046.67,Pending,,Anjali Rao,2025-05-10 20:20:50
2025-04-20,Bansal Suppliers,V0032,PO10164,INV020164,ITM014,Transport Charges,10,2325.18,23251.8,0.05,1162.59,24414.39,Pending,,Kiran Verma,2025-04-20 20:51:36
2025-11-09,Gupta Associates ,V0050,PO10165,INV020165,ITM001,Steel Rods,45,51.84,2332.8,0.18,419.9,2752.7,Paid,2026-01-04,Manoj Desai,2025-11-09 15:59:55
2025-12-25,Kapoor Enterprises,V0048,PO10166,INV020166,ITM011,Cleaning Supplies,25,369.74,9243.5,0.05,462.18,9705.68,Partially Paid,,Anjali Rao,2025-12-25 09:20:34
2025-10-19,Desai Suppliers,V0021,PO10167,INV020167,ITM009,Consulting Services,5,1230.31,6151.55,0.12,738.19,6889.74,Partially Paid,,Kiran Verma,2025-10-19 16:48:38
2025-09-20,Bansal Co,V0015,PO10168,INV020168,ITM007,Packaging Material,51,154.66,7887.66,0.18,1419.78,9307.44,Partially Paid,,Arjun Sharma,2025-09-20 10:30:36
2025-11-09,Shah Associates,V0036,PO10169,INV020169,ITM007,Packaging Material,11,172.69,1899.59,0.18,341.93,2241.52,Paid,2025-12-10,Manoj Desai,2025-11-09 21:44:08
2025-12-25,Bansal Suppliers,V0032,PO10170,INV020170,ITM007,Packaging Material,72,188.35,13561.2,0.12,1627.34,15188.54,Pending,,Harish Kumar,2025-12-25 12:15:04
2025-11-03,Desai Suppliers,V0021,PO10171,INV020171,ITM011,Cleaning Supplies,8,480.91,3847.28,0.05,192.36,4039.64,Pending,,Vivek Malhotra,2025-11-03 14:22:12
2025-09-27,Joshi Solutions ,V0039,PO10172,INV020172,ITM011,Cleaning Supplies,20,390.47,7809.4,0.05,390.47,8199.87,Pending,,Anjali Rao,2025-09-27 18:52:51
2025-06-19,Patel Co,V0029,PO10173,INV020173,ITM001,Steel Rods,26,48.34,1256.84,0.12,150.82,1407.66,Paid,2025-06-27,Arjun Sharma,2025-06-19 21:46:54
2026-03-22,Shah Solutions,V0016,PO10174,INV020174,ITM010,Software License,2,20137.33,40274.66,0.12,4832.96,45107.62,Pending,,Leela Shah,2026-03-22 21:07:19
2025-07-14,Rao Pvt Ltd,V0002,PO10175,INV020175,ITM006,Diesel Fuel,379,91.37,34629.23,0.12,4155.51,38784.74,Pending,,Leela Shah,2025-07-14 17:33:48
2025-08-09,Mehta Co,V0047,PO10176,INV020176,ITM003,Office Chairs,7,3616.21,25313.47,0.05,1265.67,26579.14,Paid,2025-09-29,Siddharth Iyer,2025-08-09 11:03:18
2025-08-17,Bansal Distributors,V0004,PO10177,INV020177,ITM008,Spare Parts,3,1146.55,3439.65,0.05,171.98,3611.63,Partially Paid,,Vivek Malhotra,2025-08-17 19:54:58
2026-02-27,Patel Suppliers,V0056,PO10178,INV020178,ITM002,Cement Bags,19,367.03,6973.57,0.05,348.68,7322.25,Partially Paid,,Kiran Verma,2026-02-27 15:14:24
2025-11-21,Bansal Suppliers,V0032,PO10179,INV020179,ITM014,Transport Charges,33,174.57,5760.81,0.05,288.04,6048.85,Paid,2025-11-24,Manoj Desai,2025-11-21 17:59:45
2025-06-20,Joshi Co,V0060,PO10180,INV020180,ITM009,Consulting Services,11,1493.96,16433.56,0.18,2958.04,19391.6,Pending,,Vivek Malhotra,2025-06-20 09:22:43
2025-05-02,Mehta Private Limited ,V0041,PO10181,INV020181,ITM005,Printing Paper,129,227.59,29359.11,0.12,3523.09,32882.2,Pending,,Arjun Sharma,2025-05-02 19:16:56
2025-10-19,Shah Associates,V0036,PO10182,INV020182,ITM005,Printing Paper,39,234.18,9133.02,0.12,1095.96,10228.98,Partially Paid,,Harish Kumar,2025-10-19 19:08:05
2025-09-07,Reddy Co,V0044,PO10183,INV020183,ITM010,Software License,2,22403.61,44807.22,0.12,5376.87,50184.09,Partially Paid,,Anjali Rao,2025-09-07 18:21:28
2025-07-13,Shah Industries,V0014,PO10184,INV020184,ITM011,Cleaning Supplies,38,457.44,17382.72,0.12,2085.93,19468.65,Partially Paid,,Anjali Rao,2025-07-13 11:19:44
2025-09-10,Singh Distributors,V0028,PO10185,INV020185,ITM015,Stationery Items,73,408.4,29813.2,0.12,3577.58,33390.78,Partially Paid,,Kiran Verma,2025-09-10 10:35:34
2025-09-11,Desai Suppliers,V0021,PO10186,INV020186,ITM014,Transport Charges,12,1000.0,12000.0,0.12,1440.0,13440.0,Pending,,Siddharth Iyer,2025-09-11 15:26:19
2025-04-14,Gupta Associates ,V0050,PO10187,INV020187,ITM004,Laptop Computer,2,2000.0,4000.0,0.05,200.0,4200.0,Pending,,Manoj Desai,2025-04-14 21:39:39
2026-03-19,Joshi Solutions ,V0039,PO10188,INV020188,ITM004,Laptop Computer,1,51903.75,51903.75,0.12,6228.45,58132.2,Partially Paid,,Leela Shah,2026-03-19 21:30:08
2025-12-08,Patel Pvt Ltd,V0046,PO10189,INV020189,ITM011,Cleaning Supplies,12,513.38,6160.56,0.18,1108.9,7269.46,Paid,2025-12-23,Arjun Sharma,2025-12-08 16:08:10
2025-10-29,Sharma Co,V0027,PO10190,INV020190,ITM013,Raw Chemicals,60,708.2,42492.0,0.05,2124.6,44616.6,Paid,2025-12-17,Manoj Desai,2025-10-29 12:47:42
2025-09-14,Pillai Trading Co,V0005,PO10191,INV020191,ITM003,Office Chairs,10,3485.92,34859.2,0.28,9760.58,44619.78,Pending,,Harish Kumar,2025-09-14 16:56:15
2026-02-08,Gupta Associates ,V0050,PO10192,INV020192,ITM001,Steel Rods,93,41.63,3871.59,0.28,1084.05,4955.64,Partially Paid,,Arjun Sharma,2026-02-08 20:36:38
2025-04-22,Mittal Distributors,V0034,PO10193,INV020193,ITM002,Cement Bags,30,361.86,10855.8,0.28,3039.62,13895.42,Pending,,Arjun Sharma,2025-04-22 12:33:34
2025-10-21,Shah Associates,V0036,PO10194,INV020194,ITM007,Packaging Material,25,164.96,4124.0,0.05,206.2,4330.2,Pending,,Leela Shah,2025-10-21 13:49:52
2026-03-20,Singh Traders,V0011,PO10195,INV020195,ITM007,Packaging Material,79,210.17,16603.43,0.18,2988.62,19592.05,Pending,,Leela Shah,2026-03-20 17:57:09
2026-03-23,Singh Enterprises,V0006,PO10196,INV020196,ITM012,Security Services,1,20006.86,20006.86,0.05,1000.34,21007.2,Pending,,Vivek Malhotra,2026-03-23 17:08:25
2026-03-31,Patel Co,V0029,PO10197,INV020197,ITM001,Steel Rods,59,46.63,2751.17,0.12,330.14,3081.31,Paid,2026-04-17,Vivek Malhotra,2026-03-31 12:56:29
2026-03-28,Joshi Distributors ,V0045,PO10198,INV020198,ITM011,Cleaning Supplies,8,376.41,3011.28,0.12,361.35,3372.63,Paid,2026-05-01,Harish Kumar,2026-03-28 16:40:23
2025-04-23,Bansal Trading Co Ltd,V0051,PO10199,INV020199,ITM009,Consulting Services,13,1530.21,19892.73,0.12,2387.13,22279.86,Pending,,Anjali Rao,2025-04-23 21:10:58
2025-09-05,Patel Suppliers,V0056,PO10200,INV020200,ITM003,Office Chairs,1,10000.0,10000.0,0.12,1200.0,11200.0,Pending,,Siddharth Iyer,2025-09-05 13:46:49
2025-04-02,Mehta Private Limited ,V0041,PO10201,INV020201,ITM003,Office Chairs,3,4144.61,12433.83,0.05,621.69,13055.52,Paid,2025-05-02,Leela Shah,2025-04-02 18:48:16
2025-07-31,Rao Associates,V0035,PO10202,INV020202,ITM013,Raw Chemicals,39,899.4,35076.6,0.05,1753.83,36830.43,Pending,,Leela Shah,2025-07-31 03:37:42
2025-08-04,Sharma Co,V0027,PO10203,INV020203,ITM008,Spare Parts,20,1248.05,24961.0,0.05,1248.05,26209.05,Partially Paid,,Manoj Desai,2025-08-04 17:17:39
2025-04-19,Bansal Distributors,V0004,PO10204,INV020204,ITM003,Office Chairs,1,3714.59,3714.59,0.12,445.75,4160.34,Partially Paid,,Siddharth Iyer,2025-04-19 11:54:02
2025-07-01,Patel Co,V0022,PO10205,INV020205,ITM015,Stationery Items,7,295.24,2066.68,0.05,103.33,2170.01,Partially Paid,,Anjali Rao,2025-07-01 11:43:18
2025-09-01,Kapoor Enterprises,V0048,PO10206,INV020206,ITM010,Software License,1,20931.26,20931.26,0.18,3767.63,24698.89,Pending,,Kiran Verma,2025-09-01 05:23:57
2025-06-02,Kumar Suppliers,V0054,PO10207,INV020207,ITM009,Consulting Services,10,1482.49,14824.9,0.05,741.25,15566.15,Pending,,Manoj Desai,2025-06-02 04:21:33
2026-02-17,Joshi Distributors ,V0045,PO10208,INV020208,ITM004,Laptop Computer,1,56570.08,56570.08,0.05,2828.5,59398.58,Partially Paid,,Siddharth Iyer,2026-02-17 17:05:30
2026-02-14,Singh Distributors,V0028,PO10209,INV020209,ITM010,Software License,2,25253.91,50507.82,0.18,9091.41,59599.23,Partially Paid,,Leela Shah,2026-02-14 14:59:08
2026-03-29,Mehta Co,V0047,PO10210,INV020210,ITM011,Cleaning Supplies,32,505.44,16174.08,0.28,4528.74,20702.82,Paid,2026-03-31,Leela Shah,2026-03-29 13:12:00
2026-02-10,Mehta Private Limited ,V0041,PO10211,INV020211,ITM013,Raw Chemicals,48,888.6,42652.8,0.05,2132.64,44785.44,Pending,,Vivek Malhotra,2026-02-10 15:26:02
2026-03-20,Shah Associates,V0036,PO10212,INV020212,ITM013,Raw Chemicals,1,823.87,823.87,0.12,98.86,922.73,Paid,2026-04-09,Siddharth Iyer,2026-03-20 13:16:50
2026-03-18,Desai Traders,V0033,PO10213,INV020213,ITM009,Consulting Services,25,1203.68,30092.0,0.18,5416.56,35508.56,Partially Paid,,Arjun Sharma,2026-03-18 14:21:25
2026-03-11,Kumar Suppliers,V0054,PO10214,INV020214,ITM003,Office Chairs,6,3967.36,23804.16,0.12,2856.5,26660.66,Paid,2026-04-22,Anjali Rao,2026-03-11 16:58:30
2025-11-23,Iyer Industries,V0031,PO10215,INV020215,ITM003,Office Chairs,9,4054.3,36488.7,0.28,10216.84,46705.54,Partially Paid,,Arjun Sharma,2025-11-23 21:52:26
2025-09-09,Kumar Suppliers,V0054,PO10216,INV020216,ITM009,Consulting Services,19,1634.98,31064.62,0.18,5591.63,36656.25,Paid,2025-10-16,Vivek Malhotra,2025-09-09 17:34:01
2025-10-10,Pillai Trading Co,V0005,PO10217,INV020217,ITM003,Office Chairs,11,436.3,4799.3,0.18,863.87,5663.17,Paid,2025-11-16,Harish Kumar,2025-10-10 19:34:53
2025-09-09,Mittal Solutions,V0012,PO10218,INV020218,ITM010,Software License,2,27052.66,54105.32,0.05,2705.27,56810.59,Pending,,Kiran Verma,2025-09-09 20:02:17
2025-09-02,Bansal Suppliers,V0032,PO10219,INV020219,ITM015,Stationery Items,48,343.27,16476.96,0.12,1977.24,18454.2,Paid,2025-09-10,Vivek Malhotra,2025-09-02 12:33:19
2025-12-16,Bansal Trading Co,V0051,PO10220,INV020220,ITM001,Steel Rods,117,37.67,4407.39,0.12,528.89,4936.28,Partially Paid,,Anjali Rao,2025-12-16 09:51:30
2025-09-06,Desai Associates,V0013,PO10221,INV020221,ITM006,Diesel Fuel,376,103.46,38900.96,0.28,10892.27,49793.23,Paid,2025-10-29,Anjali Rao,2025-09-06 21:20:09
2025-12-24,Mehta Co,V0047,PO10222,INV020222,ITM001,Steel Rods,50,50000.0,2500000.0,0.28,700000.0,3200000.0,Paid,2026-02-06,Kiran Verma,2025-12-24 10:00:19
2026-03-04,Patel Co,V0022,PO10223,INV020223,ITM008,Spare Parts,4,1209.88,4839.52,0.05,241.98,5081.5,Partially Paid,,Siddharth Iyer,2026-03-04 20:19:01
2025-08-25,Mehta Private Limited ,V0041,PO10224,INV020224,ITM015,Stationery Items,42,308.08,12939.36,0.12,1552.72,14492.08,Pending,,Kiran Verma,2025-08-25 13:34:20
2026-02-13,Bansal Solutions,V0018,PO10225,INV020225,ITM003,Office Chairs,5,2960.24,14801.2,0.12,1776.14,16577.34,Paid,2026-03-20,Vivek Malhotra,2026-02-13 17:32:06
2025-08-24,Shah Associates,V0036,PO10226,INV020226,ITM006,Diesel Fuel,73,105.96,7735.08,0.18,1392.31,9127.39,Paid,2025-09-13,Vivek Malhotra,2025-08-24 18:15:10
2026-03-12,Rao Associates,V0035,PO10227,INV020227,ITM008,Spare Parts,5,973.92,4869.6,0.05,243.48,5113.08,Paid,2026-03-18,Harish Kumar,2026-03-12 09:06:24
2025-09-18,Pillai Trading Co,V0026,PO10228,INV020228,ITM003,Office Chairs,10,3297.87,32978.7,0.28,9234.04,42212.74,Partially Paid,,Kiran Verma,2025-09-18 12:45:48
2026-03-24,Joshi Co,V0060,PO10229,INV020229,ITM013,Raw Chemicals,37,665.12,24609.44,0.28,6890.64,31500.08,Pending,,Leela Shah,2026-03-24 16:06:29
2026-02-10,Iyer Industries,V0031,PO10230,INV020230,ITM004,Laptop Computer,2,62944.12,125888.24,0.12,15106.59,140994.83,Pending,,Anjali Rao,2026-02-10 13:58:23
2025-04-16,Bansal Suppliers Ltd,V0059,PO10231,INV020231,ITM011,Cleaning Supplies,21,441.59,9273.39,0.18,1669.21,10942.6,Pending,,Leela Shah,2025-04-16 10:30:07
2026-02-04,Verma Co,V0030,PO10232,INV020232,ITM014,Transport Charges,5,2435.79,12178.95,0.12,1461.47,13640.42,Paid,2026-03-02,Kiran Verma,2026-02-04 18:08:32
2025-11-23,Desai Suppliers,V0021,PO10233,INV020233,ITM009,Consulting Services,26,1381.27,35913.02,0.05,1795.65,37708.67,Paid,2026-01-02,Manoj Desai,2025-11-23 15:37:26
2025-07-16,Shah Associates,V0036,PO10234,INV020234,ITM003,Office Chairs,7,2892.48,20247.36,0.28,5669.26,25916.62,Pending,,Vivek Malhotra,2025-07-16 20:37:27
2025-05-10,Rao Associates,V0035,PO10235,INV020235,ITM012,Security Services,1,19170.81,19170.81,0.12,2300.5,21471.31,Partially Paid,,Leela Shah,2025-05-10 20:59:45
2025-11-14,Shah Enterprises,V0008,PO10236,INV020236,ITM010,Software License,2,25550.88,51101.76,0.28,14308.49,65410.25,Paid,2025-12-23,Kiran Verma,2025-11-14 11:19:25
2026-03-05,Patel Distributors Ltd,V0053,PO10237,INV020237,ITM010,Software License,2,24942.95,49885.9,0.28,13968.05,63853.95,Paid,2026-05-01,Arjun Sharma,2026-03-05 09:05:13
2025-10-17,Singh Pvt Ltd,V0049,PO10238,INV020238,ITM003,Office Chairs,8,3543.76,28350.08,0.12,3402.01,31752.09,Paid,2025-10-31,Vivek Malhotra,2025-10-17 18:36:28
2025-09-24,Singh Solutions,V0020,PO10239,INV020239,ITM010,Software License,2,27177.91,54355.82,0.18,9784.05,64139.87,Partially Paid,,Harish Kumar,2025-09-24 10:37:00
2026-01-07,Rao Suppliers ,V0055,PO10240,INV020240,ITM003,Office Chairs,1,3316.91,3316.91,0.18,597.04,3913.95,Partially Paid,,Vivek Malhotra,2026-01-07 09:00:45
2025-11-08,Shah Enterprises,V0008,PO10241,INV020241,ITM014,Transport Charges,14,1787.44,25024.16,0.18,4504.35,29528.51,Partially Paid,,Vivek Malhotra,2025-11-08 20:37:25
2025-07-18,Patel Pvt Ltd,V0046,PO10242,INV020242,ITM007,Packaging Material,49,175.33,8591.17,0.28,2405.53,10996.7,Paid,2025-07-31,Harish Kumar,2025-07-18 19:11:30
2026-03-10,Kumar Suppliers,V0054,PO10243,INV020243,ITM015,Stationery Items,54,301.6,16286.4,0.18,2931.55,19217.95,Paid,2026-04-21,Arjun Sharma,2026-03-10 11:08:00
2025-06-09,Verma Distributors,V0010,PO10244,INV020244,ITM012,Security Services,1,21419.82,21419.82,0.28,5997.55,27417.37,Pending,,Leela Shah,2025-06-09 10:08:41
2025-12-17,Nair Traders,V0058,PO10245,INV020245,ITM013,Raw Chemicals,40,680.1,27204.0,0.28,7617.12,34821.12,Pending,,Harish Kumar,2025-12-17 15:35:52
2026-01-21,Mittal Enterprises,V0023,PO10246,INV020246,ITM004,Laptop Computer,4,57300.61,229202.44,0.12,27504.29,256706.73,Paid,2026-03-08,Siddharth Iyer,2026-01-21 16:54:46
2026-01-16,Joshi Co,V0060,PO10247,INV020247,ITM009,Consulting Services,2,1786.94,3573.88,0.18,643.3,4217.18,Paid,2026-02-23,Leela Shah,2026-01-16 23:45:23
2025-08-22,Joshi Distributors ,V0045,PO10248,INV020248,ITM002,Cement Bags,47,349.61,16431.67,0.12,1971.8,18403.47,Partially Paid,,Kiran Verma,2025-08-22 16:33:05
2025-09-07,Shah Solutions,V0016,PO10249,INV020249,ITM008,Spare Parts,18,1343.09,24175.62,0.05,1208.78,25384.4,Pending,,Arjun Sharma,2025-09-07 18:03:57
2025-11-02,Iyer Industries,V0031,PO10250,INV020250,ITM008,Spare Parts,19,1312.23,24932.37,0.28,6981.06,31913.43,Pending,,Anjali Rao,2025-11-02 14:51:18
2025-11-29,Rao Trading Co,V0003,PO10251,INV020251,ITM012,Security Services,1,14842.21,14842.21,0.18,2671.6,17513.81,Paid,2026-01-11,Siddharth Iyer,2025-11-29 18:10:36
2025-06-04,Kumar Associates,V0052,PO10252,INV020252,ITM012,Security Services,1,17890.27,17890.27,0.05,894.51,18784.78,Pending,,Siddharth Iyer,2025-06-04 17:04:54
2025-04-08,Kumar Solutions,V0009,PO10253,INV020253,ITM010,Software License,2,28578.58,57157.16,0.18,10288.29,67445.45,Paid,2025-06-06,Anjali Rao,2025-04-08 20:07:38
2025-07-30,Patel Co Ltd,V0029,PO10254,INV020254,ITM006,Diesel Fuel,134,100.17,13422.78,0.12,1610.73,15033.51,Partially Paid,,Arjun Sharma,2025-07-30 16:11:51
2025-06-18,Patel Co,V0022,PO10255,INV020255,ITM002,Cement Bags,39,375.54,14646.06,0.12,1757.53,16403.59,Pending,,Manoj Desai,2025-06-18 16:48:26
2025-09-24,Kapoor Solutions,V0043,PO10256,INV020256,ITM008,Spare Parts,7,1237.32,8661.24,0.12,1039.35,9700.59,Paid,2025-09-28,Anjali Rao,2025-09-24 09:41:16
2025-12-29,Verma Co,V0030,PO10257,INV020257,ITM007,Packaging Material,39,178.29,6953.31,0.28,1946.93,8900.24,Partially Paid,,Harish Kumar,2025-12-29 12:24:43
2025-04-07,Iyer Industries,V0031,PO10258,INV020258,ITM005,Printing Paper,136,287.03,39036.08,0.12,4684.33,43720.41,Pending,,Harish Kumar,2025-04-07 13:59:51
2026-02-21,Desai Suppliers Ltd,V0021,PO10259,INV020259,ITM009,Consulting Services,4,1750.63,7002.52,0.05,350.13,7352.65,Partially Paid,,Siddharth Iyer,2026-02-21 14:54:27
2026-01-25,Patel Co,V0022,PO10260,INV020260,ITM005,Printing Paper,26,225.53,5863.78,0.18,1055.48,6919.26,Partially Paid,,Manoj Desai,2026-01-25 15:29:49
2026-03-20,Mehta Co,V0047,PO10261,INV020261,ITM011,Cleaning Supplies,34,420.73,14304.82,0.12,1716.58,16021.4,Paid,2026-05-03,Arjun Sharma,2026-03-20 11:20:35
2025-05-24,Kumar Suppliers,V0054,PO10262,INV020262,ITM002,Cement Bags,27,268.51,7249.77,0.05,362.49,7612.26,Paid,2025-07-10,Siddharth Iyer,2025-05-24 19:28:22
2026-01-30,Desai Associates,V0013,PO10263,INV020263,ITM001,Steel Rods,2,347.76,695.52,0.05,34.78,730.3,Paid,2026-03-10,Kiran Verma,2026-01-30 19:57:53
2026-03-03,Patel Pvt Ltd,V0046,PO10264,INV020264,ITM002,Cement Bags,39,272.63,10632.57,0.05,531.63,11164.2,Partially Paid,,Anjali Rao,2026-03-03 21:57:41
2026-03-05,Nair Traders,V0058,PO10265,INV020265,ITM002,Cement Bags,17,293.7,4992.9,0.12,599.15,5592.05,Pending,,Harish Kumar,2026-03-05 10:40:29
2025-05-08,Joshi Distributors ,V0045,PO10266,INV020266,ITM015,Stationery Items,33,302.68,9988.44,0.18,1797.92,11786.36,Pending,,Harish Kumar,2025-05-08 13:49:03
2025-11-12,Patel Co,V0022,PO10267,INV020267,ITM001,Steel Rods,105,40.76,4279.8,0.18,770.36,5050.16,Paid,2025-12-22,Harish Kumar,2025-11-12 10:31:59
2025-11-07,Mittal Solutions,V0012,PO10268,INV020268,ITM011,Cleaning Supplies,7,385.9,2701.3,0.28,756.36,3457.66,Paid,2026-01-05,Leela Shah,2025-11-07 12:39:41
2026-01-18,Patel Pvt Ltd,V0046,PO10269,INV020269,ITM005,Printing Paper,9,207.29,1865.61,0.05,93.28,1958.89,Pending,,Arjun Sharma,2026-01-18 20:16:49
2026-03-07,Nair Traders,V0058,PO10270,INV020270,ITM008,Spare Parts,1,1407.79,1407.79,0.12,168.93,1576.72,Partially Paid,,Vivek Malhotra,2026-03-07 15:17:09
2025-05-06,Malhotra Pvt Ltd,V0037,PO10271,INV020271,ITM001,Steel Rods,62,43.85,2718.7,0.28,761.24,3479.94,Partially Paid,,Leela Shah,2025-05-06 03:00:24
2025-10-23,Shah Enterprises,V0008,PO10272,INV020272,ITM010,Software License,2,26818.36,53636.72,0.18,9654.61,63291.33,Paid,2025-11-16,Vivek Malhotra,2025-10-23 09:40:41
2026-02-26,Singh Enterprises,V0006,PO10273,INV020273,ITM014,Transport Charges,13,2434.53,31648.89,0.28,8861.69,40510.58,Paid,2026-03-23,Manoj Desai,2026-02-26 12:11:35
2025-10-01,Singh Solutions,V0020,PO10274,INV020274,ITM012,Security Services,1,18940.44,18940.44,0.28,5303.32,24243.76,Partially Paid,,Leela Shah,2025-10-01 16:05:56
2026-01-29,Kapoor Enterprises,V0048,PO10275,INV020275,ITM004,Laptop Computer,1,48248.04,48248.04,0.12,5789.76,54037.8,Paid,2026-03-21,Siddharth Iyer,2026-01-29 12:31:24
2025-04-29,Rao Associates,V0035,PO10276,INV020276,ITM014,Transport Charges,1,1792.6,1792.6,0.28,501.93,2294.53,Paid,2025-05-25,Kiran Verma,2025-04-29 05:50:46
2025-12-31,Shah Industries,V0014,PO10277,INV020277,ITM013,Raw Chemicals,44,895.5,39402.0,0.28,11032.56,50434.56,Paid,2026-03-01,Kiran Verma,2025-12-31 11:47:37
2026-02-11,Kapoor Enterprises,V0048,PO10278,INV020216,ITM003,Office Chairs,1,3459.71,3459.71,0.28,968.72,4428.43,Paid,2026-02-23,Arjun Sharma,2026-02-11 09:15:44
2026-01-28,Nair Traders,V0058,PO10279,INV020279,ITM005,Printing Paper,117,261.12,30551.04,0.05,1527.55,32078.59,Paid,2026-02-05,Leela Shah,2026-01-28 10:52:52
2025-11-05,Joshi Solutions ,V0039,PO10280,INV020280,ITM013,Raw Chemicals,5,874.99,4374.95,0.12,524.99,4899.94,Partially Paid,,Harish Kumar,2025-11-05 14:51:53
2025-07-19,Desai Suppliers,V0021,PO10281,INV020281,ITM002,Cement Bags,21,363.06,7624.26,0.12,914.91,8539.17,Paid,2025-08-10,Kiran Verma,2025-07-19 21:02:37
2026-03-23,Shah Enterprises,V0008,PO10282,INV020282,ITM005,Printing Paper,194,241.52,46854.88,0.12,5622.59,52477.47,Pending,,Manoj Desai,2026-03-23 14:35:10
2026-02-18,Joshi Co,V0060,PO10283,INV020283,ITM010,Software License,1,20999.68,20999.68,0.05,1049.98,22049.66,Paid,2026-02-20,Leela Shah,2026-02-18 18:24:49
2026-03-28,Singh Enterprises,V0006,PO10284,INV020284,ITM001,Steel Rods,23,52.67,1211.41,0.05,60.57,1271.98,Pending,,Harish Kumar,2026-03-28 19:37:56
2025-06-13,Joshi Distributors ,V0045,PO10285,INV020285,ITM013,Raw Chemicals,45,663.59,29861.55,0.28,8361.23,38222.78,Pending,,Harish Kumar,2025-06-13 19:17:33
2025-12-12,Shah Solutions,V0016,PO10286,INV020286,ITM003,Office Chairs,10,3052.0,30520.0,0.05,1526.0,32046.0,Pending,,Vivek Malhotra,2025-12-12 18:05:40
2025-12-28,Mehta Distributors,V0001,PO10287,INV020287,ITM009,Consulting Services,7,1270.5,8893.5,0.12,1067.22,9960.72,Partially Paid,,Manoj Desai,2025-12-28 01:39:23
2025-05-28,Verma Co,V0030,PO10288,INV020288,ITM013,Raw Chemicals,18,640.56,11530.08,0.12,1383.61,12913.69,Pending,,Leela Shah,2025-05-28 21:09:43
2025-08-24,Mittal Solutions,V0012,PO10289,INV020289,ITM003,Office Chairs,1,3702.81,3702.81,0.05,185.14,3887.95,Pending,,Leela Shah,2025-08-24 12:27:16
2025-04-15,Rao Trading Co,V0003,PO10290,INV020290,ITM002,Cement Bags,35,278.51,9747.85,0.05,487.39,10235.24,Paid,2025-06-12,Manoj Desai,2025-04-15 16:32:07
2026-03-13,Mehta Co,V0047,PO10291,INV020291,ITM008,Spare Parts,14,1055.4,14775.6,0.18,2659.61,17435.21,Paid,2026-04-03,Manoj Desai,2026-03-13 14:14:49
2025-07-22,Desai Associates,V0007,PO10292,INV020292,ITM004,Laptop Computer,2,52261.71,104523.42,0.28,29266.56,133789.98,Pending,,Arjun Sharma,2025-07-22 10:30:37
2025-11-19,Joshi Trading Co,V0057,PO10293,INV020293,ITM007,Packaging Material,28,210.81,5902.68,0.12,708.32,6611.0,Paid,2025-12-19,Manoj Desai,2025-11-19 11:24:23
2025-04-17,Mehta Private Limited ,V0041,PO10294,INV020294,ITM006,Diesel Fuel,104,84.09,8745.36,0.18,1574.16,10319.52,Pending,,Anjali Rao,2025-04-17 20:36:03
2025-09-23,Rao Suppliers ,V0055,PO10295,INV020299,ITM008,Spare Parts,14,1042.18,14590.52,0.28,4085.35,18675.87,Paid,2025-11-13,Anjali Rao,2025-09-23 12:56:18
2025-12-24,Malhotra Pvt Ltd,V0037,PO10296,INV020296,ITM009,Consulting Services,3,1447.02,4341.06,0.12,520.93,4861.99,Partially Paid,,Leela Shah,2025-12-24 16:55:13
2025-08-05,Kumar Suppliers,V0054,PO10297,INV020297,ITM008,Spare Parts,1,1310.41,1310.41,0.18,235.87,1546.28,Partially Paid,,Manoj Desai,2025-08-05 12:20:27
2025-10-31,Nair Traders,V0058,PO10298,INV020298,ITM015,Stationery Items,74,405.76,30026.24,0.12,3603.15,33629.39,Partially Paid,,Arjun Sharma,2025-10-31 09:02:30
2026-03-23,Singh Distributors,V0028,PO10299,INV020299,ITM009,Consulting Services,16,1685.83,26973.28,0.28,7552.52,34525.8,Paid,2026-03-29,Arjun Sharma,2026-03-23 10:28:31
2025-08-30,Joshi Distributors ,V0045,PO10300,INV020300,ITM012,Security Services,1,15355.53,15355.53,0.28,4299.55,19655.08,Paid,2025-09-30,Siddharth Iyer,2025-08-30 12:41:05
2025-11-24,Singh Traders,V0011,PO10301,INV020301,ITM012,Security Services,1,21430.23,21430.23,0.28,6000.46,27430.69,Partially Paid,,Harish Kumar,2025-11-24 21:08:55
2026-03-27,Bansal Trading Co,V0051,PO10302,INV020302,ITM014,Transport Charges,11,10000.0,110000.0,0.18,19800.0,129800.0,Partially Paid,,Kiran Verma,2026-03-27 19:00:55
2025-08-17,Nair Traders,V0058,PO10303,INV020303,ITM012,Security Services,1,16535.45,16535.45,0.18,2976.38,19511.83,Paid,2025-09-26,Vivek Malhotra,2025-08-17 03:50:43
2025-10-14,Joshi Co Ltd,V0060,PO10304,INV020304,ITM001,Steel Rods,114,36.93,4210.02,0.18,757.8,4967.82,Paid,2025-11-07,Vivek Malhotra,2025-10-14 14:29:39
2025-07-14,Mittal Solutions,V0012,PO10305,INV020305,ITM011,Cleaning Supplies,36,487.68,17556.48,0.05,877.82,18434.3,Partially Paid,,Kiran Verma,2025-07-14 11:21:15
2025-08-15,Verma Industries,V0042,PO10306,INV020306,ITM008,Spare Parts,8,1113.82,8910.56,0.12,1069.27,9979.83,Pending,,Arjun Sharma,2025-08-15 17:43:27
2025-06-02,Joshi Co,V0024,PO10307,INV020444,ITM006,Diesel Fuel,249,90.05,22422.45,0.28,6278.29,28700.74,Pending,,Leela Shah,2025-06-02 16:45:34
2025-10-18,Joshi Co,V0024,PO10308,INV020308,ITM013,Raw Chemicals,13,902.27,11729.51,0.05,586.48,12315.99,Paid,2025-10-29,Siddharth Iyer,2025-10-18 11:18:04
2025-07-14,Shah Enterprises,V0008,PO10309,INV020309,ITM012,Security Services,1,15483.59,15483.59,0.12,1858.03,17341.62,Pending,,Harish Kumar,2025-07-14 17:40:01
2025-11-14,Rao Associates Ltd,V0035,PO10310,INV020310,ITM015,Stationery Items,61,328.54,20040.94,0.12,2404.91,22445.85,Pending,,Manoj Desai,2025-11-14 20:41:01
2026-02-25,Pillai Trading Co,V0005,PO10311,INV020311,ITM001,Steel Rods,107,53.05,5676.35,0.12,681.16,6357.51,Pending,,Vivek Malhotra,2026-02-25 14:26:37
2025-06-07,Bansal Suppliers,V0032,PO10312,INV020312,ITM010,Software License,2,23040.82,46081.64,0.28,12902.86,58984.5,Pending,,Manoj Desai,2025-06-07 21:19:10
2025-06-15,Iyer Industries,V0031,PO10313,INV020313,ITM006,Diesel Fuel,395,102.44,40463.8,0.18,7283.48,47747.28,Paid,2025-07-25,Anjali Rao,2025-06-15 14:18:29
2026-03-29,Patel Pvt Ltd,V0046,PO10314,INV020314,ITM009,Consulting Services,6,1783.92,10703.52,0.18,1926.63,12630.15,Paid,2026-04-09,Manoj Desai,2026-03-29 20:57:42
2025-08-12,Shah Enterprises,V0008,PO10315,INV020315,ITM001,Steel Rods,74,38.28,2832.72,0.18,509.89,3342.61,Partially Paid,,Arjun Sharma,2025-08-12 14:11:13
2026-01-02,Kapoor Solutions,V0043,PO10316,INV020316,ITM006,Diesel Fuel,76,85.42,6491.92,0.18,1168.55,7660.47,Paid,2026-03-02,Arjun Sharma,2026-01-02 11:34:19
2025-09-11,Pillai Trading Co,V0026,PO10317,INV020317,ITM015,Stationery Items,19,412.69,7841.11,0.28,2195.51,10036.62,Partially Paid,,Vivek Malhotra,2025-09-11 11:00:47
2026-01-19,Verma Industries,V0042,PO10318,INV020318,ITM012,Security Services,1,20851.04,20851.04,0.18,3753.19,24604.23,Partially Paid,,Leela Shah,2026-01-19 19:09:51
2025-06-11,Patel Co,V0022,PO10319,INV020319,ITM012,Security Services,1,20881.26,20881.26,0.05,1044.06,21925.32,Pending,,Arjun Sharma,2025-06-11 19:35:07
2025-09-15,Pillai Trading Co,V0026,PO10320,INV020320,ITM010,Software License,2,23573.94,47147.88,0.12,5657.75,52805.63,Paid,2025-10-23,Manoj Desai,2025-09-15 09:38:41
2026-01-01,Bansal Trading Co,V0051,PO10321,INV020321,ITM015,Stationery Items,26,283.16,7362.16,0.18,1325.19,8687.35,Paid,2026-02-03,Harish Kumar,2026-01-01 16:43:42
2025-04-29,Desai Associates,V0013,PO10322,INV020322,ITM008,Spare Parts,20,1250.44,25008.8,0.18,4501.58,29510.38,Paid,2025-06-14,Harish Kumar,2025-04-29 19:23:25
2025-09-27,Joshi Co,V0024,PO10323,INV020323,ITM007,Packaging Material,2,164.49,328.98,0.18,59.22,388.2,Partially Paid,,Kiran Verma,2025-09-27 13:28:55
2025-08-26,Shah Industries,V0014,PO10324,INV020324,ITM012,Security Services,1,20186.54,20186.54,0.28,5652.23,25838.77,Pending,,Harish Kumar,2025-08-26 11:51:46
2025-11-30,Kumar Solutions,V0009,PO10325,INV020325,ITM014,Transport Charges,3,1942.85,5828.55,0.05,291.43,6119.98,Partially Paid,,Harish Kumar,2025-11-30 17:21:04
2025-11-23,Mehta Distributors,V0001,PO10326,INV020216,ITM007,Packaging Material,54,156.59,8455.86,0.18,1522.05,9977.91,Paid,2025-12-05,Harish Kumar,2025-11-23 20:36:48
2025-09-02,Kumar Traders,V0019,PO10327,INV020327,ITM009,Consulting Services,2,1693.68,3387.36,0.28,948.46,4335.82,Partially Paid,,Leela Shah,2025-09-02 18:19:31
2026-02-22,Bansal Co,V0015,PO10328,INV020328,ITM001,Steel Rods,20,40.73,814.6,0.05,40.73,855.33,Partially Paid,,Siddharth Iyer,2026-02-22 19:30:07
2025-08-20,Sharma Co,V0027,PO10329,INV020329,ITM003,Office Chairs,4,2839.82,11359.28,0.28,3180.6,14539.88,Partially Paid,,Vivek Malhotra,2025-08-20 16:04:38
2025-11-30,Kapoor Industries,V0038,PO10330,INV020330,ITM008,Spare Parts,9,1261.44,11352.96,0.28,3178.83,14531.79,Pending,,Arjun Sharma,2025-11-30 20:52:07
2025-09-11,Rao Suppliers ,V0055,PO10331,INV020331,ITM005,Printing Paper,149,205.85,30671.65,0.12,3680.6,34352.25,Paid,2025-10-04,Anjali Rao,2025-09-11 16:56:44
2025-09-30,Bansal Distributors,V0004,PO10332,INV020332,ITM005,Printing Paper,108,263.62,28470.96,0.18,5124.77,33595.73,Partially Paid,,Kiran Verma,2025-09-30 09:18:18
2025-06-25,Desai Traders,V0033,PO10333,INV020333,ITM004,Laptop Computer,1,57172.77,57172.77,0.12,6860.73,64033.5,Pending,,Siddharth Iyer,2025-06-25 17:20:55
2025-06-13,Reddy Co,V0044,PO10334,INV020334,ITM012,Security Services,46,138.33,6363.18,0.18,1145.37,7508.55,Pending,,Vivek Malhotra,2025-06-13 09:08:33
2025-12-14,Sharma Co,V0027,PO10335,INV020335,ITM006,Diesel Fuel,53,79.84,4231.52,0.12,507.78,4739.3,Partially Paid,,Kiran Verma,2025-12-14 03:53:12
2025-04-09,Sharma Co,V0027,PO10336,INV020336,ITM008,Spare Parts,4,1353.05,5412.2,0.05,270.61,5682.81,Partially Paid,,Vivek Malhotra,2025-04-09 16:22:19
2025-12-24,Kumar Solutions,V0009,PO10337,INV020337,ITM014,Transport Charges,15,2629.07,39436.05,0.28,11042.09,50478.14,Partially Paid,,Siddharth Iyer,2025-12-24 21:21:11
2026-03-22,Rao Pvt Ltd,V0002,PO10338,INV020338,ITM012,Security Services,1,15326.74,15326.74,0.05,766.34,16093.08,Pending,,Anjali Rao,2026-03-22 11:44:14
2025-05-28,Shah Industries,V0014,PO10339,INV020339,ITM003,Office Chairs,7,3767.15,26370.05,0.05,1318.5,27688.55,Pending,,Harish Kumar,2025-05-28 10:01:49
2025-12-19,Rao Trading Co,V0003,PO10340,INV020340,ITM004,Laptop Computer,1,61447.21,61447.21,0.05,3072.36,64519.57,Paid,2026-02-16,Siddharth Iyer,2025-12-19 18:03:30
2025-05-20,Rao Trading Co,V0003,PO10341,INV020341,ITM002,Cement Bags,43,257.31,11064.33,0.18,1991.58,13055.91,Partially Paid,,Manoj Desai,2025-05-20 21:07:58
2025-04-15,Kapoor Industries,V0038,PO10342,INV020342,ITM015,Stationery Items,24,373.88,8973.12,0.12,1076.77,10049.89,Partially Paid,,Siddharth Iyer,2025-04-15 10:09:54
2025-08-02,Mittal Enterprises,V0023,PO10343,INV020343,ITM006,Diesel Fuel,438,90.02,39428.76,0.12,4731.45,44160.21,Paid,2025-09-24,Arjun Sharma,2025-08-02 17:36:04
2026-01-01,Mittal Distributors,V0034,PO10344,INV020344,ITM004,Laptop Computer,3,47779.02,143337.06,0.12,17200.45,160537.51,Paid,2026-03-01,Leela Shah,2026-01-01 09:46:06
2025-05-25,Joshi Co,V0024,PO10345,INV020345,ITM012,Security Services,1,19249.39,19249.39,0.12,2309.93,21559.32,Pending,,Harish Kumar,2025-05-25 11:53:22
2025-09-08,Shah Industries,V0014,PO10346,INV020346,ITM009,Consulting Services,14,1267.71,17747.94,0.12,2129.75,19877.69,Partially Paid,,Anjali Rao,2025-09-08 10:29:07
2025-04-21,Bansal Suppliers,V0032,PO10347,INV020347,ITM013,Raw Chemicals,46,713.94,32841.24,0.18,5911.42,38752.66,Paid,2025-05-16,Siddharth Iyer,2025-04-21 10:20:31
2025-11-14,Verma Co,V0030,PO10348,INV020348,ITM010,Software License,3,29761.79,89285.37,0.18,16071.37,105356.74,Pending,,Harish Kumar,2025-11-14 12:35:26
2025-07-01,Rao Suppliers ,V0055,PO10349,INV020349,ITM002,Cement Bags,44,5000.0,220000.0,0.28,61600.0,281600.0,Partially Paid,,Kiran Verma,2025-07-01 09:43:31
2025-10-23,Pillai Trading Co,V0026,PO10350,INV020350,ITM008,Spare Parts,4,1028.82,4115.28,0.05,205.76,4321.04,Partially Paid,,Anjali Rao,2025-10-23 20:37:06
2025-10-24,Pillai Trading Co,V0005,PO10351,INV020351,ITM006,Diesel Fuel,174,79.21,13782.54,0.12,1653.9,15436.44,Pending,,Leela Shah,2025-10-24 10:14:53
2026-02-24,Bansal Solutions,V0018,PO10352,INV020352,ITM013,Raw Chemicals,49,870.32,42645.68,0.18,7676.22,50321.9,Partially Paid,,Harish Kumar,2026-02-24 15:22:30
2025-06-02,Desai Traders,V0033,PO10353,INV020353,ITM005,Printing Paper,197,245.46,48355.62,0.12,5802.67,54158.29,Paid,2025-07-13,Anjali Rao,2025-06-02 04:31:31
2025-04-14,Rao Pvt Ltd,V0002,PO10354,INV020354,ITM002,Cement Bags,5,319.76,1598.8,0.05,79.94,1678.74,Partially Paid,,Vivek Malhotra,2025-04-14 11:24:38
2025-12-23,Singh Solutions,V0020,PO10355,INV020355,ITM010,Software License,1,50000.0,50000.0,0.05,2500.0,52500.0,Pending,,Manoj Desai,2025-12-23 21:31:50
2025-09-23,Kapoor Solutions,V0043,PO10356,INV020356,ITM008,Spare Parts,18,301.92,5434.56,0.28,1521.68,6956.24,Partially Paid,,Arjun Sharma,2025-09-23 21:55:34
2025-10-14,Singh Pvt Ltd,V0049,PO10357,INV020357,ITM001,Steel Rods,113,52.47,5929.11,0.28,1660.15,7589.26,Pending,,Leela Shah,2025-10-14 16:20:54
2025-09-03,Verma Co,V0030,PO10358,INV020358,ITM001,Steel Rods,23,46.02,1058.46,0.05,52.92,1111.38,Pending,,Anjali Rao,2025-09-03 20:10:31
2026-01-17,Singh Solutions,V0020,PO10359,INV020359,ITM012,Security Services,1,19900.88,19900.88,0.28,5572.25,25473.13,Partially Paid,,Leela Shah,2026-01-17 19:31:42
2025-08-13,Iyer Industries,V0031,PO10360,INV020360,ITM009,Consulting Services,17,1233.44,20968.48,0.12,2516.22,23484.7,Partially Paid,,Vivek Malhotra,2025-08-13 16:37:24
2025-04-24,Gupta Associates ,V0050,PO10361,INV020361,ITM005,Printing Paper,16,202.81,3244.96,0.18,584.09,3829.05,Pending,,Arjun Sharma,2025-04-24 11:53:23
2025-09-24,Singh Pvt Ltd,V0049,PO10362,INV020362,ITM015,Stationery Items,49,293.63,14387.87,0.18,2589.82,16977.69,Paid,2025-11-06,Manoj Desai,2025-09-24 14:26:22
2026-03-19,Shah Solutions,V0016,PO10363,INV020363,ITM004,Laptop Computer,5,45868.72,229343.6,0.18,41281.85,270625.45,Paid,2026-04-10,Anjali Rao,2026-03-19 10:55:19
2025-11-03,Rao Associates,V0035,PO10364,INV020436,ITM006,Diesel Fuel,236,95.68,22580.48,0.05,1129.02,23709.5,Pending,,Arjun Sharma,2025-11-03 18:32:57
2025-10-17,Joshi Distributors ,V0045,PO10365,INV020365,ITM008,Spare Parts,11,1141.31,12554.41,0.05,627.72,13182.13,Pending,,Kiran Verma,2025-10-17 14:36:06
2026-03-08,Joshi Distributors ,V0045,PO10366,INV020366,ITM011,Cleaning Supplies,22,449.41,9887.02,0.12,1186.44,11073.46,Pending,,Vivek Malhotra,2026-03-08 14:10:39
2025-12-31,Singh Distributors,V0028,PO10367,INV020367,ITM004,Laptop Computer,1,62488.37,62488.37,0.28,17496.74,79985.11,Paid,2026-01-20,Harish Kumar,2025-12-31 12:18:16
2025-09-20,Kumar Associates,V0052,PO10368,INV020368,ITM004,Laptop Computer,5,46084.14,230420.7,0.05,11521.04,241941.74,Partially Paid,,Leela Shah,2025-09-20 13:04:36
2025-09-02,Singh Distributors,V0028,PO10369,INV020369,ITM004,Laptop Computer,1,58333.81,58333.81,0.18,10500.09,68833.9,Pending,,Vivek Malhotra,2025-09-02 17:51:19
2025-11-19,Desai Associates,V0013,PO10370,INV020370,ITM007,Packaging Material,33,189.0,6237.0,0.28,1746.36,7983.36,Paid,2026-01-15,Arjun Sharma,2025-11-19 19:48:35
2026-03-05,Patel Pvt Ltd India,V0046,PO10371,INV020371,ITM009,Consulting Services,19,1499.52,28490.88,0.12,3418.91,31909.79,Partially Paid,,Harish Kumar,2026-03-05 20:29:17
2025-11-23,Joshi Co,V0060,PO10372,INV020372,ITM010,Software License,3,22006.48,66019.44,0.05,3300.97,69320.41,Partially Paid,,Siddharth Iyer,2025-11-23 11:15:09
2025-05-03,Rao Suppliers ,V0055,PO10373,INV020373,ITM007,Packaging Material,41,205.93,8443.13,0.28,2364.08,10807.21,Pending,,Siddharth Iyer,2025-05-03 19:13:54
2025-07-30,Patel Distributors,V0053,PO10374,INV020374,ITM005,Printing Paper,66,268.69,17733.54,0.12,2128.02,19861.56,Paid,2025-08-12,Arjun Sharma,2025-07-30 15:15:07
2026-01-12,Kumar Associates,V0052,PO10375,INV020375,ITM014,Transport Charges,8,10000.0,80000.0,0.18,14400.0,94400.0,Paid,2026-01-25,Anjali Rao,2026-01-12 15:27:41
2025-08-21,Bansal Solutions,V0018,PO10376,INV020376,ITM003,Office Chairs,5,3905.54,19527.7,0.05,976.39,20504.09,Partially Paid,,Arjun Sharma,2025-08-21 19:35:11
2025-05-13,Mehta Co,V0047,PO10377,INV020377,ITM008,Spare Parts,2,1372.6,2745.2,0.05,137.26,2882.46,Paid,2025-07-10,Harish Kumar,2025-05-13 14:38:19
2025-06-11,Nair Traders,V0058,PO10378,INV020378,ITM006,Diesel Fuel,204,105.95,21613.8,0.05,1080.69,22694.49,Partially Paid,,Kiran Verma,2025-06-11 12:07:36
2026-01-25,Kapoor Solutions,V0043,PO10379,INV020379,ITM014,Transport Charges,8,2538.42,20307.36,0.18,3655.32,23962.68,Partially Paid,,Manoj Desai,2026-01-25 20:24:51
2025-07-19,Joshi Co,V0060,PO10380,INV020380,ITM007,Packaging Material,19,151.69,2882.11,0.12,345.85,3227.96,Pending,,Arjun Sharma,2025-07-19 13:28:26
2025-09-10,Bansal Suppliers,V0032,PO10381,INV020381,ITM009,Consulting Services,23,1769.23,40692.29,0.18,7324.61,48016.9,Partially Paid,,Manoj Desai,2025-09-10 17:27:30
2025-10-06,Bansal Solutions,V0018,PO10382,INV020382,ITM015,Stationery Items,47,346.53,16286.91,0.12,1954.43,18241.34,Partially Paid,,Arjun Sharma,2025-10-06 13:01:41
2026-03-10,Kapoor Solutions Ltd,V0043,PO10383,INV020383,ITM013,Raw Chemicals,45,910.25,40961.25,0.05,2048.06,43009.31,Pending,,Siddharth Iyer,2026-03-10 12:16:35
2025-07-31,Mehta Private Limited ,V0041,PO10384,INV020384,ITM012,Security Services,1,18251.36,18251.36,0.18,3285.24,21536.6,Pending,,Siddharth Iyer,2025-07-31 16:24:00
2025-11-11,Singh Enterprises,V0006,PO10385,INV020385,ITM015,Stationery Items,11,218.97,2408.67,0.12,289.04,2697.71,Partially Paid,,Harish Kumar,2025-11-11 19:20:56
2025-12-08,Bansal Solutions,V0018,PO10386,INV020300,ITM014,Transport Charges,14,2445.92,34242.88,0.05,1712.14,35955.02,Partially Paid,,Harish Kumar,2025-12-08 16:47:26
2025-12-16,Joshi Trading Co,V0057,PO10387,INV020387,ITM015,Stationery Items,21,377.79,7933.59,0.05,396.68,8330.27,Partially Paid,,Vivek Malhotra,2025-12-16 10:22:26
2025-07-04,Verma Co,V0030,PO10388,INV020388,ITM012,Security Services,1,19017.88,19017.88,0.05,950.89,19968.77,Partially Paid,,Anjali Rao,2025-07-04 19:28:50
2025-05-27,Pillai Trading Co,V0026,PO10389,INV020216,ITM004,Laptop Computer,3,56667.81,170003.43,0.18,30600.62,200604.05,Partially Paid,,Harish Kumar,2025-05-27 11:15:33
2025-06-08,Bansal Trading Co,V0051,PO10390,INV020390,ITM006,Diesel Fuel,245,103.45,25345.25,0.28,7096.67,32441.92,Partially Paid,,Vivek Malhotra,2025-06-08 13:11:43
2025-07-03,Kumar Associates,V0052,PO10391,INV020391,ITM005,Printing Paper,22,241.45,5311.9,0.12,637.43,5949.33,Partially Paid,,Manoj Desai,2025-07-03 15:56:24
2025-11-23,Rao Pvt Ltd,V0002,PO10392,INV020392,ITM001,Steel Rods,117,37.6,4399.2,0.12,527.9,4927.1,Paid,2025-11-27,Harish Kumar,2025-11-23 12:16:44
2025-10-06,Iyer Distributors,V0040,PO10393,INV020393,ITM007,Packaging Material,20,150.41,3008.2,0.18,541.48,3549.68,Paid,2025-11-21,Harish Kumar,2025-10-06 11:36:07
2025-07-14,Gupta Associates ,V0050,PO10394,INV020394,ITM015,Stationery Items,64,296.59,18981.76,0.28,5314.89,24296.65,Pending,,Siddharth Iyer,2025-07-14 12:55:52
2026-02-02,Bansal Suppliers Ltd,V0032,PO10395,INV020395,ITM007,Packaging Material,56,205.66,11516.96,0.12,1382.04,12899.0,Partially Paid,,Manoj Desai,2026-02-02 12:52:18
2025-08-13,Sharma Co,V0027,PO10396,INV020396,ITM003,Office Chairs,3,2840.28,8520.84,0.28,2385.84,10906.68,Paid,2025-09-06,Leela Shah,2025-08-13 12:39:28
2026-03-21,Singh Enterprises,V0006,PO10397,INV020397,ITM001,Steel Rods,18,51.69,930.42,0.28,260.52,1190.94,Partially Paid,,Harish Kumar,2026-03-21 15:43:13
2025-05-01,Patel Pvt Ltd,V0046,PO10398,INV020398,ITM007,Packaging Material,10,150.86,1508.6,0.18,271.55,1780.15,Paid,2025-06-01,Vivek Malhotra,2025-05-01 09:21:59
2026-02-12,Joshi Solutions ,V0039,PO10399,INV020399,ITM011,Cleaning Supplies,1,405.66,405.66,0.05,20.28,425.94,Partially Paid,,Vivek Malhotra,2026-02-12 15:19:25
2025-06-26,Kumar Solutions,V0009,PO10400,INV020400,ITM015,Stationery Items,75,305.11,22883.25,0.05,1144.16,24027.41,Pending,,Leela Shah,2025-06-26 17:31:59
2025-06-12,Kumar Solutions,V0009,PO10401,INV020401,ITM002,Cement Bags,46,323.89,14898.94,0.18,2681.81,17580.75,Paid,2025-06-21,Leela Shah,2025-06-12 13:07:20
2025-11-07,Patel Suppliers,V0056,PO10402,INV020402,ITM014,Transport Charges,12,2077.32,24927.84,0.18,4487.01,29414.85,Pending,,Siddharth Iyer,2025-11-07 13:57:56
2025-12-08,Mittal Distributors,V0034,PO10403,INV020403,ITM006,Diesel Fuel,458,77.94,35696.52,0.28,9995.03,45691.55,Partially Paid,,Leela Shah,2025-12-08 21:09:35
2025-04-19,Bansal Distributors,V0004,PO10404,INV020404,ITM004,Laptop Computer,1,49056.93,49056.93,0.12,5886.83,54943.76,Partially Paid,,Leela Shah,2025-04-19 16:16:10
2026-03-30,Singh Distributors,V0028,PO10405,INV020405,ITM002,Cement Bags,3,312.51,937.53,0.28,262.51,1200.04,Pending,,Kiran Verma,2026-03-30 17:31:29
2025-07-14,Rao Suppliers ,V0055,PO10406,INV020406,ITM012,Security Services,1,16917.15,16917.15,0.12,2030.06,18947.21,Paid,2025-08-31,Siddharth Iyer,2025-07-14 13:11:53
2025-04-03,Malhotra Pvt Ltd,V0037,PO10407,INV020407,ITM015,Stationery Items,75,419.72,31479.0,0.12,3777.48,35256.48,Paid,2025-04-30,Kiran Verma,2025-04-03 17:49:36
2025-08-24,Gupta Associates ,V0050,PO10408,INV020408,ITM008,Spare Parts,11,1000.0,11000.0,0.05,550.0,11550.0,Pending,,Vivek Malhotra,2025-08-24 19:43:07
2025-05-12,Kapoor Industries,V0038,PO10409,INV020409,ITM015,Stationery Items,42,301.53,12664.26,0.05,633.21,13297.47,Partially Paid,,Leela Shah,2025-05-12 16:53:45
2025-09-16,Verma Co,V0030,PO10410,INV020410,ITM011,Cleaning Supplies,39,478.44,18659.16,0.18,3358.65,22017.81,Pending,,Vivek Malhotra,2025-09-16 09:41:39
2026-02-24,Mehta Co,V0047,PO10411,INV020411,ITM012,Security Services,1,20615.61,20615.61,0.12,2473.87,23089.48,Paid,2026-04-13,Kiran Verma,2026-02-24 13:20:51
2025-08-24,Joshi Solutions ,V0039,PO10412,INV020412,ITM007,Packaging Material,52,162.37,8443.24,0.05,422.16,8865.4,Paid,2025-09-01,Siddharth Iyer,2025-08-24 19:48:41
2025-09-06,Bansal Suppliers,V0032,PO10413,INV020413,ITM013,Raw Chemicals,48,875.58,42027.84,0.28,11767.8,53795.64,Pending,,Kiran Verma,2025-09-06 19:38:08
2025-11-30,Desai Traders,V0033,PO10414,INV020414,ITM004,Laptop Computer,25,278.18,6954.5,0.28,1947.26,8901.76,Pending,,Kiran Verma,2025-11-30 13:36:38
2026-02-17,Singh Pvt Ltd,V0049,PO10415,INV020415,ITM007,Packaging Material,79,157.42,12436.18,0.18,2238.51,14674.69,Partially Paid,,Vivek Malhotra,2026-02-17 15:05:02
2025-12-26,Verma Co,V0030,PO10416,INV020416,ITM011,Cleaning Supplies,10,527.52,5275.2,0.12,633.02,5908.22,Paid,2026-01-14,Leela Shah,2025-12-26 19:41:33
2025-06-05,Singh Distributors,V0028,PO10417,INV020417,ITM002,Cement Bags,20,275.02,5500.4,0.28,1540.11,7040.51,Paid,2025-07-09,Harish Kumar,2025-06-05 19:57:19
2025-04-24,Kumar Traders,V0019,PO10418,INV020418,ITM010,Software License,3,20765.33,62295.99,0.05,3114.8,65410.79,Pending,,Harish Kumar,2025-04-24 17:06:32
2025-05-12,Desai Associates,V0007,PO10419,INV020419,ITM008,Spare Parts,12,1082.33,12987.96,0.18,2337.83,15325.79,Paid,2025-06-29,Leela Shah,2025-05-12 21:32:01
2025-05-13,Mittal Solutions,V0012,PO10420,INV020420,ITM013,Raw Chemicals,54,746.6,40316.4,0.12,4837.97,45154.37,Pending,,Vivek Malhotra,2025-05-13 15:56:45
2025-08-14,Kapoor Industries,V0038,PO10421,INV020421,ITM012,Security Services,1,18891.43,18891.43,0.28,5289.6,24181.03,Paid,2025-08-28,Anjali Rao,2025-08-14 14:58:55
2025-04-10,Singh Enterprises,V0006,PO10422,INV020422,ITM012,Security Services,1,17523.35,17523.35,0.18,3154.2,20677.55,Paid,2025-04-21,Leela Shah,2025-04-10 09:25:07
2026-02-10,Verma Co,V0030,PO10423,INV020423,ITM012,Security Services,1,16580.16,16580.16,0.28,4642.44,21222.6,Partially Paid,,Harish Kumar,2026-02-10 14:44:43
2025-04-09,Singh Enterprises,V0006,PO10424,INV020424,ITM003,Office Chairs,15,105.55,1583.25,0.12,189.99,1773.24,Paid,2025-04-23,Leela Shah,2025-04-09 20:12:54
2026-01-01,Verma Industries,V0042,PO10425,INV020425,ITM003,Office Chairs,7,3978.93,27852.51,0.12,3342.3,31194.81,Pending,,Anjali Rao,2026-01-01 12:05:19
2025-06-18,Iyer Industries,V0031,PO10426,INV020426,ITM007,Packaging Material,15,155.96,2339.4,0.05,116.97,2456.37,Pending,,Leela Shah,2025-06-18 20:44:28
2025-08-29,Rao Pvt Ltd,V0002,PO10427,INV020427,ITM014,Transport Charges,10,1973.51,19735.1,0.28,5525.83,25260.93,Pending,,Arjun Sharma,2025-08-29 18:53:53
2025-11-08,Patel Co,V0022,PO10428,INV020428,ITM001,Steel Rods,81,51.26,4152.06,0.05,207.6,4359.66,Partially Paid,,Siddharth Iyer,2025-11-08 15:54:31
2026-02-08,Rao Trading Co,V0003,PO10429,INV020429,ITM008,Spare Parts,16,1206.41,19302.56,0.28,5404.72,24707.28,Pending,,Manoj Desai,2026-02-08 19:57:52
2026-01-09,Patel Pvt Ltd,V0046,PO10430,INV020430,ITM001,Steel Rods,55,46.38,2550.9,0.05,127.55,2678.45,Partially Paid,,Harish Kumar,2026-01-09 10:17:57
2026-02-25,Joshi Trading Co,V0057,PO10431,INV020431,ITM008,Spare Parts,16,1258.89,20142.24,0.05,1007.11,21149.35,Pending,,Arjun Sharma,2026-02-25 14:28:44
2025-07-28,Singh Traders,V0011,PO10432,INV020432,ITM005,Printing Paper,121,234.38,28359.98,0.12,3403.2,31763.18,Partially Paid,,Vivek Malhotra,2025-07-28 17:14:37
2026-03-01,Rao Suppliers ,V0055,PO10433,INV020433,ITM014,Transport Charges,3,2537.19,7611.57,0.28,2131.24,9742.81,Pending,,Anjali Rao,2026-03-01 20:23:50
2025-07-12,Shah Industries,V0014,PO10434,INV020434,ITM005,Printing Paper,171,248.29,42457.59,0.05,2122.88,44580.47,Paid,2025-09-01,Harish Kumar,2025-07-12 11:38:31
2025-04-10,Bansal Suppliers,V0032,PO10435,INV020435,ITM005,Printing Paper,54,255.68,13806.72,0.12,1656.81,15463.53,Pending,,Anjali Rao,2025-04-10 14:56:16
2025-11-07,Mittal Solutions,V0012,PO10436,INV020436,ITM014,Transport Charges,13,1816.03,23608.39,0.05,1180.42,24788.81,Paid,2025-12-13,Manoj Desai,2025-11-07 10:39:14
2026-01-11,Bansal Suppliers,V0032,PO10437,INV020437,ITM005,Printing Paper,91,276.94,25201.54,0.18,4536.28,29737.82,Partially Paid,,Kiran Verma,2026-01-11 13:57:09
2025-05-27,Patel Pvt Ltd,V0046,PO10438,INV020438,ITM001,Steel Rods,103,44.23,4555.69,0.28,1275.59,5831.28,Partially Paid,,Kiran Verma,2025-05-27 10:50:39
2026-03-29,Rao Trading Co,V0003,PO10439,INV020439,ITM009,Consulting Services,6,1577.96,9467.76,0.05,473.39,9941.15,Pending,,Kiran Verma,2026-03-29 16:48:32
2025-06-02,Verma Distributors,V0010,PO10440,INV020440,ITM011,Cleaning Supplies,22,507.45,11163.9,0.18,2009.5,13173.4,Paid,2025-06-18,Leela Shah,2025-06-02 12:28:26
2025-10-30,Patel Co,V0022,PO10441,INV020441,ITM005,Printing Paper,22,226.6,4985.2,0.12,598.22,5583.42,Paid,2025-11-09,Harish Kumar,2025-10-30 14:40:42
2025-10-27,Bansal Trading Co,V0051,PO10442,INV020442,ITM004,Laptop Computer,4,53095.01,212380.04,0.12,25485.6,237865.64,Partially Paid,,Vivek Malhotra,2025-10-27 16:54:33
2025-12-21,Rao Pvt Ltd,V0002,PO10443,INV020443,ITM008,Spare Parts,1,1304.46,1304.46,0.12,156.54,1461.0,Pending,,Harish Kumar,2025-12-21 10:05:21
2025-04-19,Gupta Associates ,V0050,PO10444,INV020444,ITM003,Office Chairs,1,3350.57,3350.57,0.28,938.16,4288.73,Paid,2025-06-16,Arjun Sharma,2025-04-19 19:59:41
2026-03-15,Mehta Private Limited ,V0041,PO10445,INV020445,ITM012,Security Services,1,17294.42,17294.42,0.18,3113.0,20407.42,Pending,,Vivek Malhotra,2026-03-15 20:35:55
2025-12-27,Bansal Suppliers,V0059,PO10446,INV020446,ITM006,Diesel Fuel,424,82.07,34797.68,0.05,1739.88,36537.56,Partially Paid,,Harish Kumar,2025-12-27 18:58:09
2026-02-27,Verma Industries,V0042,PO10447,INV020447,ITM004,Laptop Computer,3,63528.85,190586.55,0.28,53364.23,243950.78,Pending,,Kiran Verma,2026-02-27 22:49:12
2025-06-04,Rao Trading Co,V0003,PO10448,INV020448,ITM009,Consulting Services,13,1635.06,21255.78,0.18,3826.04,25081.82,Paid,2025-06-10,Siddharth Iyer,2025-06-04 17:34:18
2026-01-02,Mittal Distributors,V0034,PO10449,INV020449,ITM006,Diesel Fuel,12,73.0,876.0,0.12,105.12,981.12,Pending,,Harish Kumar,2026-01-02 18:16:15
2025-12-16,Desai Traders,V0033,PO10450,INV020450,ITM002,Cement Bags,24,289.25,6942.0,0.05,347.1,7289.1,Partially Paid,,Kiran Verma,2025-12-16 14:07:03
2025-07-30,Patel Co,V0029,PO10451,INV020451,ITM005,Printing Paper,117,233.9,27366.3,0.05,1368.32,28734.62,Partially Paid,,Manoj Desai,2025-07-30 21:47:37
2026-01-19,Mittal Enterprises,V0023,PO10452,INV020452,ITM005,Printing Paper,171,278.48,47620.08,0.18,8571.61,56191.69,Pending,,Manoj Desai,2026-01-19 19:08:45
2025-11-19,Desai Associates,V0007,PO10453,INV020453,ITM006,Diesel Fuel,422,100.03,42212.66,0.12,5065.52,47278.18,Pending,,Harish Kumar,2025-11-19 10:09:45
2025-07-19,Singh Enterprises,V0006,PO10454,INV020028,ITM001,Steel Rods,114,38.34,4370.76,0.28,1223.81,5594.57,Pending,,Harish Kumar,2025-07-19 16:04:23
2025-11-12,Patel Suppliers,V0056,PO10455,INV020455,ITM005,Printing Paper,163,242.34,39501.42,0.28,11060.4,50561.82,Partially Paid,,Harish Kumar,2025-11-12 20:59:31
2025-11-21,Verma Distributors,V0010,PO10456,INV020456,ITM009,Consulting Services,16,50000.0,800000.0,0.12,96000.0,896000.0,Partially Paid,,Kiran Verma,2025-11-21 11:45:32
2025-06-20,Joshi Distributors ,V0045,PO10457,INV020457,ITM004,Laptop Computer,4,44717.36,178869.44,0.28,50083.44,228952.88,Paid,2025-07-29,Harish Kumar,2025-06-20 17:23:58
2025-12-24,Shah Enterprises,V0008,PO10458,INV020458,ITM002,Cement Bags,37,293.07,10843.59,0.18,1951.85,12795.44,Pending,,Vivek Malhotra,2025-12-24 11:07:23
2026-01-27,Kumar Traders,V0019,PO10459,INV020459,ITM008,Spare Parts,5,416.48,2082.4,0.05,104.12,2186.52,Pending,,Siddharth Iyer,2026-01-27 15:03:59
2025-09-26,Shah Industries,V0014,PO10460,INV020460,ITM003,Office Chairs,1,2971.26,2971.26,0.28,831.95,3803.21,Pending,,Leela Shah,2025-09-26 10:55:02
2025-11-30,Malhotra Pvt Ltd,V0037,PO10461,INV020461,ITM005,Printing Paper,87,278.13,24197.31,0.28,6775.25,30972.56,Paid,2026-01-18,Anjali Rao,2025-11-30 20:53:38
2026-02-14,Mehta Private Limited ,V0041,PO10462,INV020462,ITM008,Spare Parts,15,1031.51,15472.65,0.28,4332.34,19804.99,Pending,,Manoj Desai,2026-02-14 19:39:26
2026-03-10,Nair Traders,V0058,PO10463,INV020463,ITM007,Packaging Material,70,147.3,10311.0,0.18,1855.98,12166.98,Partially Paid,,Kiran Verma,2026-03-10 16:47:17
2025-06-03,Patel Pvt Ltd,V0046,PO10464,INV020464,ITM001,Steel Rods,72,50000.0,3600000.0,0.18,648000.0,4248000.0,Paid,2025-07-13,Arjun Sharma,2025-06-03 19:35:05
2025-04-10,Malhotra Pvt Ltd,V0037,PO10465,INV020465,ITM009,Consulting Services,25,1485.5,37137.5,0.12,4456.5,41594.0,Partially Paid,,Anjali Rao,2025-04-10 10:42:59
2026-01-22,Bansal Solutions,V0018,PO10466,INV020444,ITM013,Raw Chemicals,16,882.86,14125.76,0.12,1695.09,15820.85,Partially Paid,,Vivek Malhotra,2026-01-22 16:05:51
2025-09-22,Kapoor Industries,V0038,PO10467,INV020467,ITM001,Steel Rods,111,52.81,5861.91,0.28,1641.33,7503.24,Paid,2025-11-17,Vivek Malhotra,2025-09-22 22:11:26
2026-01-03,Shah Industries,V0025,PO10468,INV020468,ITM005,Printing Paper,30,297.98,8939.4,0.05,446.97,9386.37,Paid,2026-01-20,Kiran Verma,2026-01-03 11:18:09
2026-02-09,Verma Distributors,V0010,PO10469,INV020469,ITM005,Printing Paper,174,216.92,37744.08,0.28,10568.34,48312.42,Partially Paid,,Arjun Sharma,2026-02-09 14:11:01
2025-09-13,Singh Solutions,V0020,PO10470,INV020470,ITM007,Packaging Material,41,154.26,6324.66,0.05,316.23,6640.89,Paid,2025-09-17,Manoj Desai,2025-09-13 13:24:52
2025-12-15,Shah Solutions,V0016,PO10471,INV020471,ITM013,Raw Chemicals,32,782.69,25046.08,0.12,3005.53,28051.61,Paid,2026-01-05,Leela Shah,2025-12-15 15:07:17
2026-02-19,Shah Associates,V0036,PO10472,INV020472,ITM007,Packaging Material,62,146.08,9056.96,0.05,452.85,9509.81,Paid,2026-03-09,Kiran Verma,2026-02-19 12:58:56
2025-11-15,Shah Solutions,V0016,PO10473,INV020473,ITM013,Raw Chemicals,20,801.29,16025.8,0.12,1923.1,17948.9,Partially Paid,,Manoj Desai,2025-11-15 10:54:40
2025-08-04,Bansal Trading Co,V0051,PO10474,INV020474,ITM003,Office Chairs,9,4179.43,37614.87,0.18,6770.68,44385.55,Partially Paid,,Leela Shah,2025-08-04 17:27:58
2026-03-01,Rao Trading Co,V0003,PO10475,INV020475,ITM001,Steel Rods,107,47.17,5047.19,0.28,1413.21,6460.4,Pending,,Siddharth Iyer,2026-03-01 11:00:03
2025-07-18,Joshi Solutions ,V0039,PO10476,INV020476,ITM005,Printing Paper,90,284.24,25581.6,0.28,7162.85,32744.45,Pending,,Arjun Sharma,2025-07-18 18:53:32
2026-03-24,Singh Traders,V0011,PO10477,INV020477,ITM012,Security Services,1,15045.95,15045.95,0.05,752.3,15798.25,Partially Paid,,Siddharth Iyer,2026-03-24 10:53:08
2025-09-10,Joshi Trading Co,V0057,PO10478,INV020478,ITM007,Packaging Material,79,180.35,14247.65,0.12,1709.72,15957.37,Pending,,Leela Shah,2025-09-10 19:21:40
2026-02-01,Bansal Solutions,V0018,PO10479,INV020479,ITM004,Laptop Computer,3,48633.73,145901.19,0.18,26262.21,172163.4,Partially Paid,,Anjali Rao,2026-02-01 14:01:58
2025-04-05,Verma Industries,V0042,PO10480,INV020480,ITM015,Stationery Items,78,346.71,27043.38,0.05,1352.17,28395.55,Partially Paid,,Leela Shah,2025-04-05 19:11:26
2026-01-01,Singh Pvt Ltd,V0049,PO10481,INV020481,ITM007,Packaging Material,84,190.89,16034.76,0.05,801.74,16836.5,Partially Paid,,Leela Shah,2026-01-01 09:57:53
2025-10-01,Reddy Co,V0044,PO10482,INV020482,ITM002,Cement Bags,25,361.92,9048.0,0.18,1628.64,10676.64,Partially Paid,,Arjun Sharma,2025-10-01 15:11:53
2025-04-11,Verma Co,V0030,PO10483,INV020151,ITM006,Diesel Fuel,228,72.34,16493.52,0.12,1979.22,18472.74,Paid,2025-04-17,Siddharth Iyer,2025-04-11 21:17:43
2025-10-03,Kumar Associates,V0052,PO10484,INV020484,ITM012,Security Services,1,21456.86,21456.86,0.12,2574.82,24031.68,Partially Paid,,Manoj Desai,2025-10-03 09:17:31
2026-01-17,Mehta Distributors,V0001,PO10485,INV020485,ITM004,Laptop Computer,1,63138.16,63138.16,0.28,17678.68,80816.84,Partially Paid,,Manoj Desai,2026-01-17 17:31:10
2025-05-04,Kapoor Solutions,V0043,PO10486,INV020486,ITM012,Security Services,1,18634.79,18634.79,0.12,2236.17,20870.96,Partially Paid,,Manoj Desai,2025-05-04 11:16:59
2026-03-21,Mehta Co,V0047,PO10487,INV020487,ITM013,Raw Chemicals,13,888.47,11550.11,0.18,2079.02,13629.13,Pending,,Leela Shah,2026-03-21 19:34:39
2025-10-26,Mehta Distributors,V0001,PO10488,INV020488,ITM007,Packaging Material,42,175.14,7355.88,0.05,367.79,7723.67,Partially Paid,,Leela Shah,2025-10-26 13:07:43
2025-04-25,Bansal Suppliers,V0032,PO10489,INV020489,ITM006,Diesel Fuel,453,97.96,44375.88,0.05,2218.79,46594.67,Partially Paid,,Leela Shah,2025-04-25 13:58:26
2026-01-18,Desai Suppliers,V0021,PO10490,INV020490,ITM001,Steel Rods,25,42.02,1050.5,0.28,294.14,1344.64,Paid,2026-03-04,Harish Kumar,2026-01-18 21:01:47
2025-09-07,Pillai Trading Co,V0005,PO10491,INV020491,ITM015,Stationery Items,26,303.03,7878.78,0.12,945.45,8824.23,Paid,2025-09-09,Leela Shah,2025-09-07 10:40:40
2025-09-19,Singh Distributors,V0028,PO10492,INV020492,ITM013,Raw Chemicals,38,872.73,33163.74,0.05,1658.19,34821.93,Pending,,Manoj Desai,2025-09-19 13:15:06
2025-05-08,Kumar Suppliers,V0054,PO10493,INV020493,ITM001,Steel Rods,8,307.87,2462.96,0.18,443.33,2906.29,Pending,,Kiran Verma,2025-05-08 21:38:39
2025-04-18,Mehta Private Limited ,V0041,PO10494,INV020494,ITM008,Spare Parts,3,1427.77,4283.31,0.05,214.17,4497.48,Partially Paid,,Kiran Verma,2025-04-18 15:20:56
2026-02-07,Bansal Trading Co,V0051,PO10495,INV020495,ITM003,Office Chairs,8,2876.7,23013.6,0.05,1150.68,24164.28,Paid,2026-03-23,Arjun Sharma,2026-02-07 19:27:04
2026-02-01,Bansal Distributors,V0004,PO10496,INV020496,ITM005,Printing Paper,103,209.58,21586.74,0.28,6044.29,27631.03,Paid,2026-03-03,Harish Kumar,2026-02-01 21:42:39
2025-05-22,Verma Co,V0030,PO10497,INV020497,ITM013,Raw Chemicals,57,817.51,46598.07,0.28,13047.46,59645.53,Paid,2025-06-21,Vivek Malhotra,2025-05-22 14:41:43
2025-05-05,Kapoor Industries,V0038,PO10498,INV020498,ITM004,Laptop Computer,1,44270.35,44270.35,0.05,2213.52,46483.87,Paid,2025-07-02,Anjali Rao,2025-05-05 18:50:53
2026-02-12,Mehta Private Limited ,V0041,PO10499,INV020499,ITM009,Consulting Services,12,1452.6,17431.2,0.18,3137.62,20568.82,Paid,2026-04-05,Arjun Sharma,2026-02-12 16:11:15
2026-02-28,Bansal Distributors,V0004,PO10500,INV020500,ITM003,Office Chairs,10,3410.19,34101.9,0.18,6138.34,40240.24,Partially Paid,,Anjali Rao,2026-02-28 21:22:19
2025-10-06,Verma Distributors,V0010,PO10501,INV020501,ITM008,Spare Parts,20,1124.59,22491.8,0.18,4048.52,26540.32,Partially Paid,,Anjali Rao,2025-10-06 09:33:37
2025-07-12,Bansal Distributors,V0004,PO10502,INV020502,ITM004,Laptop Computer,4,51563.95,206255.8,0.05,10312.79,216568.59,Paid,2025-08-03,Manoj Desai,2025-07-12 19:58:12
2026-01-22,Kapoor Solutions,V0043,PO10503,INV020503,ITM008,Spare Parts,20,1292.36,25847.2,0.28,7237.22,33084.42,Pending,,Harish Kumar,2026-01-22 18:21:39
2025-04-22,Patel Co,V0022,PO10504,INV020504,ITM003,Office Chairs,8,4026.55,32212.4,0.05,1610.62,33823.02,Paid,2025-06-02,Manoj Desai,2025-04-22 16:14:58
2025-12-03,Joshi Distributors ,V0045,PO10505,INV020505,ITM004,Laptop Computer,5,48689.05,243445.25,0.28,68164.67,311609.92,Pending,,Harish Kumar,2025-12-03 20:49:52
2025-05-08,Shah Industries,V0014,PO10506,INV020506,ITM007,Packaging Material,1,170.12,170.12,0.12,20.41,190.53,Paid,2025-05-18,Siddharth Iyer,2025-05-08 14:01:35
2025-07-11,Patel Co,V0029,PO10507,INV020507,ITM004,Laptop Computer,1,65456.8,65456.8,0.18,11782.22,77239.02,Paid,2025-09-06,Siddharth Iyer,2025-07-11 12:18:11
2025-07-10,Mehta Co,V0047,PO10508,INV020508,ITM003,Office Chairs,9,3144.35,28299.15,0.18,5093.85,33393.0,Pending,,Kiran Verma,2025-07-10 09:11:53
2025-05-27,Rao Pvt Ltd,V0002,PO10509,INV020509,ITM014,Transport Charges,7,2336.28,16353.96,0.12,1962.48,18316.44,Pending,,Leela Shah,2025-05-27 14:59:13
2025-12-26,Shah Solutions,V0016,PO10510,INV020510,ITM006,Diesel Fuel,339,78.17,26499.63,0.18,4769.93,31269.56,Pending,,Kiran Verma,2025-12-26 21:39:56
2025-10-11,Verma Distributors,V0010,PO10511,INV020299,ITM015,Stationery Items,25,306.84,7671.0,0.12,920.52,8591.52,Pending,,Manoj Desai,2025-10-11 20:23:20
2025-06-16,Bansal Suppliers,V0059,PO10512,INV020512,ITM001,Steel Rods,110,45.64,5020.4,0.12,602.45,5622.85,Partially Paid,,Siddharth Iyer,2025-06-16 14:15:03
2025-11-27,Patel Suppliers,V0056,PO10513,INV020513,ITM003,Office Chairs,4,3818.22,15272.88,0.28,4276.41,19549.29,Paid,2025-12-08,Harish Kumar,2025-11-27 21:42:39
2025-07-01,Singh Pvt Ltd,V0049,PO10514,INV020514,ITM015,Stationery Items,64,352.64,22568.96,0.18,4062.41,26631.37,Partially Paid,,Leela Shah,2025-07-01 14:45:23
2026-02-21,Patel Pvt Ltd,V0046,PO10515,INV020515,ITM008,Spare Parts,9,1238.97,11150.73,0.28,3122.2,14272.93,Paid,2026-03-07,Manoj Desai,2026-02-21 21:37:41
2025-09-04,Nair Traders,V0058,PO10516,INV020516,ITM004,Laptop Computer,2,52709.8,105419.6,0.28,29517.49,134937.09,Partially Paid,,Anjali Rao,2025-09-04 15:56:24
2025-08-30,Sharma Distributors,V0017,PO10517,INV020517,ITM009,Consulting Services,6,153.73,922.38,0.05,46.12,968.5,Paid,2025-10-07,Arjun Sharma,2025-08-30 16:33:22
2025-11-08,Verma Co,V0030,PO10518,INV020518,ITM009,Consulting Services,14,1470.69,20589.66,0.18,3706.14,24295.8,Pending,,Vivek Malhotra,2025-11-08 15:23:51
2025-08-14,Bansal Solutions,V0018,PO10519,INV020519,ITM007,Packaging Material,23,175.8,4043.4,0.05,202.17,4245.57,Paid,2025-09-02,Kiran Verma,2025-08-14 19:04:22
2025-10-02,Bansal Trading Co,V0051,PO10520,INV020520,ITM005,Printing Paper,26,211.86,5508.36,0.12,661.0,6169.36,Pending,,Manoj Desai,2025-10-02 09:34:12
2026-03-16,Reddy Co,V0044,PO10521,INV020521,ITM006,Diesel Fuel,155,98.83,15318.65,0.18,2757.36,18076.01,Partially Paid,,Anjali Rao,2026-03-16 13:12:45
2025-08-23,Rao Suppliers ,V0055,PO10522,INV020522,ITM013,Raw Chemicals,1,864.26,864.26,0.18,155.57,1019.83,Pending,,Arjun Sharma,2025-08-23 14:50:25
2025-07-17,Iyer Industries,V0031,PO10523,INV020523,ITM011,Cleaning Supplies,26,400.96,10424.96,0.12,1251.0,11675.96,Partially Paid,,Leela Shah,2025-07-17 16:14:33
2025-09-08,Mehta Co,V0047,PO10524,INV020524,ITM014,Transport Charges,6,2456.89,14741.34,0.28,4127.58,18868.92,Partially Paid,,Harish Kumar,2025-09-08 12:27:49
2025-06-11,Shah Industries,V0014,PO10525,INV020525,ITM008,Spare Parts,18,974.45,17540.1,0.28,4911.23,22451.33,Pending,,Arjun Sharma,2025-06-11 18:55:08
2025-11-04,Bansal Suppliers,V0032,PO10526,INV020526,ITM013,Raw Chemicals,22,694.35,15275.7,0.18,2749.63,18025.33,Partially Paid,,Siddharth Iyer,2025-11-04 19:48:25
2025-06-11,Desai Suppliers,V0021,PO10527,INV020527,ITM010,Software License,3,27853.58,83560.74,0.05,4178.04,87738.78,Partially Paid,,Harish Kumar,2025-06-11 11:21:36
2025-07-06,Shah Industries,V0025,PO10528,INV020528,ITM004,Laptop Computer,1,55758.79,55758.79,0.28,15612.46,71371.25,Partially Paid,,Leela Shah,2025-07-06 16:06:21
2026-01-09,Nair Traders Ltd,V0058,PO10529,INV020529,ITM005,Printing Paper,44,210.43,9258.92,0.05,462.95,9721.87,Partially Paid,,Leela Shah,2026-01-09 11:02:52
2025-07-29,Mittal Solutions,V0012,PO10530,INV020447,ITM004,Laptop Computer,4,50243.99,200975.96,0.05,10048.8,211024.76,Pending,,Arjun Sharma,2025-07-29 13:42:33
2025-10-28,Joshi Co,V0024,PO10531,INV020531,ITM009,Consulting Services,6,1396.06,8376.36,0.05,418.82,8795.18,Paid,2025-12-02,Harish Kumar,2025-10-28 15:10:07
2025-07-15,Kapoor Enterprises,V0048,PO10532,INV020532,ITM002,Cement Bags,14,272.63,3816.82,0.28,1068.71,4885.53,Partially Paid,,Leela Shah,2025-07-15 04:27:52
2026-03-17,Singh Traders,V0011,PO10533,INV020533,ITM010,Software License,3,22029.73,66089.19,0.18,11896.05,77985.24,Paid,2026-03-27,Leela Shah,2026-03-17 16:17:12
2025-12-26,Pillai Trading Co,V0005,PO10534,INV020534,ITM014,Transport Charges,10,2470.66,24706.6,0.28,6917.85,31624.45,Pending,,Leela Shah,2025-12-26 14:58:36
2025-11-20,Malhotra Pvt Ltd,V0037,PO10535,INV020535,ITM001,Steel Rods,37,47.63,1762.31,0.05,88.12,1850.43,Partially Paid,,Siddharth Iyer,2025-11-20 05:44:53
2026-02-11,Pillai Trading Co,V0026,PO10536,INV020536,ITM010,Software License,2,22491.35,44982.7,0.12,5397.92,50380.62,Pending,,Anjali Rao,2026-02-11 20:27:29
2025-04-23,Joshi Distributors ,V0045,PO10537,INV020537,ITM010,Software License,2,26986.45,53972.9,0.05,2698.65,56671.55,Paid,2025-05-11,Siddharth Iyer,2025-04-23 12:56:55
2025-10-28,Kapoor Solutions,V0043,PO10538,INV020538,ITM015,Stationery Items,28,407.22,11402.16,0.05,570.11,11972.27,Pending,,Kiran Verma,2025-10-28 21:35:07
2025-08-08,Singh Pvt Ltd,V0049,PO10539,INV020539,ITM002,Cement Bags,27,313.72,8470.44,0.18,1524.68,9995.12,Pending,,Arjun Sharma,2025-08-08 12:32:02
2025-10-22,Mehta Private Limited ,V0041,PO10540,INV020115,ITM012,Security Services,1,16874.34,16874.34,0.28,4724.82,21599.16,Pending,,Kiran Verma,2025-10-22 12:25:02
2025-05-05,Bansal Suppliers Ltd,V0059,PO10541,INV020541,ITM003,Office Chairs,8,3478.66,27829.28,0.18,5009.27,32838.55,Paid,2025-06-20,Leela Shah,2025-05-05 10:35:42
2025-04-10,Kumar Solutions,V0009,PO10542,INV020542,ITM008,Spare Parts,6,1041.88,6251.28,0.18,1125.23,7376.51,Pending,,Kiran Verma,2025-04-10 18:06:11
2025-07-20,Kapoor Enterprises,V0048,PO10543,INV020543,ITM007,Packaging Material,10,192.34,1923.4,0.12,230.81,2154.21,Partially Paid,,Manoj Desai,2025-07-20 20:02:57
2025-09-05,Patel Co,V0029,PO10544,INV020544,ITM012,Security Services,1,17212.45,17212.45,0.05,860.62,18073.07,Paid,2025-09-09,Harish Kumar,2025-09-05 16:03:38
2025-07-12,Gupta Associates ,V0050,PO10545,INV020545,ITM004,Laptop Computer,3,63992.64,191977.92,0.12,23037.35,215015.27,Paid,2025-07-13,Vivek Malhotra,2025-07-12 10:01:26
2025-05-20,Patel Distributors,V0053,PO10546,INV020546,ITM004,Laptop Computer,2,65092.4,130184.8,0.05,6509.24,136694.04,Partially Paid,,Anjali Rao,2025-05-20 21:53:53
2025-09-15,Mehta Co,V0047,PO10547,INV020547,ITM003,Office Chairs,7,3517.5,24622.5,0.05,1231.12,25853.62,Paid,2025-10-25,Manoj Desai,2025-09-15 14:35:40
2025-07-19,Joshi Co,V0060,PO10548,INV020548,ITM009,Consulting Services,14,1272.48,17814.72,0.28,4988.12,22802.84,Paid,2025-07-20,Harish Kumar,2025-07-19 10:22:20
2025-07-22,Verma Industries,V0042,PO10549,INV020549,ITM006,Diesel Fuel,200,79.66,15932.0,0.05,796.6,16728.6,Pending,,Vivek Malhotra,2025-07-22 10:42:52
2026-02-01,Rao Trading Co,V0003,PO10550,INV020550,ITM002,Cement Bags,27,294.6,7954.2,0.12,954.5,8908.7,Partially Paid,,Anjali Rao,2026-02-01 16:06:45
2026-03-14,Desai Associates,V0007,PO10551,INV020551,ITM010,Software License,13,492.57,6403.41,0.18,1152.61,7556.02,Pending,,Anjali Rao,2026-03-14 21:44:08
2025-04-10,Singh Pvt Ltd India,V0049,PO10552,INV020552,ITM015,Stationery Items,62,289.45,17945.9,0.18,3230.26,21176.16,Pending,,Harish Kumar,2025-04-10 18:58:37
2025-04-07,Desai Traders,V0033,PO10553,INV020553,ITM011,Cleaning Supplies,33,465.74,15369.42,0.12,1844.33,17213.75,Paid,2025-04-27,Manoj Desai,2025-04-07 12:01:39
2025-06-10,Kapoor Enterprises,V0048,PO10554,INV020554,ITM007,Packaging Material,80,149.72,11977.6,0.12,1437.31,13414.91,Paid,2025-06-20,Harish Kumar,2025-06-10 14:31:18
2026-02-01,Shah Industries,V0014,PO10555,INV020555,ITM011,Cleaning Supplies,16,526.21,8419.36,0.05,420.97,8840.33,Pending,,Anjali Rao,2026-02-01 16:47:56
2025-10-30,Bansal Solutions,V0018,PO10556,INV020556,ITM006,Diesel Fuel,267,100.5,26833.5,0.05,1341.68,28175.18,Paid,2025-11-14,Vivek Malhotra,2025-10-30 19:52:18
2026-03-07,Patel Co,V0022,PO10557,INV020557,ITM004,Laptop Computer,5,45189.63,225948.15,0.12,27113.78,253061.93,Partially Paid,,Manoj Desai,2026-03-07 12:51:43
2025-11-13,Joshi Solutions ,V0039,PO10558,INV020558,ITM014,Transport Charges,9,2043.04,18387.36,0.28,5148.46,23535.82,Pending,,Kiran Verma,2025-11-13 19:00:04
2025-06-28,Desai Associates,V0013,PO10559,INV020559,ITM001,Steel Rods,27,38.26,1033.02,0.12,123.96,1156.98,Paid,2025-07-14,Kiran Verma,2025-06-28 18:35:53
2025-07-11,Singh Distributors,V0028,PO10560,INV020560,ITM012,Security Services,1,15581.94,15581.94,0.28,4362.94,19944.88,Partially Paid,,Manoj Desai,2025-07-11 12:27:11
2025-12-03,Singh Solutions,V0020,PO10561,INV020561,ITM005,Printing Paper,163,220.14,35882.82,0.28,10047.19,45930.01,Pending,,Anjali Rao,2025-12-03 10:23:25
2025-12-03,Patel Co,V0029,PO10562,INV020562,ITM007,Packaging Material,98,155.22,15211.56,0.28,4259.24,19470.8,Pending,,Kiran Verma,2025-12-03 00:48:24
2026-01-09,Singh Pvt Ltd,V0049,PO10563,INV020563,ITM015,Stationery Items,77,355.21,27351.17,0.18,4923.21,32274.38,Pending,,Leela Shah,2026-01-09 20:11:16
2025-05-07,Verma Co,V0030,PO10564,INV020564,ITM005,Printing Paper,16,324.86,5197.76,0.28,1455.37,6653.13,Pending,,Manoj Desai,2025-05-07 14:08:45
2025-10-09,Bansal Suppliers,V0059,PO10565,INV020565,ITM004,Laptop Computer,1,25000.0,25000.0,0.05,1250.0,26250.0,Pending,,Harish Kumar,2025-10-09 16:25:59
2026-01-27,Joshi Co Ltd,V0024,PO10566,INV020566,ITM007,Packaging Material,40,190.16,7606.4,0.28,2129.79,9736.19,Paid,2026-03-27,Kiran Verma,2026-01-27 10:26:56
2025-08-09,Joshi Co,V0060,PO10567,INV020567,ITM010,Software License,1,27629.51,27629.51,0.12,3315.54,30945.05,Pending,,Vivek Malhotra,2025-08-09 05:32:45
2025-08-03,Bansal Distributors Ltd,V0004,PO10568,INV020568,ITM011,Cleaning Supplies,28,492.42,13787.76,0.28,3860.57,17648.33,Pending,,Arjun Sharma,2025-08-03 16:02:58
2026-03-15,Joshi Distributors ,V0045,PO10569,INV020569,ITM011,Cleaning Supplies,17,468.98,7972.66,0.12,956.72,8929.38,Partially Paid,,Anjali Rao,2026-03-15 11:16:15
2025-10-14,Mehta Distributors,V0001,PO10570,INV020570,ITM002,Cement Bags,42,347.09,14577.78,0.05,728.89,15306.67,Paid,2025-11-17,Manoj Desai,2025-10-14 15:45:37
2025-09-02,Joshi Trading Co,V0057,PO10571,INV020571,ITM007,Packaging Material,55,162.21,8921.55,0.12,1070.59,9992.14,Pending,,Siddharth Iyer,2025-09-02 17:34:42
2025-09-24,Mehta Co,V0047,PO10572,INV020572,ITM007,Packaging Material,14,189.8,2657.2,0.05,132.86,2790.06,Paid,2025-11-23,Harish Kumar,2025-09-24 11:17:47
2025-04-01,Joshi Distributors ,V0045,PO10573,INV020573,ITM005,Printing Paper,44,281.64,12392.16,0.05,619.61,13011.77,Partially Paid,,Harish Kumar,2025-04-01 10:04:49
2025-06-30,Mittal Distributors,V0034,PO10574,INV020574,ITM007,Packaging Material,94,175.03,16452.82,0.18,2961.51,19414.33,Paid,2025-07-13,Leela Shah,2025-06-30 14:11:45
2025-07-05,Desai Traders,V0033,PO10575,INV020575,ITM002,Cement Bags,37,2000.0,74000.0,0.28,20720.0,94720.0,Paid,2025-08-26,Manoj Desai,2025-07-05 12:03:47
2026-02-14,Sharma Distributors,V0017,PO10576,INV020576,ITM015,Stationery Items,57,367.76,20962.32,0.28,5869.45,26831.77,Paid,2026-02-20,Siddharth Iyer,2026-02-14 10:55:40
2025-04-16,Singh Enterprises,V0006,PO10577,INV020577,ITM007,Packaging Material,36,148.63,5350.68,0.05,267.53,5618.21,Pending,,Kiran Verma,2025-04-16 18:15:30
2026-03-07,Mehta Distributors,V0001,PO10578,INV020578,ITM001,Steel Rods,97,53.19,5159.43,0.18,928.7,6088.13,Paid,2026-03-21,Arjun Sharma,2026-03-07 18:50:02
2025-09-20,Joshi Solutions ,V0039,PO10579,INV020579,ITM009,Consulting Services,30,1491.56,44746.8,0.18,8054.42,52801.22,Partially Paid,,Vivek Malhotra,2025-09-20 22:21:23
2025-10-11,Desai Suppliers,V0021,PO10580,INV020580,ITM014,Transport Charges,6,2345.27,14071.62,0.12,1688.59,15760.21,Pending,,Kiran Verma,2025-10-11 18:03:22
2025-06-02,Mehta Distributors,V0001,PO10581,INV020581,ITM008,Spare Parts,5,972.33,4861.65,0.28,1361.26,6222.91,Paid,2025-06-26,Leela Shah,2025-06-02 17:17:44
2025-07-06,Iyer Distributors,V0040,PO10582,INV020582,ITM011,Cleaning Supplies,33,434.36,14333.88,0.28,4013.49,18347.37,Pending,,Arjun Sharma,2025-07-06 09:40:52
2025-09-14,Mehta Private Limited ,V0041,PO10583,INV020583,ITM006,Diesel Fuel,497,101.07,50231.79,0.05,2511.59,52743.38,Partially Paid,,Leela Shah,2025-09-14 19:28:14
2025-11-30,Kapoor Enterprises,V0048,PO10584,INV020584,ITM010,Software License,2,24279.16,48558.32,0.05,2427.92,50986.24,Pending,,Manoj Desai,2025-11-30 01:46:24
2025-05-15,Patel Pvt Ltd,V0046,PO10585,INV020585,ITM003,Office Chairs,3,3497.1,10491.3,0.05,524.56,11015.86,Partially Paid,,Leela Shah,2025-05-15 13:53:43
2026-01-02,Nair Traders,V0058,PO10586,INV020586,ITM008,Spare Parts,16,50000.0,800000.0,0.05,40000.0,840000.0,Paid,2026-02-20,Kiran Verma,2026-01-02 12:15:13
2025-09-15,Desai Associates,V0007,PO10587,INV020587,ITM007,Packaging Material,21,210.89,4428.69,0.05,221.43,4650.12,Paid,2025-11-01,Siddharth Iyer,2025-09-15 15:49:17
2026-02-19,Kapoor Solutions,V0043,PO10588,INV020588,ITM008,Spare Parts,5,1402.91,7014.55,0.05,350.73,7365.28,Partially Paid,,Vivek Malhotra,2026-02-19 20:31:05
2025-10-13,Patel Suppliers,V0056,PO10589,INV020589,ITM004,Laptop Computer,3,52294.23,156882.69,0.05,7844.13,164726.82,Partially Paid,,Harish Kumar,2025-10-13 19:41:50
2025-05-15,Kumar Associates,V0052,PO10590,INV020590,ITM004,Laptop Computer,3,46545.18,139635.54,0.12,16756.26,156391.8,Partially Paid,,Manoj Desai,2025-05-15 10:05:21
2025-10-12,Kapoor Enterprises,V0048,PO10591,INV020591,ITM002,Cement Bags,9,365.23,3287.07,0.18,591.67,3878.74,Pending,,Arjun Sharma,2025-10-12 18:47:00
2025-11-03,Kapoor Industries,V0038,PO10592,INV020592,ITM009,Consulting Services,28,1432.89,40120.92,0.12,4814.51,44935.43,Partially Paid,,Anjali Rao,2025-11-03 14:49:23
2026-01-01,Mittal Distributors,V0034,PO10593,INV020593,ITM011,Cleaning Supplies,7,431.16,3018.12,0.12,362.17,3380.29,Pending,,Manoj Desai,2026-01-01 16:20:09
2025-06-14,Bansal Suppliers,V0032,PO10594,INV020594,ITM011,Cleaning Supplies,10,468.26,4682.6,0.28,1311.13,5993.73,Partially Paid,,Arjun Sharma,2025-06-14 20:42:54
2025-06-03,Joshi Solutions ,V0039,PO10595,INV020595,ITM006,Diesel Fuel,258,107.65,27773.7,0.18,4999.27,32772.97,Partially Paid,,Leela Shah,2025-06-03 13:54:45
2025-10-10,Mehta Private Limited ,V0041,PO10596,INV020596,ITM014,Transport Charges,8,2016.52,16132.16,0.12,1935.86,18068.02,Paid,2025-12-02,Manoj Desai,2025-10-10 09:51:21
2025-07-01,Rao Suppliers ,V0055,PO10597,INV020597,ITM012,Security Services,1,21046.74,21046.74,0.12,2525.61,23572.35,Pending,,Anjali Rao,2025-07-01 16:46:25
2025-11-29,Rao Pvt Ltd,V0002,PO10598,INV020598,ITM009,Consulting Services,11,1453.46,15988.06,0.28,4476.66,20464.72,Pending,,Kiran Verma,2025-11-29 14:48:25
2025-07-09,Mittal Distributors,V0034,PO10599,INV020599,ITM012,Security Services,1,19413.91,19413.91,0.18,3494.5,22908.41,Pending,,Kiran Verma,2025-07-09 20:54:35
2025-09-03,Kumar Solutions,V0009,PO10600,INV020600,ITM006,Diesel Fuel,436,105.64,46059.04,0.05,2302.95,48361.99,Partially Paid,,Anjali Rao,2025-09-03 16:41:10
2025-07-17,Patel Co,V0029,PO10601,INV020601,ITM012,Security Services,1,20859.97,20859.97,0.28,5840.79,26700.76,Paid,2025-09-03,Arjun Sharma,2025-07-17 12:51:47
2025-10-10,Mehta Co,V0047,PO10602,INV020602,ITM014,Transport Charges,5,371.33,1856.65,0.05,92.83,1949.48,Paid,2025-12-09,Arjun Sharma,2025-10-10 15:43:53
2025-05-31,Desai Associates,V0007,PO10603,INV020603,ITM006,Diesel Fuel,92,106.02,9753.84,0.28,2731.08,12484.92,Partially Paid,,Harish Kumar,2025-05-31 17:41:21
2025-08-02,Verma Distributors,V0010,PO10604,INV020604,ITM011,Cleaning Supplies,16,366.12,5857.92,0.28,1640.22,7498.14,Partially Paid,,Anjali Rao,2025-08-02 15:31:19
2026-02-27,Verma Industries,V0042,PO10605,INV020605,ITM012,Security Services,1,19999.66,19999.66,0.28,5599.9,25599.56,Partially Paid,,Leela Shah,2026-02-27 15:17:40
2026-02-23,Mehta Distributors,V0001,PO10606,INV020606,ITM002,Cement Bags,63,133.05,8382.15,0.05,419.11,8801.26,Paid,2026-02-25,Leela Shah,2026-02-23 19:58:32
2026-02-25,Bansal Solutions,V0018,PO10607,INV020607,ITM012,Security Services,1,17164.51,17164.51,0.05,858.23,18022.74,Partially Paid,,Anjali Rao,2026-02-25 20:27:19
2026-01-01,Desai Associates,V0007,PO10608,INV020608,ITM006,Diesel Fuel,366,104.72,38327.52,0.05,1916.38,40243.9,Partially Paid,,Arjun Sharma,2026-01-01 11:25:52
2026-01-25,Pillai Trading Co,V0026,PO10609,INV020609,ITM009,Consulting Services,3,1511.34,4534.02,0.28,1269.53,5803.55,Partially Paid,,Kiran Verma,2026-01-25 17:45:52
2025-07-02,Singh Pvt Ltd,V0049,PO10610,INV020610,ITM013,Raw Chemicals,43,904.05,38874.15,0.12,4664.9,43539.05,Paid,2025-08-07,Leela Shah,2025-07-02 18:44:11
2025-07-15,Kumar Associates,V0052,PO10611,INV020611,ITM006,Diesel Fuel,21,76.64,1609.44,0.05,80.47,1689.91,Partially Paid,,Siddharth Iyer,2025-07-15 19:10:05
2025-06-27,Singh Enterprises,V0006,PO10612,INV020170,ITM002,Cement Bags,24,379.68,9112.32,0.18,1640.22,10752.54,Pending,,Arjun Sharma,2025-06-27 15:42:00
2026-03-22,Nair Traders,V0058,PO10613,INV020613,ITM013,Raw Chemicals,43,790.64,33997.52,0.18,6119.55,40117.07,Pending,,Manoj Desai,2026-03-22 14:33:58
2025-06-12,Joshi Distributors ,V0045,PO10614,INV020614,ITM002,Cement Bags,16,260.7,4171.2,0.05,208.56,4379.76,Paid,2025-06-21,Manoj Desai,2025-06-12 13:54:53
2025-08-09,Mittal Enterprises,V0023,PO10615,INV020615,ITM005,Printing Paper,187,262.23,49037.01,0.12,5884.44,54921.45,Paid,2025-09-04,Leela Shah,2025-08-09 13:24:41
2025-05-07,Sharma Distributors,V0017,PO10616,INV020455,ITM011,Cleaning Supplies,10,456.46,4564.6,0.28,1278.09,5842.69,Partially Paid,,Vivek Malhotra,2025-05-07 19:46:17
2025-09-09,Malhotra Pvt Ltd,V0037,PO10617,INV020617,ITM011,Cleaning Supplies,27,507.88,13712.76,0.12,1645.53,15358.29,Paid,2025-10-18,Manoj Desai,2025-09-09 21:27:24
2026-01-06,Pillai Trading Co,V0005,PO10618,INV020618,ITM005,Printing Paper,137,211.0,28907.0,0.05,1445.35,30352.35,Partially Paid,,Kiran Verma,2026-01-06 15:04:21
2025-07-25,Bansal Suppliers,V0059,PO10619,INV020619,ITM006,Diesel Fuel,52,158.53,8243.56,0.18,1483.84,9727.4,Pending,,Manoj Desai,2025-07-25 13:00:06
2025-09-04,Shah Industries,V0025,PO10620,INV020620,ITM002,Cement Bags,12,323.39,3880.68,0.05,194.03,4074.71,Pending,,Kiran Verma,2025-09-04 18:52:51
2026-03-14,Mittal Enterprises,V0023,PO10621,INV020621,ITM012,Security Services,1,18773.76,18773.76,0.18,3379.28,22153.04,Partially Paid,,Harish Kumar,2026-03-14 21:34:35
2025-12-19,Iyer Industries,V0031,PO10622,INV020622,ITM010,Software License,2,20094.97,40189.94,0.12,4822.79,45012.73,Paid,2025-12-29,Harish Kumar,2025-12-19 20:09:42
2026-02-22,Malhotra Pvt Ltd,V0037,PO10623,INV020623,ITM012,Security Services,1,21012.78,21012.78,0.18,3782.3,24795.08,Paid,2026-04-07,Harish Kumar,2026-02-22 14:45:49
2025-11-26,Patel Pvt Ltd,V0046,PO10624,INV020624,ITM008,Spare Parts,15,1433.4,21501.0,0.12,2580.12,24081.12,Pending,,Manoj Desai,2025-11-26 17:18:17
2025-09-08,Singh Solutions,V0020,PO10625,INV020625,ITM011,Cleaning Supplies,20,433.17,8663.4,0.05,433.17,9096.57,Paid,2025-10-25,Manoj Desai,2025-09-08 10:40:05
2026-01-09,Singh Traders,V0011,PO10626,INV020115,ITM010,Software License,1,27434.09,27434.09,0.05,1371.7,28805.79,Pending,,Anjali Rao,2026-01-09 16:51:55
2025-07-07,Iyer Industries,V0031,PO10627,INV020627,ITM008,Spare Parts,13,966.67,12566.71,0.05,628.34,13195.05,Pending,,Vivek Malhotra,2025-07-07 20:00:45
2026-03-12,Shah Solutions,V0016,PO10628,INV020628,ITM012,Security Services,1,21345.46,21345.46,0.05,1067.27,22412.73,Paid,2026-03-24,Kiran Verma,2026-03-12 21:33:57
2025-04-27,Joshi Co,V0024,PO10629,INV020629,ITM014,Transport Charges,9,2070.9,18638.1,0.12,2236.57,20874.67,Paid,2025-05-21,Kiran Verma,2025-04-27 15:31:24
2025-05-31,Patel Co,V0022,PO10630,INV020630,ITM015,Stationery Items,70,399.11,27937.7,0.12,3352.52,31290.22,Pending,,Siddharth Iyer,2025-05-31 13:19:30
2026-02-24,Shah Industries,V0014,PO10631,INV020631,ITM001,Steel Rods,28,52.62,1473.36,0.28,412.54,1885.9,Paid,2026-04-25,Leela Shah,2026-02-24 17:52:57
2025-08-31,Rao Suppliers ,V0055,PO10632,INV020632,ITM008,Spare Parts,12,962.83,11553.96,0.05,577.7,12131.66,Pending,,Anjali Rao,2025-08-31 14:06:00
2025-07-11,Pillai Trading Co,V0026,PO10633,INV020633,ITM006,Diesel Fuel,52,87.51,4550.52,0.05,227.53,4778.05,Paid,2025-08-07,Kiran Verma,2025-07-11 10:33:32
2025-08-07,Bansal Suppliers,V0059,PO10634,INV020634,ITM008,Spare Parts,5,1329.33,6646.65,0.05,332.33,6978.98,Pending,,Siddharth Iyer,2025-08-07 12:30:25
2025-05-26,Joshi Co,V0024,PO10635,INV020635,ITM007,Packaging Material,69,202.43,13967.67,0.12,1676.12,15643.79,Pending,,Anjali Rao,2025-05-26 16:42:53
2026-03-30,Kumar Solutions,V0009,PO10636,INV020636,ITM006,Diesel Fuel,3,84.93,254.79,0.28,71.34,326.13,Pending,,Arjun Sharma,2026-03-30 12:07:12
2026-03-08,Pillai Trading Co,V0026,PO10637,INV020637,ITM007,Packaging Material,5,2000.0,10000.0,0.18,1800.0,11800.0,Pending,,Kiran Verma,2026-03-08 12:30:42
2025-06-05,Bansal Suppliers,V0032,PO10638,INV020638,ITM009,Consulting Services,26,1609.04,41835.04,0.28,11713.81,53548.85,Pending,,Harish Kumar,2025-06-05 05:48:48
2025-09-24,Kumar Solutions,V0009,PO10639,INV020639,ITM002,Cement Bags,2,272.14,544.28,0.05,27.21,571.49,Partially Paid,,Manoj Desai,2025-09-24 17:00:49
2025-04-05,Bansal Distributors,V0004,PO10640,INV020640,ITM011,Cleaning Supplies,28,535.76,15001.28,0.18,2700.23,17701.51,Pending,,Leela Shah,2025-04-05 15:30:18
2025-12-18,Singh Enterprises,V0006,PO10641,INV020641,ITM013,Raw Chemicals,16,816.7,13067.2,0.28,3658.82,16726.02,Paid,2026-02-12,Siddharth Iyer,2025-12-18 11:15:17
2025-05-23,Joshi Distributors ,V0045,PO10642,INV020642,ITM004,Laptop Computer,2,54425.64,108851.28,0.28,30478.36,139329.64,Partially Paid,,Anjali Rao,2025-05-23 20:46:32
2025-10-23,Desai Associates,V0013,PO10643,INV020643,ITM014,Transport Charges,4,1866.01,7464.04,0.12,895.68,8359.72,Paid,2025-11-20,Arjun Sharma,2025-10-23 09:17:12
2025-12-25,Iyer Distributors,V0040,PO10644,INV020644,ITM004,Laptop Computer,1,52367.76,52367.76,0.05,2618.39,54986.15,Paid,2026-01-09,Vivek Malhotra,2025-12-25 13:44:40
2025-04-27,Singh Distributors,V0028,PO10645,INV020645,ITM008,Spare Parts,17,1164.99,19804.83,0.05,990.24,20795.07,Pending,,Siddharth Iyer,2025-04-27 13:07:17
2025-04-25,Mittal Enterprises,V0023,PO10646,INV020646,ITM012,Security Services,1,16702.85,16702.85,0.28,4676.8,21379.65,Paid,2025-06-07,Vivek Malhotra,2025-04-25 11:02:00
2025-05-22,Shah Industries,V0014,PO10647,INV020647,ITM005,Printing Paper,72,290.85,20941.2,0.28,5863.54,26804.74,Pending,,Vivek Malhotra,2025-05-22 15:11:16
2026-03-16,Patel Co,V0022,PO10648,INV020648,ITM005,Printing Paper,25,266.89,6672.25,0.05,333.61,7005.86,Paid,2026-04-07,Vivek Malhotra,2026-03-16 17:49:55
2025-12-27,Kapoor Enterprises,V0048,PO10649,INV020649,ITM013,Raw Chemicals,48,866.99,41615.52,0.18,7490.79,49106.31,Partially Paid,,Siddharth Iyer,2025-12-27 18:23:15
2025-06-06,Shah Industries,V0014,PO10650,INV020650,ITM010,Software License,1,28871.94,28871.94,0.28,8084.14,36956.08,Paid,2025-06-09,Manoj Desai,2025-06-06 19:47:38
2026-01-05,Desai Associates,V0013,PO10651,INV020651,ITM012,Security Services,1,14939.13,14939.13,0.28,4182.96,19122.09,Partially Paid,,Leela Shah,2026-01-05 18:21:19
2025-11-01,Singh Pvt Ltd,V0049,PO10652,INV020652,ITM004,Laptop Computer,1,46812.3,46812.3,0.12,5617.48,52429.78,Partially Paid,,Vivek Malhotra,2025-11-01 17:45:16
2025-11-10,Nair Traders,V0058,PO10653,INV020653,ITM006,Diesel Fuel,323,97.82,31595.86,0.28,8846.84,40442.7,Partially Paid,,Arjun Sharma,2025-11-10 10:30:26
2025-08-27,Singh Traders,V0011,PO10654,INV020654,ITM010,Software License,3,29674.87,89024.61,0.18,16024.43,105049.04,Partially Paid,,Manoj Desai,2025-08-27 09:36:03
2025-12-19,Patel Distributors Ltd,V0053,PO10655,INV020655,ITM007,Packaging Material,88,182.34,16045.92,0.28,4492.86,20538.78,Partially Paid,,Harish Kumar,2025-12-19 10:10:28
2025-07-15,Shah Associates,V0036,PO10656,INV020656,ITM013,Raw Chemicals,26,813.45,21149.7,0.28,5921.92,27071.62,Partially Paid,,Manoj Desai,2025-07-15 11:00:10
2025-12-25,Kapoor Industries,V0038,PO10657,INV020657,ITM012,Security Services,1,18027.49,18027.49,0.05,901.37,18928.86,Paid,2026-01-13,Siddharth Iyer,2025-12-25 13:19:54
2026-02-22,Shah Enterprises,V0008,PO10658,INV020658,ITM003,Office Chairs,1,3546.99,3546.99,0.12,425.64,3972.63,Paid,2026-03-12,Arjun Sharma,2026-02-22 11:56:17
2026-02-27,Verma Industries,V0042,PO10659,INV020659,ITM004,Laptop Computer,5,46556.07,232780.35,0.12,27933.64,260713.99,Pending,,Vivek Malhotra,2026-02-27 14:40:38
2026-02-08,Singh Enterprises,V0006,PO10660,INV020660,ITM012,Security Services,1,17340.07,17340.07,0.18,3121.21,20461.28,Partially Paid,,Arjun Sharma,2026-02-08 13:20:03
2025-06-30,Patel Distributors,V0053,PO10661,INV020661,ITM006,Diesel Fuel,375,106.75,40031.25,0.12,4803.75,44835.0,Partially Paid,,Kiran Verma,2025-06-30 13:01:34
2026-02-19,Mehta Co,V0047,PO10662,INV020662,ITM012,Security Services,1,20664.19,20664.19,0.28,5785.97,26450.16,Pending,,Manoj Desai,2026-02-19 18:35:13
2025-10-20,Desai Suppliers,V0021,PO10663,INV020663,ITM005,Printing Paper,149,262.98,39184.02,0.12,4702.08,43886.1,Partially Paid,,Harish Kumar,2025-10-20 11:28:14
2025-11-22,Joshi Co,V0024,PO10664,INV020664,ITM003,Office Chairs,2,3494.35,6988.7,0.28,1956.84,8945.54,Paid,2025-12-05,Leela Shah,2025-11-22 11:52:55
2025-06-30,Mehta Co,V0047,PO10665,INV020665,ITM003,Office Chairs,1,3234.22,3234.22,0.18,582.16,3816.38,Paid,2025-07-05,Anjali Rao,2025-06-30 15:43:38
2025-12-26,Singh Distributors,V0028,PO10666,INV020115,ITM004,Laptop Computer,4,46205.14,184820.56,0.28,51749.76,236570.32,Partially Paid,,Kiran Verma,2025-12-26 11:46:48
2026-02-24,Shah Industries,V0025,PO10667,INV020667,ITM007,Packaging Material,15,203.51,3052.65,0.05,152.63,3205.28,Paid,2026-03-14,Anjali Rao,2026-02-24 09:08:15
2025-09-21,Joshi Solutions Ltd,V0039,PO10668,INV020668,ITM001,Steel Rods,102,37.91,3866.82,0.05,193.34,4060.16,Paid,2025-10-22,Leela Shah,2025-09-21 20:05:12
2025-08-03,Patel Distributors,V0053,PO10669,INV020669,ITM003,Office Chairs,6,3470.47,20822.82,0.18,3748.11,24570.93,Pending,,Kiran Verma,2025-08-03 09:34:44
2025-05-23,Rao Pvt Ltd,V0002,PO10670,INV020670,ITM014,Transport Charges,2,2239.29,4478.58,0.05,223.93,4702.51,Pending,,Anjali Rao,2025-05-23 17:56:53
2025-10-15,Mehta Distributors,V0001,PO10671,INV020671,ITM015,Stationery Items,4,311.73,1246.92,0.12,149.63,1396.55,Pending,,Manoj Desai,2025-10-15 11:22:41
2025-05-27,Bansal Suppliers,V0059,PO10672,INV020672,ITM015,Stationery Items,15,348.85,5232.75,0.28,1465.17,6697.92,Pending,,Kiran Verma,2025-05-27 12:06:18
2025-05-14,Iyer Distributors,V0040,PO10673,INV020673,ITM006,Diesel Fuel,185,105.24,19469.4,0.05,973.47,20442.87,Paid,2025-06-11,Vivek Malhotra,2025-05-14 09:38:09
2026-03-18,Joshi Solutions ,V0039,PO10674,INV020674,ITM003,Office Chairs,3,4050.36,12151.08,0.28,3402.3,15553.38,Pending,,Vivek Malhotra,2026-03-18 13:39:52
2025-08-14,Joshi Trading Co,V0057,PO10675,INV020675,ITM002,Cement Bags,32,340.7,10902.4,0.18,1962.43,12864.83,Paid,2025-10-04,Arjun Sharma,2025-08-14 21:58:45
2025-10-17,Patel Suppliers,V0056,PO10676,INV020676,ITM015,Stationery Items,19,324.84,6171.96,0.12,740.64,6912.6,Pending,,Kiran Verma,2025-10-17 16:46:50
2025-05-17,Shah Enterprises,V0008,PO10677,INV020677,ITM010,Software License,3,22784.76,68354.28,0.28,19139.2,87493.48,Pending,,Vivek Malhotra,2025-05-17 14:08:11
2025-10-29,Desai Suppliers,V0021,PO10678,INV020678,ITM008,Spare Parts,16,1292.84,20685.44,0.28,5791.92,26477.36,Pending,,Anjali Rao,2025-10-29 18:50:40
2026-01-01,Bansal Suppliers Ltd,V0059,PO10679,INV020679,ITM004,Laptop Computer,4,56085.46,224341.84,0.28,62815.72,287157.56,Partially Paid,,Manoj Desai,2026-01-01 17:31:34
2026-03-22,Shah Industries,V0025,PO10680,INV020680,ITM002,Cement Bags,34,329.97,11218.98,0.28,3141.31,14360.29,Partially Paid,,Kiran Verma,2026-03-22 21:47:14
2025-04-09,Shah Solutions,V0016,PO10681,INV020681,ITM006,Diesel Fuel,105,107.78,11316.9,0.05,565.85,11882.75,Paid,2025-06-07,Kiran Verma,2025-04-09 14:35:30
2025-06-11,Bansal Distributors,V0004,PO10682,INV020682,ITM015,Stationery Items,47,398.83,18745.01,0.18,3374.1,22119.11,Partially Paid,,Harish Kumar,2025-06-11 13:29:09
2025-05-31,Shah Solutions,V0016,PO10683,INV020683,ITM004,Laptop Computer,1,60433.9,60433.9,0.12,7252.07,67685.97,Pending,,Arjun Sharma,2025-05-31 20:45:09
2026-03-06,Joshi Distributors ,V0045,PO10684,INV020684,ITM007,Packaging Material,7,194.5,1361.5,0.18,245.07,1606.57,Partially Paid,,Anjali Rao,2026-03-06 18:04:30
2025-05-10,Rao Pvt Ltd,V0002,PO10685,INV020685,ITM003,Office Chairs,3,2910.59,8731.77,0.18,1571.72,10303.49,Pending,,Anjali Rao,2025-05-10 09:36:53
2026-03-24,Singh Pvt Ltd,V0049,PO10686,INV020686,ITM003,Office Chairs,3,3847.35,11542.05,0.28,3231.77,14773.82,Partially Paid,,Vivek Malhotra,2026-03-24 13:30:26
2025-05-01,Patel Co,V0029,PO10687,INV020687,ITM013,Raw Chemicals,19,658.72,12515.68,0.05,625.78,13141.46,Paid,2025-06-03,Anjali Rao,2025-05-01 19:02:38
2025-11-19,Pillai Trading Co,V0026,PO10688,INV020191,ITM014,Transport Charges,11,2594.45,28538.95,0.28,7990.91,36529.86,Partially Paid,,Siddharth Iyer,2025-11-19 17:45:53
2025-12-24,Bansal Co Ltd,V0015,PO10689,INV020689,ITM007,Packaging Material,35,214.06,7492.1,0.12,899.05,8391.15,Paid,2026-01-19,Arjun Sharma,2025-12-24 15:08:47
2026-02-04,Bansal Co,V0015,PO10690,INV020690,ITM007,Packaging Material,96,214.27,20569.92,0.12,2468.39,23038.31,Pending,,Leela Shah,2026-02-04 10:52:44
2025-10-08,Desai Suppliers,V0021,PO10691,INV020691,ITM011,Cleaning Supplies,25,389.67,9741.75,0.28,2727.69,12469.44,Pending,,Kiran Verma,2025-10-08 19:27:12
2025-06-23,Pillai Trading Co,V0005,PO10692,INV020455,ITM006,Diesel Fuel,15,80.62,1209.3,0.18,217.67,1426.97,Partially Paid,,Arjun Sharma,2025-06-23 17:06:04
2026-02-21,Singh Pvt Ltd,V0049,PO10693,INV020693,ITM015,Stationery Items,25,357.24,8931.0,0.18,1607.58,10538.58,Paid,2026-03-30,Arjun Sharma,2026-02-21 09:15:17
2025-05-18,Malhotra Pvt Ltd,V0037,PO10694,INV020694,ITM013,Raw Chemicals,3,638.99,1916.97,0.28,536.75,2453.72,Pending,,Harish Kumar,2025-05-18 13:00:22
2025-06-06,Desai Traders,V0033,PO10695,INV020695,ITM004,Laptop Computer,4,59965.14,239860.56,0.18,43174.9,283035.46,Pending,,Harish Kumar,2025-06-06 20:43:06
2025-10-13,Nair Traders,V0058,PO10696,INV020696,ITM012,Security Services,1,14570.53,14570.53,0.05,728.53,15299.06,Paid,2025-11-01,Anjali Rao,2025-10-13 16:37:55
2025-05-18,Verma Distributors,V0010,PO10697,INV020697,ITM011,Cleaning Supplies,6,519.34,3116.04,0.28,872.49,3988.53,Paid,2025-07-09,Anjali Rao,2025-05-18 20:14:56
2025-06-07,Gupta Associates ,V0050,PO10698,INV020698,ITM012,Security Services,1,17621.86,17621.86,0.12,2114.62,19736.48,Partially Paid,,Harish Kumar,2025-06-07 14:18:23
2026-02-07,Rao Trading Co,V0003,PO10699,INV020699,ITM015,Stationery Items,31,309.23,9586.13,0.28,2684.12,12270.25,Partially Paid,,Leela Shah,2026-02-07 18:04:09
2025-09-06,Desai Associates,V0007,PO10700,INV020700,ITM013,Raw Chemicals,10,863.09,8630.9,0.05,431.55,9062.45,Paid,2025-10-08,Kiran Verma,2025-09-06 17:55:51
2025-05-05,Verma Co,V0030,PO10701,INV020701,ITM006,Diesel Fuel,479,82.64,39584.56,0.12,4750.15,44334.71,Pending,,Kiran Verma,2025-05-05 13:36:23
2025-08-10,Pillai Trading Co,V0005,PO10702,INV020702,ITM003,Office Chairs,5,4180.6,20903.0,0.28,5852.84,26755.84,Partially Paid,,Anjali Rao,2025-08-10 21:56:28
2025-10-23,Malhotra Pvt Ltd,V0037,PO10703,INV020216,ITM008,Spare Parts,12,1372.32,16467.84,0.05,823.39,17291.23,Pending,,Vivek Malhotra,2025-10-23 15:54:39
2025-10-29,Desai Traders,V0033,PO10704,INV020704,ITM014,Transport Charges,6,1833.47,11000.82,0.18,1980.15,12980.97,Partially Paid,,Arjun Sharma,2025-10-29 17:28:16
2025-05-24,Verma Industries,V0042,PO10705,INV020705,ITM001,Steel Rods,90,50.78,4570.2,0.12,548.42,5118.62,Partially Paid,,Harish Kumar,2025-05-24 13:24:10
2025-11-25,Bansal Co,V0015,PO10706,INV020061,ITM007,Packaging Material,86,150.73,12962.78,0.28,3629.58,16592.36,Paid,2025-12-01,Anjali Rao,2025-11-25 16:41:34
2025-10-23,Mehta Co,V0047,PO10707,INV020707,ITM002,Cement Bags,50,311.44,15572.0,0.28,4360.16,19932.16,Pending,,Leela Shah,2025-10-23 14:04:20
2025-04-20,Shah Industries,V0014,PO10708,INV020708,ITM012,Security Services,1,16404.3,16404.3,0.28,4593.2,20997.5,Paid,2025-05-31,Manoj Desai,2025-04-20 17:09:30
2025-05-02,Desai Suppliers,V0021,PO10709,INV020709,ITM010,Software License,3,27742.06,83226.18,0.05,4161.31,87387.49,Pending,,Leela Shah,2025-05-02 21:23:50
2026-03-17,Shah Industries,V0014,PO10710,INV020710,ITM001,Steel Rods,112,36.41,4077.92,0.12,489.35,4567.27,Partially Paid,,Anjali Rao,2026-03-17 15:17:16
2025-08-31,Singh Enterprises,V0006,PO10711,INV020711,ITM003,Office Chairs,5,3367.1,16835.5,0.05,841.78,17677.28,Pending,,Manoj Desai,2025-08-31 20:28:55
2025-05-18,Kapoor Solutions,V0043,PO10712,INV020712,ITM015,Stationery Items,24,396.28,9510.72,0.18,1711.93,11222.65,Pending,,Anjali Rao,2025-05-18 15:21:48
2026-03-19,Desai Associates,V0013,PO10713,INV020713,ITM006,Diesel Fuel,247,89.12,22012.64,0.28,6163.54,28176.18,Pending,,Vivek Malhotra,2026-03-19 21:10:44
2026-01-31,Bansal Suppliers,V0059,PO10714,INV020714,ITM012,Security Services,1,18438.54,18438.54,0.28,5162.79,23601.33,Partially Paid,,Anjali Rao,2026-01-31 12:04:46
2025-06-15,Kapoor Solutions,V0043,PO10715,INV020715,ITM014,Transport Charges,59,105.67,6234.53,0.18,1122.22,7356.75,Paid,2025-08-05,Harish Kumar,2025-06-15 16:55:20
2025-06-04,Sharma Distributors,V0017,PO10716,INV020716,ITM009,Consulting Services,15,1765.99,26489.85,0.05,1324.49,27814.34,Partially Paid,,Kiran Verma,2025-06-04 19:28:40
2025-06-25,Shah Industries,V0014,PO10717,INV020151,ITM012,Security Services,1,19414.41,19414.41,0.12,2329.73,21744.14,Paid,2025-07-08,Arjun Sharma,2025-06-25 18:24:13
2025-09-05,Joshi Co,V0024,PO10718,INV020718,ITM014,Transport Charges,1,2025.71,2025.71,0.18,364.63,2390.34,Paid,2025-10-20,Leela Shah,2025-09-05 17:52:55
2026-01-03,Verma Industries,V0042,PO10719,INV020719,ITM008,Spare Parts,14,1128.83,15803.62,0.28,4425.01,20228.63,Pending,,Kiran Verma,2026-01-03 15:33:48
2026-01-09,Joshi Co,V0060,PO10720,INV020720,ITM003,Office Chairs,7,3322.37,23256.59,0.28,6511.85,29768.44,Pending,,Harish Kumar,2026-01-09 18:10:34
2026-02-12,Kumar Traders,V0019,PO10721,INV020721,ITM014,Transport Charges,11,2009.26,22101.86,0.28,6188.52,28290.38,Paid,2026-02-18,Arjun Sharma,2026-02-12 10:05:51
2026-02-14,Iyer Distributors,V0040,PO10722,INV020722,ITM015,Stationery Items,14,349.5,4893.0,0.28,1370.04,6263.04,Pending,,Arjun Sharma,2026-02-14 17:06:40
2025-11-19,Kapoor Solutions,V0043,PO10723,INV020723,ITM005,Printing Paper,55,222.29,12225.95,0.28,3423.27,15649.22,Paid,2026-01-13,Leela Shah,2025-11-19 17:24:07
2026-02-25,Shah Enterprises,V0008,PO10724,INV020724,ITM006,Diesel Fuel,212,104.69,22194.28,0.28,6214.4,28408.68,Pending,,Arjun Sharma,2026-02-25 20:50:47
2026-03-04,Joshi Co,V0024,PO10725,INV020725,ITM013,Raw Chemicals,33,712.48,23511.84,0.12,2821.42,26333.26,Pending,,Manoj Desai,2026-03-04 13:19:53
2025-06-18,Mehta Distributors,V0001,PO10726,INV020726,ITM015,Stationery Items,5,282.17,1410.85,0.28,395.04,1805.89,Partially Paid,,Vivek Malhotra,2025-06-18 21:23:53
2025-10-18,Patel Co,V0022,PO10727,INV020727,ITM003,Office Chairs,4,3578.04,14312.16,0.28,4007.4,18319.56,Pending,,Arjun Sharma,2025-10-18 12:39:41
2025-12-21,Singh Distributors,V0028,PO10728,INV020728,ITM003,Office Chairs,3,3364.37,10093.11,0.28,2826.07,12919.18,Paid,2026-02-05,Anjali Rao,2025-12-21 11:27:14
2025-08-12,Desai Traders,V0033,PO10729,INV020729,ITM002,Cement Bags,49,336.3,16478.7,0.28,4614.04,21092.74,Paid,2025-08-18,Kiran Verma,2025-08-12 17:10:20
2025-06-18,Rao Pvt Ltd,V0002,PO10730,INV020730,ITM007,Packaging Material,81,199.44,16154.64,0.05,807.73,16962.37,Partially Paid,,Kiran Verma,2025-06-18 09:39:45
2025-11-19,Malhotra Pvt Ltd,V0037,PO10731,INV020731,ITM007,Packaging Material,96,196.86,18898.56,0.05,944.93,19843.49,Pending,,Anjali Rao,2025-11-19 19:40:49
2025-08-04,Shah Solutions,V0016,PO10732,INV020732,ITM011,Cleaning Supplies,20,394.89,7897.8,0.12,947.74,8845.54,Pending,,Siddharth Iyer,2025-08-04 20:49:51
2026-02-16,Kapoor Solutions,V0043,PO10733,INV020733,ITM001,Steel Rods,11,52.83,581.13,0.18,104.6,685.73,Paid,2026-02-24,Leela Shah,2026-02-16 09:40:37
2025-08-13,Joshi Co,V0060,PO10734,INV020734,ITM010,Software License,1,21418.35,21418.35,0.05,1070.92,22489.27,Pending,,Vivek Malhotra,2025-08-13 11:05:04
2025-05-08,Pillai Trading Co,V0026,PO10735,INV020735,ITM002,Cement Bags,2,10000.0,20000.0,0.28,5600.0,25600.0,Paid,2025-06-21,Harish Kumar,2025-05-08 16:40:04
2025-07-02,Shah Industries,V0025,PO10736,INV020736,ITM015,Stationery Items,58,393.2,22805.6,0.18,4105.01,26910.61,Paid,2025-08-14,Arjun Sharma,2025-07-02 13:00:57
2026-02-02,Shah Enterprises,V0008,PO10737,INV020737,ITM006,Diesel Fuel,248,107.82,26739.36,0.18,4813.08,31552.44,Partially Paid,,Siddharth Iyer,2026-02-02 17:00:10
2025-04-12,Joshi Co,V0060,PO10738,INV020738,ITM002,Cement Bags,39,259.78,10131.42,0.12,1215.77,11347.19,Paid,2025-04-26,Vivek Malhotra,2025-04-12 17:32:48
2025-05-13,Nair Traders,V0058,PO10739,INV020191,ITM004,Laptop Computer,3,47048.43,141145.29,0.05,7057.26,148202.55,Pending,,Leela Shah,2025-05-13 20:44:08
2025-08-29,Desai Associates,V0013,PO10740,INV020740,ITM002,Cement Bags,46,326.59,15023.14,0.18,2704.17,17727.31,Pending,,Harish Kumar,2025-08-29 16:47:51
2026-03-18,Desai Traders,V0033,PO10741,INV020741,ITM007,Packaging Material,33,156.45,5162.85,0.12,619.54,5782.39,Paid,2026-04-25,Siddharth Iyer,2026-03-18 20:17:25
2025-11-15,Singh Traders,V0011,PO10742,INV020742,ITM013,Raw Chemicals,47,776.2,36481.4,0.12,4377.77,40859.17,Pending,,Vivek Malhotra,2025-11-15 15:38:47
2025-09-28,Iyer Distributors,V0040,PO10743,INV020743,ITM002,Cement Bags,28,281.56,7883.68,0.28,2207.43,10091.11,Paid,2025-10-27,Anjali Rao,2025-09-28 14:57:40
2026-02-04,Joshi Trading Co,V0057,PO10744,INV020744,ITM001,Steel Rods,76,43.38,3296.88,0.18,593.44,3890.32,Pending,,Arjun Sharma,2026-02-04 19:33:22
2025-10-01,Shah Enterprises,V0008,PO10745,INV020745,ITM003,Office Chairs,7,3907.25,27350.75,0.18,4923.14,32273.89,Partially Paid,,Vivek Malhotra,2025-10-01 12:04:13
2026-03-19,Joshi Co,V0024,PO10746,INV020746,ITM003,Office Chairs,2,2813.49,5626.98,0.18,1012.86,6639.84,Paid,2026-04-18,Vivek Malhotra,2026-03-19 09:45:21
2025-07-18,Nair Traders,V0058,PO10747,INV020747,ITM004,Laptop Computer,4,50239.51,200958.04,0.05,10047.9,211005.94,Partially Paid,,Siddharth Iyer,2025-07-18 17:13:06
2025-11-02,Patel Pvt Ltd,V0046,PO10748,INV020748,ITM010,Software License,3,28926.64,86779.92,0.05,4339.0,91118.92,Pending,,Vivek Malhotra,2025-11-02 19:48:27
2025-08-19,Desai Associates,V0013,PO10749,INV020749,ITM004,Laptop Computer,4,54970.32,219881.28,0.05,10994.06,230875.34,Pending,,Anjali Rao,2025-08-19 15:07:07
2025-08-24,Joshi Solutions ,V0039,PO10750,INV020750,ITM006,Diesel Fuel,122,92.75,11315.5,0.28,3168.34,14483.84,Partially Paid,,Arjun Sharma,2025-08-24 09:41:50
2025-10-24,Bansal Suppliers,V0059,PO10751,INV020751,ITM008,Spare Parts,5,1363.99,6819.95,0.18,1227.59,8047.54,Partially Paid,,Arjun Sharma,2025-10-24 09:57:34
2025-10-30,Patel Co,V0022,PO10752,INV020752,ITM011,Cleaning Supplies,5,444.58,2222.9,0.05,111.15,2334.05,Pending,,Vivek Malhotra,2025-10-30 20:19:17
2025-10-19,Pillai Trading Co,V0026,PO10753,INV020753,ITM002,Cement Bags,32,334.38,10700.16,0.18,1926.03,12626.19,Pending,,Kiran Verma,2025-10-19 13:44:29
2025-04-06,Kumar Suppliers,V0054,PO10754,INV020754,ITM006,Diesel Fuel,15,80.06,1200.9,0.05,60.05,1260.95,Partially Paid,,Harish Kumar,2025-04-06 11:06:20
2026-01-01,Singh Traders,V0011,PO10755,INV020755,ITM002,Cement Bags,47,5000.0,235000.0,0.12,28200.0,263200.0,Paid,2026-01-18,Arjun Sharma,2026-01-01 09:59:44
2026-03-19,Shah Enterprises,V0008,PO10756,INV020756,ITM001,Steel Rods,10,40.75,407.5,0.18,73.35,480.85,Pending,,Siddharth Iyer,2026-03-19 18:50:51
2025-06-04,Singh Traders Ltd,V0011,PO10757,INV020757,ITM015,Stationery Items,75,344.5,25837.5,0.12,3100.5,28938.0,Partially Paid,,Harish Kumar,2025-06-04 14:55:09
2026-01-21,Mehta Private Limited ,V0041,PO10758,INV020758,ITM008,Spare Parts,17,1213.24,20625.08,0.05,1031.25,21656.33,Pending,,Vivek Malhotra,2026-01-21 16:42:31
2025-08-30,Gupta Associates ,V0050,PO10759,INV020759,ITM012,Security Services,1,15060.96,15060.96,0.28,4217.07,19278.03,Partially Paid,,Manoj Desai,2025-08-30 20:05:22
2025-12-10,Verma Industries Ltd,V0042,PO10760,INV020760,ITM012,Security Services,1,14941.04,14941.04,0.12,1792.92,16733.96,Partially Paid,,Manoj Desai,2025-12-10 09:13:00
2025-09-22,Verma Co,V0030,PO10761,INV020761,ITM014,Transport Charges,4,2189.13,8756.52,0.28,2451.83,11208.35,Partially Paid,,Vivek Malhotra,2025-09-22 12:52:37
2025-12-15,Singh Pvt Ltd,V0049,PO10762,INV020762,ITM005,Printing Paper,168,215.4,36187.2,0.28,10132.42,46319.62,Paid,2026-02-12,Vivek Malhotra,2025-12-15 10:58:08
2025-05-06,Patel Co,V0029,PO10763,INV020763,ITM014,Transport Charges,13,2112.18,27458.34,0.12,3295.0,30753.34,Partially Paid,,Siddharth Iyer,2025-05-06 04:27:10
2025-05-25,Patel Suppliers,V0056,PO10764,INV020764,ITM010,Software License,1,24609.54,24609.54,0.05,1230.48,25840.02,Paid,2025-07-22,Leela Shah,2025-05-25 20:07:15
2025-11-18,Mittal Solutions,V0012,PO10765,INV020765,ITM005,Printing Paper,122,266.19,32475.18,0.05,1623.76,34098.94,Partially Paid,,Kiran Verma,2025-11-18 14:16:07
2025-12-17,Singh Distributors,V0028,PO10766,INV020766,ITM004,Laptop Computer,28,258.77,7245.56,0.12,869.47,8115.03,Pending,,Vivek Malhotra,2025-12-17 14:03:28
2025-07-06,Bansal Distributors,V0004,PO10767,INV020191,ITM011,Cleaning Supplies,28,394.91,11057.48,0.28,3096.09,14153.57,Partially Paid,,Leela Shah,2025-07-06 15:11:38
2025-08-06,Mittal Distributors,V0034,PO10768,INV020768,ITM007,Packaging Material,88,147.59,12987.92,0.05,649.4,13637.32,Paid,2025-10-03,Arjun Sharma,2025-08-06 10:14:07
2025-08-20,Malhotra Pvt Ltd,V0037,PO10769,INV020769,ITM005,Printing Paper,17,253.21,4304.57,0.12,516.55,4821.12,Partially Paid,,Harish Kumar,2025-08-20 12:56:39
2026-03-21,Pillai Trading Co,V0026,PO10770,INV020770,ITM007,Packaging Material,29,196.84,5708.36,0.05,285.42,5993.78,Paid,2026-05-11,Manoj Desai,2026-03-21 13:31:13
2025-04-02,Mittal Enterprises,V0023,PO10771,INV020771,ITM011,Cleaning Supplies,39,411.84,16061.76,0.18,2891.12,18952.88,Partially Paid,,Leela Shah,2025-04-02 10:11:32
2025-05-06,Singh Solutions Ltd,V0020,PO10772,INV020772,ITM014,Transport Charges,3,2037.3,6111.9,0.12,733.43,6845.33,Pending,,Anjali Rao,2025-05-06 11:11:21
2025-06-30,Mehta Distributors,V0001,PO10773,INV020773,ITM011,Cleaning Supplies,28,420.13,11763.64,0.28,3293.82,15057.46,Paid,2025-08-13,Arjun Sharma,2025-06-30 13:56:04
2025-08-05,Joshi Solutions ,V0039,PO10774,INV020774,ITM006,Diesel Fuel,299,72.04,21539.96,0.28,6031.19,27571.15,Paid,2025-09-11,Siddharth Iyer,2025-08-05 16:07:02
2025-05-22,Kumar Suppliers,V0054,PO10775,INV020775,ITM004,Laptop Computer,2,61055.64,122111.28,0.12,14653.35,136764.63,Pending,,Leela Shah,2025-05-22 13:51:47
2025-08-08,Bansal Suppliers,V0032,PO10776,INV020776,ITM012,Security Services,1,19176.54,19176.54,0.18,3451.78,22628.32,Pending,,Siddharth Iyer,2025-08-08 14:29:00
2025-12-22,Patel Pvt Ltd,V0046,PO10777,INV020777,ITM006,Diesel Fuel,58,81.72,4739.76,0.28,1327.13,6066.89,Paid,2026-01-18,Manoj Desai,2025-12-22 20:40:01
2026-01-21,Kapoor Solutions,V0043,PO10778,INV020778,ITM003,Office Chairs,8,2843.27,22746.16,0.18,4094.31,26840.47,Pending,,Manoj Desai,2026-01-21 20:44:27
2025-08-19,Kapoor Enterprises,V0048,PO10779,INV020779,ITM002,Cement Bags,25,337.76,8444.0,0.12,1013.28,9457.28,Pending,,Anjali Rao,2025-08-19 19:43:34
2025-10-31,Sharma Distributors,V0017,PO10780,INV020780,ITM015,Stationery Items,43,334.74,14393.82,0.18,2590.89,16984.71,Paid,2025-12-08,Vivek Malhotra,2025-10-31 13:19:12
2026-01-16,Kumar Suppliers,V0054,PO10781,INV020781,ITM010,Software License,2,27953.33,55906.66,0.05,2795.33,58701.99,Pending,,Kiran Verma,2026-01-16 21:50:22
2025-12-24,Bansal Suppliers,V0032,PO10782,INV020404,ITM015,Stationery Items,60,375.33,22519.8,0.12,2702.38,25222.18,Pending,,Leela Shah,2025-12-24 13:39:35
2025-07-21,Kumar Traders,V0019,PO10783,INV020783,ITM002,Cement Bags,1,314.09,314.09,0.18,56.54,370.63,Paid,2025-07-25,Leela Shah,2025-07-21 13:52:37
2025-04-01,Singh Solutions,V0020,PO10784,INV020784,ITM001,Steel Rods,46,47.88,2202.48,0.28,616.69,2819.17,Pending,,Siddharth Iyer,2025-04-01 09:16:08
2025-11-08,Kapoor Solutions,V0043,PO10785,INV020785,ITM013,Raw Chemicals,6,846.52,5079.12,0.12,609.49,5688.61,Pending,,Manoj Desai,2025-11-08 18:58:05
2026-02-21,Rao Trading Co,V0003,PO10786,INV020786,ITM008,Spare Parts,8,1349.62,10796.96,0.18,1943.45,12740.41,Paid,2026-04-20,Siddharth Iyer,2026-02-21 15:27:25
2026-03-14,Bansal Suppliers,V0059,PO10787,INV020787,ITM005,Printing Paper,45,256.39,11537.55,0.18,2076.76,13614.31,Paid,2026-04-27,Manoj Desai,2026-03-14 14:51:37
2025-09-04,Sharma Distributors,V0017,PO10788,INV020788,ITM003,Office Chairs,9,3079.33,27713.97,0.28,7759.91,35473.88,Partially Paid,,Leela Shah,2025-09-04 10:19:36
2025-12-26,Rao Associates,V0035,PO10789,INV020789,ITM003,Office Chairs,7,2934.46,20541.22,0.28,5751.54,26292.76,Partially Paid,,Vivek Malhotra,2025-12-26 16:44:20
2025-10-28,Verma Co,V0030,PO10790,INV020790,ITM006,Diesel Fuel,239,87.14,20826.46,0.28,5831.41,26657.87,Partially Paid,,Arjun Sharma,2025-10-28 16:01:58
2025-09-02,Gupta Associates ,V0050,PO10791,INV020791,ITM007,Packaging Material,97,154.12,14949.64,0.05,747.48,15697.12,Partially Paid,,Vivek Malhotra,2025-09-02 21:15:37
2025-06-04,Iyer Distributors,V0040,PO10792,INV020792,ITM009,Consulting Services,2,10000.0,20000.0,0.18,3600.0,23600.0,Pending,,Leela Shah,2025-06-04 15:42:00
2025-05-25,Singh Enterprises,V0006,PO10793,INV020134,ITM001,Steel Rods,107,53.75,5751.25,0.18,1035.22,6786.47,Partially Paid,,Leela Shah,2025-05-25 14:38:06
2026-03-12,Patel Co Ltd,V0022,PO10794,INV020794,ITM014,Transport Charges,2,2411.62,4823.24,0.05,241.16,5064.4,Paid,2026-04-26,Manoj Desai,2026-03-12 17:47:45
2026-02-22,Verma Distributors,V0010,PO10795,INV020795,ITM009,Consulting Services,5,1334.13,6670.65,0.28,1867.78,8538.43,Pending,,Arjun Sharma,2026-02-22 11:19:40
2025-06-18,Iyer Distributors,V0040,PO10796,INV020796,ITM012,Security Services,1,14883.42,14883.42,0.12,1786.01,16669.43,Paid,2025-07-02,Kiran Verma,2025-06-18 01:33:06
2025-06-02,Iyer Industries,V0031,PO10797,INV020797,ITM001,Steel Rods,51,37.0,1887.0,0.28,528.36,2415.36,Paid,2025-07-25,Manoj Desai,2025-06-02 13:25:30
2025-11-11,Kumar Suppliers,V0054,PO10798,INV020798,ITM014,Transport Charges,14,2299.23,32189.22,0.18,5794.06,37983.28,Pending,,Anjali Rao,2025-11-11 19:39:07
2026-03-03,Mehta Private Limited ,V0041,PO10799,INV020799,ITM001,Steel Rods,19,50.73,963.87,0.12,115.66,1079.53,Partially Paid,,Manoj Desai,2026-03-03 12:10:32
2026-01-27,Iyer Industries,V0031,PO10800,INV020800,ITM008,Spare Parts,10,1280.42,12804.2,0.18,2304.76,15108.96,Pending,,Harish Kumar,2026-01-27 16:23:42
2025-11-04,Shah Industries,V0025,PO10801,INV020801,ITM012,Security Services,1,17401.65,17401.65,0.05,870.08,18271.73,Pending,,Kiran Verma,2025-11-04 11:01:18
2026-02-25,Malhotra Pvt Ltd,V0037,PO10802,INV020802,ITM007,Packaging Material,75,165.8,12435.0,0.05,621.75,13056.75,Partially Paid,,Leela Shah,2026-02-25 19:57:42
2025-11-21,Rao Trading Co,V0003,PO10803,INV020803,ITM015,Stationery Items,18,345.51,6219.18,0.18,1119.45,7338.63,Pending,,Manoj Desai,2025-11-21 13:00:10
2026-03-02,Mittal Enterprises,V0023,PO10804,INV020804,ITM015,Stationery Items,66,288.79,19060.14,0.28,5336.84,24396.98,Partially Paid,,Vivek Malhotra,2026-03-02 11:22:41
2026-03-04,Verma Co,V0030,PO10805,INV020805,ITM012,Security Services,1,20051.72,20051.72,0.12,2406.21,22457.93,Paid,2026-05-02,Leela Shah,2026-03-04 13:59:25
2025-12-16,Shah Industries,V0025,PO10806,INV020806,ITM008,Spare Parts,19,1300.08,24701.52,0.12,2964.18,27665.7,Pending,,Anjali Rao,2025-12-16 21:42:33
2025-10-24,Joshi Distributors ,V0045,PO10807,INV020807,ITM006,Diesel Fuel,300,94.23,28269.0,0.18,5088.42,33357.42,Partially Paid,,Anjali Rao,2025-10-24 10:02:01
2025-11-30,Bansal Co,V0015,PO10808,INV020808,ITM002,Cement Bags,32,375.58,12018.56,0.05,600.93,12619.49,Partially Paid,,Manoj Desai,2025-11-30 14:48:14
2025-11-02,Nair Traders,V0058,PO10809,INV020191,ITM015,Stationery Items,50,385.81,19290.5,0.12,2314.86,21605.36,Paid,2025-11-05,Kiran Verma,2025-11-02 10:03:39
2025-04-16,Patel Co,V0029,PO10810,INV020810,ITM013,Raw Chemicals,39,820.96,32017.44,0.18,5763.14,37780.58,Partially Paid,,Leela Shah,2025-04-16 11:20:06
2025-11-11,Kumar Solutions,V0009,PO10811,INV020811,ITM011,Cleaning Supplies,13,405.45,5270.85,0.12,632.5,5903.35,Partially Paid,,Anjali Rao,2025-11-11 04:14:12
2026-02-17,Singh Distributors,V0028,PO10812,INV020812,ITM014,Transport Charges,2,2272.25,4544.5,0.12,545.34,5089.84,Paid,2026-04-10,Anjali Rao,2026-02-17 19:06:13
2025-05-07,Joshi Co,V0024,PO10813,INV020028,ITM013,Raw Chemicals,37,794.53,29397.61,0.28,8231.33,37628.94,Pending,,Manoj Desai,2025-05-07 14:11:43
2025-09-30,Malhotra Pvt Ltd,V0037,PO10814,INV020814,ITM014,Transport Charges,9,5000.0,45000.0,0.28,12600.0,57600.0,Paid,2025-11-21,Kiran Verma,2025-09-30 18:57:35
2025-06-05,Singh Distributors,V0028,PO10815,INV020815,ITM011,Cleaning Supplies,5,462.45,2312.25,0.28,647.43,2959.68,Pending,,Manoj Desai,2025-06-05 04:06:07
2025-08-27,Bansal Distributors,V0004,PO10816,INV020816,ITM010,Software License,1,22240.21,22240.21,0.18,4003.24,26243.45,Pending,,Kiran Verma,2025-08-27 13:24:45
2026-01-20,Patel Suppliers,V0056,PO10817,INV020817,ITM014,Transport Charges,5,1825.8,9129.0,0.12,1095.48,10224.48,Partially Paid,,Siddharth Iyer,2026-01-20 12:54:33
2025-05-27,Pillai Trading Co,V0026,PO10818,INV020818,ITM010,Software License,3,26975.18,80925.54,0.05,4046.28,84971.82,Pending,,Arjun Sharma,2025-05-27 18:30:59
2025-05-01,Rao Trading Co,V0003,PO10819,INV020819,ITM006,Diesel Fuel,134,79.22,10615.48,0.28,2972.33,13587.81,Partially Paid,,Vivek Malhotra,2025-05-01 11:13:35
2026-01-14,Joshi Co,V0060,PO10820,INV020820,ITM013,Raw Chemicals,16,777.99,12447.84,0.05,622.39,13070.23,Paid,2026-02-06,Kiran Verma,2026-01-14 18:44:53
2025-06-06,Sharma Co,V0027,PO10821,INV020821,ITM010,Software License,3,24787.71,74363.13,0.05,3718.16,78081.29,Paid,2025-06-09,Leela Shah,2025-06-06 13:46:02
2025-07-26,Desai Traders,V0033,PO10822,INV020822,ITM004,Laptop Computer,4,54507.04,218028.16,0.18,39245.07,257273.23,Paid,2025-09-14,Manoj Desai,2025-07-26 09:59:03
2025-04-27,Joshi Solutions ,V0039,PO10823,INV020823,ITM014,Transport Charges,11,2361.56,25977.16,0.28,7273.6,33250.76,Partially Paid,,Anjali Rao,2025-04-27 15:49:24
2025-05-31,Singh Distributors,V0028,PO10824,INV020824,ITM012,Security Services,1,15232.2,15232.2,0.28,4265.02,19497.22,Pending,,Manoj Desai,2025-05-31 18:57:23
2026-01-27,Patel Co,V0022,PO10825,INV020825,ITM007,Packaging Material,31,160.71,4982.01,0.05,249.1,5231.11,Partially Paid,,Arjun Sharma,2026-01-27 09:14:26
2025-06-04,Patel Suppliers,V0056,PO10826,INV020382,ITM012,Security Services,1,14951.6,14951.6,0.12,1794.19,16745.79,Pending,,Vivek Malhotra,2025-06-04 16:11:18
2025-05-10,Verma Industries,V0042,PO10827,INV020827,ITM015,Stationery Items,38,298.16,11330.08,0.12,1359.61,12689.69,Paid,2025-06-11,Vivek Malhotra,2025-05-10 10:16:34
2025-08-28,Patel Co,V0029,PO10828,INV020828,ITM012,Security Services,1,25000.0,25000.0,0.18,4500.0,29500.0,Pending,,Vivek Malhotra,2025-08-28 19:15:33
2025-10-28,Rao Associates Ltd,V0035,PO10829,INV020829,ITM009,Consulting Services,2,1407.98,2815.96,0.05,140.8,2956.76,Pending,,Kiran Verma,2025-10-28 20:39:31
2026-01-09,Shah Industries,V0014,PO10830,INV020830,ITM015,Stationery Items,67,312.28,20922.76,0.12,2510.73,23433.49,Partially Paid,,Anjali Rao,2026-01-09 12:07:23
2025-04-11,Rao Trading Co,V0003,PO10831,INV020831,ITM004,Laptop Computer,4,64966.99,259867.96,0.28,72763.03,332630.99,Pending,,Siddharth Iyer,2025-04-11 16:53:02
2026-02-07,Kapoor Industries,V0038,PO10832,INV020832,ITM007,Packaging Material,11,148.3,1631.3,0.18,293.63,1924.93,Pending,,Harish Kumar,2026-02-07 15:31:01
2026-03-04,Patel Co,V0029,PO10833,INV020833,ITM001,Steel Rods,27,42.83,1156.41,0.12,138.77,1295.18,Partially Paid,,Siddharth Iyer,2026-03-04 15:34:03
2026-02-06,Rao Associates,V0035,PO10834,INV020191,ITM013,Raw Chemicals,60,632.11,37926.6,0.18,6826.79,44753.39,Partially Paid,,Manoj Desai,2026-02-06 21:57:21
2025-11-09,Singh Pvt Ltd,V0049,PO10835,INV020835,ITM001,Steel Rods,93,50.93,4736.49,0.18,852.57,5589.06,Partially Paid,,Arjun Sharma,2025-11-09 15:50:46
2025-08-26,Kumar Associates,V0052,PO10836,INV020836,ITM002,Cement Bags,47,375.36,17641.92,0.28,4939.74,22581.66,Partially Paid,,Siddharth Iyer,2025-08-26 17:29:27
2025-07-31,Singh Traders,V0011,PO10837,INV020837,ITM007,Packaging Material,96,215.47,20685.12,0.28,5791.83,26476.95,Pending,,Siddharth Iyer,2025-07-31 11:58:00
2025-04-20,Singh Enterprises,V0006,PO10838,INV020838,ITM004,Laptop Computer,3,56563.82,169691.46,0.18,30544.46,200235.92,Pending,,Siddharth Iyer,2025-04-20 18:17:23
2026-03-05,Kumar Associates Ltd,V0052,PO10839,INV020839,ITM013,Raw Chemicals,8,719.75,5758.0,0.05,287.9,6045.9,Paid,2026-04-03,Leela Shah,2026-03-05 14:53:16
2025-10-01,Rao Pvt Ltd,V0002,PO10840,INV020840,ITM008,Spare Parts,15,977.76,14666.4,0.05,733.32,15399.72,Partially Paid,,Manoj Desai,2025-10-01 16:40:54
2026-01-08,Sharma Co,V0027,PO10841,INV020841,ITM001,Steel Rods,36,52.15,1877.4,0.05,93.87,1971.27,Paid,2026-01-25,Siddharth Iyer,2026-01-08 14:04:28
2025-06-15,Patel Suppliers,V0056,PO10842,INV020842,ITM008,Spare Parts,12,190.97,2291.64,0.12,275.0,2566.64,Paid,2025-06-23,Arjun Sharma,2025-06-15 18:41:03
2026-01-09,Mittal Solutions,V0012,PO10843,INV020843,ITM011,Cleaning Supplies,38,417.12,15850.56,0.28,4438.16,20288.72,Partially Paid,,Siddharth Iyer,2026-01-09 20:14:03
2026-02-02,Sharma Distributors,V0017,PO10844,INV020844,ITM001,Steel Rods,70,48.93,3425.1,0.18,616.52,4041.62,Paid,2026-03-07,Leela Shah,2026-02-02 12:22:06
2026-01-18,Shah Enterprises,V0008,PO10845,INV020845,ITM009,Consulting Services,8,1322.43,10579.44,0.05,528.97,11108.41,Partially Paid,,Harish Kumar,2026-01-18 14:53:52
2025-09-15,Pillai Trading Co,V0005,PO10846,INV020846,ITM011,Cleaning Supplies,19,385.75,7329.25,0.28,2052.19,9381.44,Pending,,Harish Kumar,2025-09-15 18:50:23
2025-08-29,Nair Traders,V0058,PO10847,INV020847,ITM011,Cleaning Supplies,31,529.65,16419.15,0.18,2955.45,19374.6,Pending,,Arjun Sharma,2025-08-29 18:01:10
2025-09-08,Joshi Co,V0060,PO10848,INV020848,ITM003,Office Chairs,14,142.49,1994.86,0.05,99.74,2094.6,Partially Paid,,Vivek Malhotra,2025-09-08 17:45:49
2025-06-16,Shah Industries,V0025,PO10849,INV020849,ITM014,Transport Charges,11,50000.0,550000.0,0.05,27500.0,577500.0,Paid,2025-06-21,Manoj Desai,2025-06-16 15:48:41
2025-12-27,Malhotra Pvt Ltd,V0037,PO10850,INV020850,ITM009,Consulting Services,18,1639.83,29516.94,0.28,8264.74,37781.68,Pending,,Leela Shah,2025-12-27 21:03:38
2025-08-03,Desai Suppliers,V0021,PO10851,INV020851,ITM005,Printing Paper,148,229.31,33937.88,0.12,4072.55,38010.43,Pending,,Manoj Desai,2025-08-03 14:15:51
2025-10-27,Verma Co,V0030,PO10852,INV020852,ITM006,Diesel Fuel,355,80.68,28641.4,0.05,1432.07,30073.47,Partially Paid,,Kiran Verma,2025-10-27 14:05:22
2025-11-01,Bansal Suppliers,V0059,PO10853,INV020853,ITM006,Diesel Fuel,310,80.29,24889.9,0.28,6969.17,31859.07,Paid,2025-12-31,Manoj Desai,2025-11-01 12:36:52
2025-08-25,Reddy Co,V0044,PO10854,INV020854,ITM010,Software License,3,22602.79,67808.37,0.12,8137.0,75945.37,Paid,2025-09-21,Harish Kumar,2025-08-25 05:20:07
2025-11-19,Desai Traders,V0033,PO10855,INV020855,ITM003,Office Chairs,4,4059.82,16239.28,0.28,4547.0,20786.28,Pending,,Siddharth Iyer,2025-11-19 09:10:07
2025-04-18,Singh Pvt Ltd,V0049,PO10856,INV020856,ITM009,Consulting Services,24,1260.6,30254.4,0.28,8471.23,38725.63,Paid,2025-04-23,Anjali Rao,2025-04-18 15:01:44
2025-06-05,Desai Traders,V0033,PO10857,INV020857,ITM014,Transport Charges,15,2131.68,31975.2,0.28,8953.06,40928.26,Paid,2025-07-21,Siddharth Iyer,2025-06-05 15:44:35
2025-05-26,Patel Co,V0022,PO10858,INV020151,ITM015,Stationery Items,76,365.23,27757.48,0.18,4996.35,32753.83,Pending,,Harish Kumar,2025-05-26 20:02:04
2026-03-25,Mehta Private Limited ,V0041,PO10859,INV020859,ITM008,Spare Parts,10,1323.68,13236.8,0.28,3706.3,16943.1,Partially Paid,,Kiran Verma,2026-03-25 11:46:11
2025-11-19,Nair Traders,V0058,PO10860,INV020860,ITM001,Steel Rods,87,50000.0,4350000.0,0.18,783000.0,5133000.0,Paid,2025-12-22,Siddharth Iyer,2025-11-19 15:20:28
2025-04-25,Gupta Associates ,V0050,PO10861,INV020861,ITM002,Cement Bags,20,319.14,6382.8,0.12,765.94,7148.74,Partially Paid,,Harish Kumar,2025-04-25 18:33:57
2025-06-13,Kumar Traders,V0019,PO10862,INV020862,ITM006,Diesel Fuel,164,99.26,16278.64,0.28,4558.02,20836.66,Partially Paid,,Manoj Desai,2025-06-13 09:52:47
2025-09-08,Singh Distributors,V0028,PO10863,INV020863,ITM009,Consulting Services,19,1727.75,32827.25,0.18,5908.9,38736.15,Paid,2025-09-16,Siddharth Iyer,2025-09-08 10:22:18
2025-08-26,Bansal Solutions,V0018,PO10864,INV020864,ITM008,Spare Parts,8,1384.97,11079.76,0.28,3102.33,14182.09,Paid,2025-10-25,Manoj Desai,2025-08-26 13:38:48
2025-12-17,Kapoor Solutions,V0043,PO10865,INV020865,ITM005,Printing Paper,25,220.68,5517.0,0.12,662.04,6179.04,Partially Paid,,Arjun Sharma,2025-12-17 21:10:01
2025-04-14,Nair Traders,V0058,PO10866,INV020866,ITM009,Consulting Services,1,1493.02,1493.02,0.12,179.16,1672.18,Partially Paid,,Harish Kumar,2025-04-14 14:13:18
2025-05-27,Mehta Co,V0047,PO10867,INV020867,ITM008,Spare Parts,15,1101.57,16523.55,0.12,1982.83,18506.38,Paid,2025-06-25,Harish Kumar,2025-05-27 20:45:58
2025-05-30,Sharma Distributors,V0017,PO10868,INV020868,ITM002,Cement Bags,18,349.65,6293.7,0.12,755.24,7048.94,Partially Paid,,Manoj Desai,2025-05-30 05:51:05
2025-08-20,Mehta Co,V0047,PO10869,INV020869,ITM002,Cement Bags,11,320.9,3529.9,0.18,635.38,4165.28,Partially Paid,,Kiran Verma,2025-08-20 16:40:47
2026-03-28,Patel Pvt Ltd,V0046,PO10870,INV020870,ITM012,Security Services,1,17520.32,17520.32,0.18,3153.66,20673.98,Paid,2026-05-21,Arjun Sharma,2026-03-28 21:33:20
2025-10-10,Mehta Private Limited ,V0041,PO10871,INV020871,ITM011,Cleaning Supplies,16,384.64,6154.24,0.05,307.71,6461.95,Pending,,Leela Shah,2025-10-10 12:43:12
2025-07-11,Verma Distributors,V0010,PO10872,INV020872,ITM008,Spare Parts,16,1095.65,17530.4,0.12,2103.65,19634.05,Partially Paid,,Manoj Desai,2025-07-11 19:56:05
2025-07-16,Mehta Distributors,V0001,PO10873,INV020873,ITM007,Packaging Material,63,184.16,11602.08,0.05,580.1,12182.18,Pending,,Siddharth Iyer,2025-07-16 20:11:02
2025-12-28,Iyer Distributors,V0040,PO10874,INV020874,ITM007,Packaging Material,82,169.11,13867.02,0.12,1664.04,15531.06,Pending,,Manoj Desai,2025-12-28 19:11:56
2025-10-18,Joshi Trading Co,V0057,PO10875,INV020875,ITM005,Printing Paper,126,279.67,35238.42,0.28,9866.76,45105.18,Pending,,Siddharth Iyer,2025-10-18 18:22:34
2025-11-15,Desai Associates,V0007,PO10876,INV020876,ITM004,Laptop Computer,3,53231.07,159693.21,0.05,7984.66,167677.87,Pending,,Kiran Verma,2025-11-15 14:15:42
2025-10-21,Mittal Solutions,V0012,PO10877,INV020877,ITM008,Spare Parts,4,1126.84,4507.36,0.18,811.32,5318.68,Pending,,Leela Shah,2025-10-21 20:08:49
2025-12-16,Joshi Solutions ,V0039,PO10878,INV020878,ITM007,Packaging Material,4,164.95,659.8,0.12,79.18,738.98,Pending,,Arjun Sharma,2025-12-16 12:56:54
2025-10-28,Shah Associates,V0036,PO10879,INV020879,ITM013,Raw Chemicals,17,834.6,14188.2,0.18,2553.88,16742.08,Pending,,Harish Kumar,2025-10-28 15:51:28
2025-07-22,Sharma Distributors,V0017,PO10880,INV020880,ITM015,Stationery Items,35,347.97,12178.95,0.05,608.95,12787.9,Paid,2025-08-11,Leela Shah,2025-07-22 14:40:52
2026-02-15,Sharma Co,V0027,PO10881,INV020881,ITM004,Laptop Computer,5,48536.42,242682.1,0.12,29121.85,271803.95,Pending,,Anjali Rao,2026-02-15 10:39:39
2025-10-12,Joshi Solutions ,V0039,PO10882,INV020882,ITM009,Consulting Services,24,1212.67,29104.08,0.05,1455.2,30559.28,Pending,,Vivek Malhotra,2025-10-12 10:49:45
2025-07-17,Gupta Associates ,V0050,PO10883,INV020883,ITM013,Raw Chemicals,42,639.36,26853.12,0.05,1342.66,28195.78,Paid,2025-09-09,Harish Kumar,2025-07-17 14:34:12
2025-10-09,Patel Suppliers,V0056,PO10884,INV020884,ITM012,Security Services,1,20169.25,20169.25,0.12,2420.31,22589.56,Partially Paid,,Manoj Desai,2025-10-09 14:26:13
2025-05-23,Mehta Distributors,V0001,PO10885,INV020885,ITM001,Steel Rods,97,52.93,5134.21,0.05,256.71,5390.92,Pending,,Arjun Sharma,2025-05-23 17:25:50
2026-03-19,Singh Traders,V0011,PO10886,INV020886,ITM005,Printing Paper,7,223.0,1561.0,0.18,280.98,1841.98,Partially Paid,,Kiran Verma,2026-03-19 12:02:17
2025-08-17,Patel Distributors,V0053,PO10887,INV020887,ITM013,Raw Chemicals,42,749.03,31459.26,0.28,8808.59,40267.85,Partially Paid,,Harish Kumar,2025-08-17 10:04:04
2025-10-18,Rao Pvt Ltd,V0002,PO10888,INV020888,ITM001,Steel Rods,13,49.25,640.25,0.12,76.83,717.08,Pending,,Vivek Malhotra,2025-10-18 12:53:38
2025-07-13,Singh Distributors,V0028,PO10889,INV020889,ITM009,Consulting Services,10,1364.43,13644.3,0.05,682.22,14326.52,Partially Paid,,Leela Shah,2025-07-13 10:16:41
2025-10-26,Shah Industries,V0025,PO10890,INV020890,ITM005,Printing Paper,24,222.23,5333.52,0.28,1493.39,6826.91,Pending,,Manoj Desai,2025-10-26 17:17:30
2025-10-08,Shah Industries,V0025,PO10891,INV020891,ITM001,Steel Rods,94,43.09,4050.46,0.28,1134.13,5184.59,Paid,2025-11-06,Manoj Desai,2025-10-08 21:34:45
2025-09-07,Rao Pvt Ltd,V0002,PO10892,INV020892,ITM007,Packaging Material,58,170.63,9896.54,0.12,1187.58,11084.12,Partially Paid,,Kiran Verma,2025-09-07 14:09:51
2025-12-07,Desai Associates,V0007,PO10893,INV020893,ITM009,Consulting Services,7,1718.9,12032.3,0.12,1443.88,13476.18,Paid,2026-01-02,Leela Shah,2025-12-07 18:15:05
2025-08-08,Mittal Distributors,V0034,PO10894,INV020894,ITM012,Security Services,1,19925.34,19925.34,0.12,2391.04,22316.38,Pending,,Anjali Rao,2025-08-08 15:19:47
2026-03-20,Rao Trading Co,V0003,PO10895,INV020895,ITM006,Diesel Fuel,447,72.2,32273.4,0.28,9036.55,41309.95,Pending,,Leela Shah,2026-03-20 12:48:35
2025-12-04,Desai Suppliers,V0021,PO10896,INV020896,ITM011,Cleaning Supplies,21,443.05,9304.05,0.12,1116.49,10420.54,Partially Paid,,Kiran Verma,2025-12-04 17:35:54
2025-06-05,Bansal Suppliers,V0059,PO10897,INV020897,ITM002,Cement Bags,45,265.92,11966.4,0.28,3350.59,15316.99,Partially Paid,,Kiran Verma,2025-06-05 21:00:10
2025-11-04,Singh Traders,V0011,PO10898,INV020898,ITM004,Laptop Computer,1,44859.36,44859.36,0.28,12560.62,57419.98,Partially Paid,,Leela Shah,2025-11-04 16:10:40
2025-05-31,Kumar Solutions,V0009,PO10899,INV020899,ITM012,Security Services,1,14466.66,14466.66,0.28,4050.66,18517.32,Partially Paid,,Siddharth Iyer,2025-05-31 15:18:46
2025-06-12,Mittal Distributors,V0034,PO10900,INV020900,ITM006,Diesel Fuel,289,95.41,27573.49,0.18,4963.23,32536.72,Paid,2025-08-03,Vivek Malhotra,2025-06-12 13:33:43
2025-11-29,Joshi Solutions ,V0039,PO10901,INV020901,ITM005,Printing Paper,119,221.06,26306.14,0.28,7365.72,33671.86,Paid,2025-12-09,Leela Shah,2025-11-29 09:20:26
2026-03-22,Pillai Trading Co,V0005,PO10902,INV020902,ITM001,Steel Rods,90,39.38,3544.2,0.18,637.96,4182.16,Pending,,Kiran Verma,2026-03-22 10:34:29
2025-09-27,Bansal Distributors,V0004,PO10903,INV020903,ITM010,Software License,3,21564.53,64693.59,0.28,18114.21,82807.8,Paid,2025-10-20,Arjun Sharma,2025-09-27 19:35:56
2025-11-05,Joshi Co,V0060,PO10904,INV020904,ITM004,Laptop Computer,3,62056.6,186169.8,0.18,33510.56,219680.36,Pending,,Harish Kumar,2025-11-05 18:46:19
2025-05-23,Shah Associates,V0036,PO10905,INV020905,ITM009,Consulting Services,20,130.99,2619.8,0.12,314.38,2934.18,Paid,2025-06-09,Kiran Verma,2025-05-23 20:13:17
2026-01-29,Kumar Solutions,V0009,PO10906,INV020906,ITM013,Raw Chemicals,22,803.6,17679.2,0.28,4950.18,22629.38,Partially Paid,,Leela Shah,2026-01-29 18:17:51
2025-05-17,Shah Industries,V0014,PO10907,INV020907,ITM003,Office Chairs,4,4184.72,16738.88,0.05,836.94,17575.82,Paid,2025-05-28,Leela Shah,2025-05-17 21:39:09
2025-11-12,Desai Suppliers,V0021,PO10908,INV020300,ITM002,Cement Bags,9,321.5,2893.5,0.05,144.68,3038.18,Pending,,Kiran Verma,2025-11-12 15:42:30
2026-03-28,Shah Solutions,V0016,PO10909,INV020909,ITM009,Consulting Services,13,1664.35,21636.55,0.28,6058.23,27694.78,Partially Paid,,Vivek Malhotra,2026-03-28 16:22:19
2025-08-21,Mittal Distributors,V0034,PO10910,INV020910,ITM002,Cement Bags,11,377.02,4147.22,0.12,497.67,4644.89,Pending,,Leela Shah,2025-08-21 20:09:53
2025-11-09,Bansal Suppliers,V0032,PO10911,INV020911,ITM012,Security Services,1,18416.92,18416.92,0.18,3315.05,21731.97,Paid,2026-01-04,Vivek Malhotra,2025-11-09 19:22:11
2026-01-12,Rao Suppliers ,V0055,PO10912,INV020912,ITM008,Spare Parts,14,1062.61,14876.54,0.18,2677.78,17554.32,Paid,2026-03-13,Arjun Sharma,2026-01-12 12:24:23
2025-09-06,Patel Co,V0029,PO10913,INV020913,ITM006,Diesel Fuel,3,25000.0,75000.0,0.12,9000.0,84000.0,Pending,,Siddharth Iyer,2025-09-06 14:06:58
2026-02-15,Bansal Suppliers,V0059,PO10914,INV020914,ITM001,Steel Rods,5,47.65,238.25,0.18,42.88,281.13,Paid,2026-04-12,Leela Shah,2026-02-15 09:36:52
2026-02-26,Joshi Solutions ,V0039,PO10915,INV020915,ITM011,Cleaning Supplies,32,391.28,12520.96,0.28,3505.87,16026.83,Paid,2026-03-01,Vivek Malhotra,2026-02-26 21:34:51
2025-06-07,Rao Pvt Ltd,V0002,PO10916,INV020916,ITM010,Software License,3,27361.96,82085.88,0.12,9850.31,91936.19,Paid,2025-06-11,Leela Shah,2025-06-07 10:26:53
2026-01-04,Mehta Private Limited ,V0041,PO10917,INV020917,ITM012,Security Services,1,15101.82,15101.82,0.05,755.09,15856.91,Partially Paid,,Arjun Sharma,2026-01-04 13:54:12
2026-01-26,Patel Co,V0022,PO10918,INV020918,ITM014,Transport Charges,15,2384.19,35762.85,0.18,6437.31,42200.16,Paid,2026-03-10,Harish Kumar,2026-01-26 20:23:33
2025-12-13,Sharma Co,V0027,PO10919,INV020919,ITM014,Transport Charges,2,1929.79,3859.58,0.05,192.98,4052.56,Paid,2025-12-25,Leela Shah,2025-12-13 11:46:17
2025-06-28,Bansal Solutions,V0018,PO10920,INV020115,ITM010,Software License,3,25054.66,75163.98,0.12,9019.68,84183.66,Pending,,Siddharth Iyer,2025-06-28 19:47:53
2026-03-23,Shah Associates,V0036,PO10921,INV020921,ITM006,Diesel Fuel,175,88.79,15538.25,0.05,776.91,16315.16,Pending,,Kiran Verma,2026-03-23 10:36:59
2025-07-05,Shah Enterprises,V0008,PO10922,INV020922,ITM015,Stationery Items,24,382.14,9171.36,0.05,458.57,9629.93,Paid,2025-08-24,Anjali Rao,2025-07-05 14:37:40
2025-05-12,Bansal Trading Co,V0051,PO10923,INV020923,ITM001,Steel Rods,82,42.74,3504.68,0.12,420.56,3925.24,Partially Paid,,Manoj Desai,2025-05-12 20:15:19
2026-03-28,Kapoor Enterprises,V0048,PO10924,INV020924,ITM013,Raw Chemicals,20,640.64,12812.8,0.12,1537.54,14350.34,Paid,2026-05-04,Vivek Malhotra,2026-03-28 13:11:17
2025-06-30,Sharma Co,V0027,PO10925,INV020925,ITM004,Laptop Computer,3,63438.51,190315.53,0.12,22837.86,213153.39,Pending,,Siddharth Iyer,2025-06-30 13:16:44
2026-02-23,Singh Enterprises,V0006,PO10926,INV020926,ITM008,Spare Parts,19,1134.53,21556.07,0.18,3880.09,25436.16,Partially Paid,,Anjali Rao,2026-02-23 17:28:53
2025-07-17,Rao Trading Co,V0003,PO10927,INV020927,ITM014,Transport Charges,3,2233.39,6700.17,0.28,1876.05,8576.22,Partially Paid,,Siddharth Iyer,2025-07-17 20:27:22
2025-07-17,Shah Industries,V0014,PO10928,INV020928,ITM006,Diesel Fuel,47,90.48,4252.56,0.18,765.46,5018.02,Pending,,Arjun Sharma,2025-07-17 13:13:29
2026-01-26,Joshi Co,V0060,PO10929,INV020929,ITM002,Cement Bags,31,273.9,8490.9,0.12,1018.91,9509.81,Pending,,Arjun Sharma,2026-01-26 14:23:36
2025-04-05,Desai Suppliers,V0021,PO10930,INV020930,ITM012,Security Services,1,20659.17,20659.17,0.05,1032.96,21692.13,Pending,,Vivek Malhotra,2025-04-05 11:26:30
2025-09-04,Verma Industries,V0042,PO10931,INV020931,ITM015,Stationery Items,24,407.84,9788.16,0.05,489.41,10277.57,Paid,2025-10-23,Arjun Sharma,2025-09-04 11:29:34
2025-11-09,Patel Co,V0029,PO10932,INV020932,ITM013,Raw Chemicals,38,803.7,30540.6,0.28,8551.37,39091.97,Paid,2025-11-26,Vivek Malhotra,2025-11-09 20:25:30
2025-04-21,Joshi Solutions ,V0039,PO10933,INV020933,ITM006,Diesel Fuel,348,86.44,30081.12,0.28,8422.71,38503.83,Partially Paid,,Kiran Verma,2025-04-21 12:48:59
2025-04-15,Sharma Co,V0027,PO10934,INV020934,ITM007,Packaging Material,74,172.85,12790.9,0.18,2302.36,15093.26,Pending,,Manoj Desai,2025-04-15 11:32:10
2025-05-17,Singh Pvt Ltd,V0049,PO10935,INV020935,ITM003,Office Chairs,6,3904.0,23424.0,0.12,2810.88,26234.88,Paid,2025-07-08,Vivek Malhotra,2025-05-17 13:50:49
2025-06-15,Verma Co,V0030,PO10936,INV020936,ITM007,Packaging Material,59,144.06,8499.54,0.12,1019.94,9519.48,Pending,,Siddharth Iyer,2025-06-15 12:56:11
2025-08-04,Singh Enterprises,V0006,PO10937,INV020937,ITM003,Office Chairs,4,3411.17,13644.68,0.12,1637.36,15282.04,Pending,,Arjun Sharma,2025-08-04 11:43:35
2026-03-18,Iyer Industries,V0031,PO10938,INV020938,ITM003,Office Chairs,2,3459.12,6918.24,0.18,1245.28,8163.52,Pending,,Harish Kumar,2026-03-18 15:44:13
2025-06-08,Patel Pvt Ltd,V0046,PO10939,INV020939,ITM004,Laptop Computer,4,46827.05,187308.2,0.05,9365.41,196673.61,Pending,,Harish Kumar,2025-06-08 22:49:20
2026-01-26,Joshi Solutions ,V0039,PO10940,INV020940,ITM007,Packaging Material,45,179.16,8062.2,0.05,403.11,8465.31,Partially Paid,,Anjali Rao,2026-01-26 09:14:56
2026-02-07,Joshi Co,V0024,PO10941,INV020941,ITM006,Diesel Fuel,257,1000.0,257000.0,0.18,46260.0,303260.0,Paid,2026-03-21,Manoj Desai,2026-02-07 18:48:25
2025-11-09,Kumar Solutions,V0009,PO10942,INV020942,ITM008,Spare Parts,2,1061.39,2122.78,0.12,254.73,2377.51,Partially Paid,,Anjali Rao,2025-11-09 10:21:24
2025-12-03,Singh Distributors,V0028,PO10943,INV020943,ITM003,Office Chairs,5,3341.54,16707.7,0.18,3007.39,19715.09,Paid,2025-12-14,Harish Kumar,2025-12-03 09:16:26
2025-09-25,Reddy Co,V0044,PO10944,INV020944,ITM009,Consulting Services,15,1683.74,25256.1,0.05,1262.81,26518.91,Partially Paid,,Harish Kumar,2025-09-25 19:46:06
2026-01-20,Kumar Associates,V0052,PO10945,INV020945,ITM013,Raw Chemicals,11,723.54,7958.94,0.05,397.95,8356.89,Pending,,Arjun Sharma,2026-01-20 17:24:43
2025-09-03,Bansal Suppliers,V0032,PO10946,INV020946,ITM011,Cleaning Supplies,28,498.84,13967.52,0.28,3910.91,17878.43,Partially Paid,,Kiran Verma,2025-09-03 15:16:47
2025-11-29,Joshi Solutions ,V0039,PO10947,INV020947,ITM013,Raw Chemicals,33,740.32,24430.56,0.28,6840.56,31271.12,Partially Paid,,Vivek Malhotra,2025-11-29 20:21:54
2025-10-14,Shah Enterprises,V0008,PO10948,INV020948,ITM013,Raw Chemicals,28,789.89,22116.92,0.12,2654.03,24770.95,Paid,2025-11-05,Siddharth Iyer,2025-10-14 19:05:09
2025-08-23,Desai Associates,V0013,PO10949,INV020949,ITM009,Consulting Services,14,1229.13,17207.82,0.28,4818.19,22026.01,Pending,,Leela Shah,2025-08-23 09:07:55
2026-03-12,Joshi Co,V0024,PO10950,INV020950,ITM001,Steel Rods,33,43.66,1440.78,0.18,259.34,1700.12,Paid,2026-04-16,Siddharth Iyer,2026-03-12 13:49:52
2025-09-14,Kumar Traders,V0019,PO10951,INV020951,ITM006,Diesel Fuel,9,10000.0,90000.0,0.28,25200.0,115200.0,Partially Paid,,Kiran Verma,2025-09-14 13:40:02
2025-05-14,Mittal Enterprises,V0023,PO10952,INV020952,ITM012,Security Services,1,16190.11,16190.11,0.05,809.51,16999.62,Partially Paid,,Anjali Rao,2025-05-14 17:06:08
2026-03-19,Bansal Suppliers Ltd,V0032,PO10953,INV020953,ITM007,Packaging Material,45,213.97,9628.65,0.18,1733.16,11361.81,Partially Paid,,Leela Shah,2026-03-19 18:15:58
2026-02-06,Rao Trading Co,V0003,PO10954,INV020954,ITM002,Cement Bags,24,260.9,6261.6,0.18,1127.09,7388.69,Paid,2026-03-03,Kiran Verma,2026-02-06 20:40:51
2025-07-04,Patel Co,V0022,PO10955,INV020955,ITM015,Stationery Items,55,336.1,18485.5,0.18,3327.39,21812.89,Partially Paid,,Kiran Verma,2025-07-04 20:16:46
2025-09-03,Shah Enterprises,V0008,PO10956,INV020956,ITM013,Raw Chemicals,37,705.42,26100.54,0.12,3132.06,29232.6,Paid,2025-09-27,Leela Shah,2025-09-03 03:44:51
2025-07-05,Shah Industries,V0014,PO10957,INV020957,ITM013,Raw Chemicals,18,857.02,15426.36,0.28,4319.38,19745.74,Paid,2025-08-13,Harish Kumar,2025-07-05 13:32:42
2025-07-16,Bansal Suppliers,V0059,PO10958,INV020958,ITM003,Office Chairs,5,2807.07,14035.35,0.18,2526.36,16561.71,Partially Paid,,Anjali Rao,2025-07-16 09:50:26
2026-02-20,Bansal Solutions,V0018,PO10959,INV020959,ITM005,Printing Paper,154,279.03,42970.62,0.28,12031.77,55002.39,Paid,2026-02-22,Vivek Malhotra,2026-02-20 14:06:14
2025-11-22,Bansal Co,V0015,PO10960,INV020960,ITM002,Cement Bags,47,347.14,16315.58,0.18,2936.8,19252.38,Partially Paid,,Vivek Malhotra,2025-11-22 18:26:40
2025-09-22,Rao Associates,V0035,PO10961,INV020961,ITM007,Packaging Material,72,144.9,10432.8,0.28,2921.18,13353.98,Pending,,Anjali Rao,2025-09-22 14:22:52
2025-06-27,Verma Co,V0030,PO10962,INV020962,ITM014,Transport Charges,4,2228.37,8913.48,0.28,2495.77,11409.25,Pending,,Arjun Sharma,2025-06-27 19:24:16
2025-09-24,Kapoor Solutions,V0043,PO10963,INV020963,ITM014,Transport Charges,11,2188.15,24069.65,0.05,1203.48,25273.13,Partially Paid,,Vivek Malhotra,2025-09-24 10:13:47
2025-04-16,Singh Solutions,V0020,PO10964,INV020964,ITM005,Printing Paper,116,267.45,31024.2,0.18,5584.36,36608.56,Paid,2025-05-26,Vivek Malhotra,2025-04-16 11:39:37
2025-06-07,Singh Distributors,V0028,PO10965,INV020965,ITM007,Packaging Material,97,214.08,20765.76,0.05,1038.29,21804.05,Paid,2025-06-14,Harish Kumar,2025-06-07 15:38:54
2025-06-21,Shah Industries,V0014,PO10966,INV020966,ITM004,Laptop Computer,5,50365.68,251828.4,0.05,12591.42,264419.82,Pending,,Harish Kumar,2025-06-21 21:49:47
2025-08-21,Mittal Enterprises,V0023,PO10967,INV020967,ITM013,Raw Chemicals,27,904.94,24433.38,0.12,2932.01,27365.39,Partially Paid,,Kiran Verma,2025-08-21 14:49:23
2025-10-18,Kapoor Solutions,V0043,PO10968,INV020968,ITM015,Stationery Items,65,354.99,23074.35,0.18,4153.38,27227.73,Pending,,Leela Shah,2025-10-18 12:54:25
2025-10-22,Patel Distributors,V0053,PO10969,INV020969,ITM015,Stationery Items,12,162.79,1953.48,0.28,546.97,2500.45,Pending,,Leela Shah,2025-10-22 13:00:34
2025-11-01,Verma Industries,V0042,PO10970,INV020970,ITM003,Office Chairs,7,3612.22,25285.54,0.05,1264.28,26549.82,Partially Paid,,Arjun Sharma,2025-11-01 15:26:12
2025-04-12,Bansal Co,V0015,PO10971,INV020971,ITM003,Office Chairs,10,3598.82,35988.2,0.05,1799.41,37787.61,Paid,2025-05-19,Leela Shah,2025-04-12 14:39:15
2026-03-01,Singh Enterprises Ltd,V0006,PO10972,INV020972,ITM006,Diesel Fuel,381,93.65,35680.65,0.05,1784.03,37464.68,Paid,2026-04-25,Anjali Rao,2026-03-01 15:35:32
2026-03-31,Joshi Co,V0024,PO10973,INV020973,ITM012,Security Services,1,17799.62,17799.62,0.12,2135.95,19935.57,Pending,,Kiran Verma,2026-03-31 03:20:08
2026-02-03,Shah Industries,V0014,PO10974,INV020404,ITM010,Software License,2,22450.47,44900.94,0.28,12572.26,57473.2,Pending,,Kiran Verma,2026-02-03 16:15:50
2025-10-26,Kumar Suppliers,V0054,PO10975,INV020975,ITM006,Diesel Fuel,126,88.64,11168.64,0.12,1340.24,12508.88,Pending,,Kiran Verma,2025-10-26 17:30:55
2025-12-30,Sharma Distributors,V0017,PO10976,INV020976,ITM015,Stationery Items,78,370.59,28906.02,0.05,1445.3,30351.32,Partially Paid,,Arjun Sharma,2025-12-30 00:28:30
2025-04-21,Kumar Traders,V0019,PO10977,INV020977,ITM013,Raw Chemicals,54,880.56,47550.24,0.28,13314.07,60864.31,Partially Paid,,Leela Shah,2025-04-21 14:25:45
2025-08-13,Singh Distributors,V0028,PO10978,INV020978,ITM013,Raw Chemicals,7,669.55,4686.85,0.05,234.34,4921.19,Paid,2025-09-29,Anjali Rao,2025-08-13 21:52:37
2025-12-04,Joshi Co,V0024,PO10979,INV020979,ITM007,Packaging Material,19,209.73,3984.87,0.18,717.28,4702.15,Pending,,Kiran Verma,2025-12-04 12:16:06
2025-09-23,Verma Co,V0030,PO10980,INV020980,ITM015,Stationery Items,32,385.98,12351.36,0.28,3458.38,15809.74,Pending,,Leela Shah,2025-09-23 13:44:28
2025-06-11,Joshi Distributors ,V0045,PO10981,INV020981,ITM005,Printing Paper,153,203.57,31146.21,0.18,5606.32,36752.53,Paid,2025-06-26,Vivek Malhotra,2025-06-11 11:33:18
2025-06-21,Malhotra Pvt Ltd,V0037,PO10982,INV020982,ITM006,Diesel Fuel,158,106.01,16749.58,0.18,3014.92,19764.5,Pending,,Leela Shah,2025-06-21 18:40:19
2025-06-05,Reddy Co,V0044,PO10983,INV020983,ITM005,Printing Paper,191,280.52,53579.32,0.12,6429.52,60008.84,Pending,,Siddharth Iyer,2025-06-05 11:38:18
2025-06-15,Mehta Private Limited ,V0041,PO10984,INV020984,ITM004,Laptop Computer,2,56831.07,113662.14,0.05,5683.11,119345.25,Pending,,Harish Kumar,2025-06-15 18:00:16
2026-01-26,Iyer Industries,V0031,PO10985,INV020985,ITM010,Software License,2,26438.52,52877.04,0.12,6345.24,59222.28,Pending,,Harish Kumar,2026-01-26 17:20:33
2025-12-03,Patel Suppliers,V0056,PO10986,INV020986,ITM015,Stationery Items,22,401.91,8842.02,0.28,2475.77,11317.79,Pending,,Arjun Sharma,2025-12-03 11:30:57
2025-06-16,Pillai Trading Co Ltd,V0005,PO10987,INV020987,ITM006,Diesel Fuel,159,79.43,12629.37,0.12,1515.52,14144.89,Partially Paid,,Kiran Verma,2025-06-16 13:38:49
2026-02-21,Verma Industries,V0042,PO10988,INV020988,ITM004,Laptop Computer,4,54105.08,216420.32,0.18,38955.66,255375.98,Partially Paid,,Manoj Desai,2026-02-21 09:53:47
2025-05-21,Kapoor Enterprises,V0048,PO10989,INV020989,ITM004,Laptop Computer,1,52766.81,52766.81,0.18,9498.03,62264.84,Pending,,Kiran Verma,2025-05-21 14:32:04
2025-08-04,Kumar Associates,V0052,PO10990,INV020990,ITM001,Steel Rods,73,45.41,3314.93,0.28,928.18,4243.11,Paid,2025-09-18,Manoj Desai,2025-08-04 13:51:47
2026-02-06,Bansal Co,V0015,PO10991,INV020991,ITM012,Security Services,1,14689.68,14689.68,0.28,4113.11,18802.79,Paid,2026-03-26,Manoj Desai,2026-02-06 13:35:17
2025-12-24,Mehta Co,V0047,PO10992,INV020992,ITM014,Transport Charges,15,2554.76,38321.4,0.05,1916.07,40237.47,Paid,2026-01-09,Leela Shah,2025-12-24 13:03:13
2025-05-08,Desai Associates,V0007,PO10993,INV020993,ITM009,Consulting Services,11,1674.01,18414.11,0.05,920.71,19334.82,Pending,,Kiran Verma,2025-05-08 03:30:07
2026-02-01,Iyer Industries,V0031,PO10994,INV020994,ITM004,Laptop Computer,5,56966.27,284831.35,0.05,14241.57,299072.92,Paid,2026-03-11,Harish Kumar,2026-02-01 16:19:36
2026-02-20,Mehta Co,V0047,PO10995,INV020115,ITM015,Stationery Items,25,362.45,9061.25,0.28,2537.15,11598.4,Pending,,Harish Kumar,2026-02-20 18:48:29
2025-12-16,Joshi Solutions ,V0039,PO10996,INV020996,ITM005,Printing Paper,162,217.65,35259.3,0.28,9872.6,45131.9,Partially Paid,,Siddharth Iyer,2025-12-16 16:32:18
2026-01-13,Sharma Distributors,V0017,PO10997,INV020997,ITM014,Transport Charges,6,2002.25,12013.5,0.12,1441.62,13455.12,Pending,,Kiran Verma,2026-01-13 17:19:40
2025-12-17,Singh Pvt Ltd,V0049,PO10998,INV020998,ITM003,Office Chairs,1,3246.89,3246.89,0.28,909.13,4156.02,Paid,2025-12-22,Harish Kumar,2025-12-17 16:31:10
2026-03-18,Reddy Co,V0044,PO10999,INV020999,ITM005,Printing Paper,114,234.24,26703.36,0.05,1335.17,28038.53,Paid,2026-05-07,Kiran Verma,2026-03-18 17:52:11
2025-09-11,Singh Pvt Ltd,V0049,PO11000,INV021000,ITM004,Laptop Computer,3,55039.15,165117.45,0.12,19814.09,184931.54,Paid,2025-10-25,Siddharth Iyer,2025-09-11 21:33:30
2025-09-13,Joshi Co,V0060,PO11001,INV021001,ITM010,Software License,3,26718.87,80156.61,0.12,9618.79,89775.4,Pending,,Anjali Rao,2025-09-13 11:12:49
2025-11-29,Iyer Distributors,V0040,PO11002,INV021002,ITM011,Cleaning Supplies,21,25000.0,525000.0,0.12,63000.0,588000.0,Pending,,Siddharth Iyer,2025-11-29 19:38:50
2025-09-03,Bansal Co,V0015,PO11003,INV021003,ITM015,Stationery Items,61,410.81,25059.41,0.18,4510.69,29570.1,Pending,,Vivek Malhotra,2025-09-03 14:09:19
2026-01-14,Kumar Suppliers,V0054,PO11004,INV021004,ITM012,Security Services,1,16617.72,16617.72,0.18,2991.19,19608.91,Paid,2026-03-04,Harish Kumar,2026-01-14 15:48:26
2025-11-20,Bansal Distributors,V0004,PO11005,INV021005,ITM007,Packaging Material,83,201.99,16765.17,0.18,3017.73,19782.9,Partially Paid,,Manoj Desai,2025-11-20 21:17:01
2025-04-13,Shah Industries,V0014,PO11006,INV021006,ITM011,Cleaning Supplies,19,509.86,9687.34,0.18,1743.72,11431.06,Pending,,Vivek Malhotra,2025-04-13 14:27:50
2025-05-25,Shah Associates,V0036,PO11007,INV021007,ITM012,Security Services,1,18846.4,18846.4,0.12,2261.57,21107.97,Pending,,Leela Shah,2025-05-25 10:15:10
2025-10-17,Mehta Co,V0047,PO11008,INV021008,ITM010,Software License,1,27812.28,27812.28,0.28,7787.44,35599.72,Pending,,Manoj Desai,2025-10-17 20:58:45
2026-02-22,Bansal Solutions,V0018,PO11009,INV021009,ITM010,Software License,1,21014.4,21014.4,0.28,5884.03,26898.43,Pending,,Leela Shah,2026-02-22 14:17:34
2025-05-08,Joshi Co,V0060,PO11010,INV021010,ITM005,Printing Paper,121,213.43,25825.03,0.05,1291.25,27116.28,Pending,,Anjali Rao,2025-05-08 14:49:46
2025-05-16,Patel Suppliers,V0056,PO11011,INV021011,ITM003,Office Chairs,10,3079.99,30799.9,0.18,5543.98,36343.88,Partially Paid,,Siddharth Iyer,2025-05-16 16:15:20
2025-05-05,Shah Associates,V0036,PO11012,INV021012,ITM009,Consulting Services,23,1213.11,27901.53,0.18,5022.28,32923.81,Partially Paid,,Vivek Malhotra,2025-05-05 21:44:45
2025-07-04,Rao Suppliers ,V0055,PO11013,INV021013,ITM006,Diesel Fuel,383,103.85,39774.55,0.28,11136.87,50911.42,Pending,,Vivek Malhotra,2025-07-04 14:29:14
2025-04-12,Patel Co,V0022,PO11014,INV021014,ITM004,Laptop Computer,3,57279.57,171838.71,0.18,30930.97,202769.68,Pending,,Harish Kumar,2025-04-12 11:07:41
2025-12-27,Pillai Trading Co,V0026,PO11015,INV021015,ITM013,Raw Chemicals,52,638.99,33227.48,0.28,9303.69,42531.17,Pending,,Arjun Sharma,2025-12-27 09:58:32
2025-09-15,Malhotra Pvt Ltd,V0037,PO11016,INV021016,ITM007,Packaging Material,65,206.86,13445.9,0.05,672.3,14118.2,Pending,,Vivek Malhotra,2025-09-15 21:34:31
2026-01-11,Mehta Private Limited ,V0041,PO11017,INV021017,ITM002,Cement Bags,37,267.79,9908.23,0.05,495.41,10403.64,Paid,2026-03-04,Kiran Verma,2026-01-11 21:07:34
2025-07-07,Malhotra Pvt Ltd,V0037,PO11018,INV021018,ITM015,Stationery Items,79,371.02,29310.58,0.28,8206.96,37517.54,Partially Paid,,Harish Kumar,2025-07-07 21:04:49
2025-07-03,Verma Co,V0030,PO11019,INV021019,ITM008,Spare Parts,3,360.18,1080.54,0.12,129.66,1210.2,Pending,,Harish Kumar,2025-07-03 19:36:21
2026-02-14,Joshi Trading Co,V0057,PO11020,INV021020,ITM001,Steel Rods,74,41.29,3055.46,0.28,855.53,3910.99,Paid,2026-03-07,Harish Kumar,2026-02-14 15:01:00
2025-09-15,Verma Distributors,V0010,PO11021,INV021021,ITM005,Printing Paper,150,267.45,40117.5,0.12,4814.1,44931.6,Partially Paid,,Manoj Desai,2025-09-15 17:29:41
2026-01-21,Gupta Associates ,V0050,PO11022,INV021022,ITM014,Transport Charges,15,2534.67,38020.05,0.18,6843.61,44863.66,Paid,2026-02-04,Siddharth Iyer,2026-01-21 11:12:49
2025-04-21,Mittal Solutions,V0012,PO11023,INV021023,ITM002,Cement Bags,35,333.05,11656.75,0.05,582.84,12239.59,Pending,,Kiran Verma,2025-04-21 21:08:34
2025-07-16,Desai Suppliers,V0021,PO11024,INV021024,ITM014,Transport Charges,15,1962.49,29437.35,0.18,5298.72,34736.07,Pending,,Siddharth Iyer,2025-07-16 12:19:10
2025-11-12,Bansal Co,V0015,PO11025,INV021025,ITM015,Stationery Items,46,283.82,13055.72,0.12,1566.69,14622.41,Paid,2025-12-11,Manoj Desai,2025-11-12 10:53:24
2025-07-15,Shah Industries,V0025,PO11026,INV021026,ITM001,Steel Rods,57,43.19,2461.83,0.28,689.31,3151.14,Paid,2025-07-21,Anjali Rao,2025-07-15 21:24:37
2025-06-01,Desai Traders,V0033,PO11027,INV021027,ITM015,Stationery Items,21,385.92,8104.32,0.05,405.22,8509.54,Pending,,Vivek Malhotra,2025-06-01 16:47:38
2025-10-02,Sharma Co,V0027,PO11028,INV021028,ITM004,Laptop Computer,1,61595.41,61595.41,0.12,7391.45,68986.86,Paid,2025-11-01,Arjun Sharma,2025-10-02 16:16:32
2025-05-22,Shah Industries,V0025,PO11029,INV020447,ITM013,Raw Chemicals,26,924.01,24024.26,0.28,6726.79,30751.05,Pending,,Siddharth Iyer,2025-05-22 14:23:19
2025-04-09,Bansal Co,V0015,PO11030,INV021030,ITM012,Security Services,1,20706.78,20706.78,0.05,1035.34,21742.12,Pending,,Arjun Sharma,2025-04-09 13:46:41
2025-06-05,Verma Distributors,V0010,PO11031,INV021031,ITM014,Transport Charges,3,2256.83,6770.49,0.12,812.46,7582.95,Partially Paid,,Leela Shah,2025-06-05 17:09:08
2026-03-05,Singh Pvt Ltd,V0049,PO11032,INV021032,ITM001,Steel Rods,77,50.44,3883.88,0.05,194.19,4078.07,Pending,,Anjali Rao,2026-03-05 13:23:39
2026-03-09,Sharma Co,V0027,PO11033,INV021033,ITM003,Office Chairs,9,4151.42,37362.78,0.12,4483.53,41846.31,Paid,2026-04-29,Anjali Rao,2026-03-09 11:23:56
2025-10-09,Rao Pvt Ltd,V0002,PO11034,INV021034,ITM008,Spare Parts,10,1153.75,11537.5,0.12,1384.5,12922.0,Paid,2025-11-29,Arjun Sharma,2025-10-09 13:39:20
2025-10-26,Rao Pvt Ltd,V0002,PO11035,INV021035,ITM015,Stationery Items,19,113.69,2160.11,0.28,604.83,2764.94,Partially Paid,,Anjali Rao,2025-10-26 09:34:24
2025-05-18,Singh Traders,V0011,PO11036,INV021036,ITM002,Cement Bags,23,370.84,8529.32,0.05,426.47,8955.79,Pending,,Leela Shah,2025-05-18 15:04:07
2026-02-21,Sharma Co,V0027,PO11037,INV021037,ITM014,Transport Charges,3,2514.09,7542.27,0.28,2111.84,9654.11,Pending,,Siddharth Iyer,2026-02-21 09:19:30
2025-05-20,Desai Suppliers,V0021,PO11038,INV021038,ITM011,Cleaning Supplies,40,50000.0,2000000.0,0.18,360000.0,2360000.0,Partially Paid,,Manoj Desai,2025-05-20 16:31:47
2025-07-25,Bansal Co,V0015,PO11039,INV021039,ITM009,Consulting Services,26,2000.0,52000.0,0.12,6240.0,58240.0,Paid,2025-09-09,Harish Kumar,2025-07-25 19:05:47
2025-07-04,Kumar Traders,V0019,PO11040,INV021040,ITM015,Stationery Items,32,311.67,9973.44,0.05,498.67,10472.11,Pending,,Leela Shah,2025-07-04 20:42:19
2025-10-09,Kapoor Solutions,V0043,PO11041,INV021041,ITM010,Software License,1,23279.44,23279.44,0.18,4190.3,27469.74,Partially Paid,,Arjun Sharma,2025-10-09 19:09:37
2025-07-03,Kapoor Enterprises,V0048,PO11042,INV021042,ITM015,Stationery Items,7,391.19,2738.33,0.28,766.73,3505.06,Paid,2025-08-26,Manoj Desai,2025-07-03 09:09:40
2025-12-04,Singh Traders,V0011,PO11043,INV021043,ITM007,Packaging Material,2,185.19,370.38,0.18,66.67,437.05,Partially Paid,,Harish Kumar,2025-12-04 14:12:40
2025-11-12,Patel Co,V0029,PO11044,INV021044,ITM004,Laptop Computer,5,49781.7,248908.5,0.28,69694.38,318602.88,Partially Paid,,Vivek Malhotra,2025-11-12 10:47:17
2025-12-06,Patel Co,V0022,PO11045,INV021045,ITM015,Stationery Items,33,327.74,10815.42,0.12,1297.85,12113.27,Partially Paid,,Kiran Verma,2025-12-06 21:35:29
2025-05-03,Kapoor Solutions,V0043,PO11046,INV021046,ITM014,Transport Charges,13,2216.78,28818.14,0.18,5187.27,34005.41,Partially Paid,,Arjun Sharma,2025-05-03 21:23:27
2025-05-27,Rao Associates,V0035,PO11047,INV021047,ITM003,Office Chairs,4,4165.12,16660.48,0.05,833.02,17493.5,Pending,,Anjali Rao,2025-05-27 10:35:45
2025-12-15,Singh Solutions,V0020,PO11048,INV021048,ITM008,Spare Parts,3,321.32,963.96,0.28,269.91,1233.87,Partially Paid,,Manoj Desai,2025-12-15 11:25:52
2025-09-29,Verma Distributors,V0010,PO11049,INV021049,ITM014,Transport Charges,13,1774.71,23071.23,0.12,2768.55,25839.78,Paid,2025-11-05,Arjun Sharma,2025-09-29 17:38:49
2025-12-28,Kumar Associates,V0052,PO11050,INV021050,ITM009,Consulting Services,18,1338.25,24088.5,0.18,4335.93,28424.43,Paid,2026-02-10,Anjali Rao,2025-12-28 11:23:10
2026-02-07,Mehta Private Limited ,V0041,PO11051,INV021051,ITM011,Cleaning Supplies,10,457.35,4573.5,0.12,548.82,5122.32,Pending,,Arjun Sharma,2026-02-07 15:54:12
2025-06-09,Kumar Traders,V0019,PO11052,INV021052,ITM007,Packaging Material,61,177.7,10839.7,0.28,3035.12,13874.82,Pending,,Siddharth Iyer,2025-06-09 04:00:04
2025-06-11,Shah Industries,V0014,PO11053,INV021053,ITM015,Stationery Items,8,385.72,3085.76,0.05,154.29,3240.05,Paid,2025-07-30,Manoj Desai,2025-06-11 11:30:52
2026-01-28,Pillai Trading Co,V0026,PO11054,INV021054,ITM013,Raw Chemicals,42,754.73,31698.66,0.12,3803.84,35502.5,Pending,,Kiran Verma,2026-01-28 12:15:53
2026-01-25,Bansal Co,V0015,PO11055,INV021055,ITM005,Printing Paper,103,212.35,21872.05,0.12,2624.65,24496.7,Pending,,Anjali Rao,2026-01-25 19:09:13
2025-12-23,Bansal Solutions Ltd,V0018,PO11056,INV021056,ITM013,Raw Chemicals,1,822.67,822.67,0.18,148.08,970.75,Partially Paid,,Leela Shah,2025-12-23 13:33:06
2026-01-03,Bansal Co,V0015,PO11057,INV021057,ITM011,Cleaning Supplies,20,508.0,10160.0,0.28,2844.8,13004.8,Paid,2026-01-08,Vivek Malhotra,2026-01-03 20:39:29
2025-11-05,Rao Trading Co,V0003,PO11058,INV021058,ITM007,Packaging Material,30,145.14,4354.2,0.18,783.76,5137.96,Partially Paid,,Leela Shah,2025-11-05 18:10:56
2025-08-02,Bansal Co,V0015,PO11059,INV021059,ITM009,Consulting Services,47,135.43,6365.21,0.05,318.26,6683.47,Partially Paid,,Harish Kumar,2025-08-02 19:31:53
2025-08-20,Bansal Distributors,V0004,PO11060,INV021060,ITM011,Cleaning Supplies,18,511.62,9209.16,0.05,460.46,9669.62,Pending,,Harish Kumar,2025-08-20 04:40:32
2025-05-22,Kapoor Solutions,V0043,PO11061,INV021061,ITM014,Transport Charges,6,1833.12,10998.72,0.18,1979.77,12978.49,Paid,2025-06-29,Leela Shah,2025-05-22 20:51:31
2026-03-29,Bansal Co,V0015,PO11062,INV021062,ITM010,Software License,3,22657.54,67972.62,0.28,19032.33,87004.95,Partially Paid,,Harish Kumar,2026-03-29 16:35:38
2026-01-28,Joshi Solutions ,V0039,PO11063,INV021063,ITM009,Consulting Services,2,1561.0,3122.0,0.28,874.16,3996.16,Partially Paid,,Kiran Verma,2026-01-28 21:41:06
2026-03-30,Shah Enterprises,V0008,PO11064,INV021064,ITM013,Raw Chemicals,24,805.0,19320.0,0.12,2318.4,21638.4,Pending,,Arjun Sharma,2026-03-30 18:26:52
2025-12-24,Verma Industries,V0042,PO11065,INV021065,ITM013,Raw Chemicals,19,440.89,8376.91,0.28,2345.53,10722.44,Partially Paid,,Harish Kumar,2025-12-24 09:25:52
2025-04-13,Kapoor Solutions,V0043,PO11066,INV021066,ITM015,Stationery Items,28,359.37,10062.36,0.05,503.12,10565.48,Pending,,Harish Kumar,2025-04-13 19:21:06
2025-09-24,Mehta Co,V0047,PO11067,INV020061,ITM008,Spare Parts,12,1352.82,16233.84,0.18,2922.09,19155.93,Paid,2025-10-15,Leela Shah,2025-09-24 14:15:17
2026-01-06,Joshi Distributors ,V0045,PO11068,INV021068,ITM011,Cleaning Supplies,11,397.69,4374.59,0.18,787.43,5162.02,Pending,,Vivek Malhotra,2026-01-06 19:20:47
2025-05-16,Gupta Associates ,V0050,PO11069,INV021069,ITM014,Transport Charges,14,2199.86,30798.04,0.12,3695.76,34493.8,Partially Paid,,Manoj Desai,2025-05-16 14:22:39
2025-05-17,Desai Suppliers,V0021,PO11070,INV021070,ITM014,Transport Charges,2,2564.47,5128.94,0.18,923.21,6052.15,Partially Paid,,Leela Shah,2025-05-17 19:25:20
2026-03-29,Mittal Solutions Ltd,V0012,PO11071,INV021071,ITM013,Raw Chemicals,13,706.58,9185.54,0.28,2571.95,11757.49,Pending,,Vivek Malhotra,2026-03-29 16:22:21
2025-07-07,Singh Pvt Ltd,V0049,PO11072,INV021072,ITM003,Office Chairs,6,2822.3,16933.8,0.12,2032.06,18965.86,Partially Paid,,Siddharth Iyer,2025-07-07 18:19:58
2025-05-09,Singh Pvt Ltd,V0049,PO11073,INV021073,ITM009,Consulting Services,13,1571.08,20424.04,0.12,2450.88,22874.92,Partially Paid,,Harish Kumar,2025-05-09 12:05:05
2025-06-08,Verma Distributors,V0010,PO11074,INV021074,ITM012,Security Services,13,313.13,4070.69,0.18,732.72,4803.41,Partially Paid,,Siddharth Iyer,2025-06-08 15:06:54
2025-11-13,Iyer Distributors,V0040,PO11075,INV021075,ITM010,Software License,2,29994.39,59988.78,0.05,2999.44,62988.22,Paid,2025-12-26,Siddharth Iyer,2025-11-13 09:15:35
2025-07-25,Rao Pvt Ltd,V0002,PO11076,INV021076,ITM008,Spare Parts,8,1077.77,8622.16,0.12,1034.66,9656.82,Paid,2025-08-04,Arjun Sharma,2025-07-25 16:41:51
2025-11-11,Kumar Traders,V0019,PO11077,INV021077,ITM004,Laptop Computer,5,54632.01,273160.05,0.05,13658.0,286818.05,Partially Paid,,Manoj Desai,2025-11-11 15:35:35
2025-10-16,Sharma Co,V0027,PO11078,INV021078,ITM003,Office Chairs,10,4044.05,40440.5,0.28,11323.34,51763.84,Pending,,Siddharth Iyer,2025-10-16 20:16:45
2025-07-30,Singh Distributors,V0028,PO11079,INV021079,ITM006,Diesel Fuel,461,105.32,48552.52,0.18,8739.45,57291.97,Paid,2025-09-13,Anjali Rao,2025-07-30 14:34:22
2025-06-05,Desai Suppliers,V0021,PO11080,INV021080,ITM014,Transport Charges,13,2233.68,29037.84,0.12,3484.54,32522.38,Partially Paid,,Leela Shah,2025-06-05 10:58:50
2025-07-26,Rao Associates,V0035,PO11081,INV021081,ITM006,Diesel Fuel,414,101.75,42124.5,0.05,2106.22,44230.72,Partially Paid,,Manoj Desai,2025-07-26 20:22:45
2025-12-11,Verma Co,V0030,PO11082,INV021082,ITM005,Printing Paper,118,261.88,30901.84,0.05,1545.09,32446.93,Paid,2025-12-13,Leela Shah,2025-12-11 18:27:04
2026-03-28,Shah Associates,V0036,PO11083,INV021083,ITM011,Cleaning Supplies,23,445.79,10253.17,0.05,512.66,10765.83,Pending,,Kiran Verma,2026-03-28 11:04:43
2026-02-01,Mehta Co,V0047,PO11084,INV021084,ITM005,Printing Paper,187,202.76,37916.12,0.18,6824.9,44741.02,Paid,2026-02-27,Manoj Desai,2026-02-01 16:27:45
2025-09-03,Kapoor Solutions,V0043,PO11085,INV021085,ITM008,Spare Parts,18,1294.66,23303.88,0.18,4194.7,27498.58,Partially Paid,,Harish Kumar,2025-09-03 14:14:36
2026-02-07,Verma Distributors,V0010,PO11086,INV021086,ITM013,Raw Chemicals,56,626.11,35062.16,0.18,6311.19,41373.35,Pending,,Kiran Verma,2026-02-07 09:45:48
2025-06-22,Gupta Associates ,V0050,PO11087,INV021087,ITM002,Cement Bags,34,308.96,10504.64,0.05,525.23,11029.87,Partially Paid,,Anjali Rao,2025-06-22 20:12:15
2025-09-17,Kumar Suppliers,V0054,PO11088,INV021088,ITM003,Office Chairs,8,3820.13,30561.04,0.05,1528.05,32089.09,Partially Paid,,Harish Kumar,2025-09-17 10:06:25
2025-09-23,Kumar Associates,V0052,PO11089,INV021089,ITM007,Packaging Material,90,178.16,16034.4,0.28,4489.63,20524.03,Pending,,Anjali Rao,2025-09-23 11:06:19
2025-08-12,Patel Pvt Ltd,V0046,PO11090,INV021090,ITM007,Packaging Material,64,150.53,9633.92,0.18,1734.11,11368.03,Pending,,Kiran Verma,2025-08-12 15:12:14
2026-02-05,Patel Co,V0022,PO11091,INV021091,ITM008,Spare Parts,17,1083.73,18423.41,0.05,921.17,19344.58,Partially Paid,,Vivek Malhotra,2026-02-05 09:35:03
2025-09-15,Desai Associates,V0007,PO11092,INV021092,ITM003,Office Chairs,9,2817.61,25358.49,0.05,1267.92,26626.41,Partially Paid,,Vivek Malhotra,2025-09-15 15:19:01
2025-12-12,Rao Suppliers ,V0055,PO11093,INV021093,ITM002,Cement Bags,13,337.47,4387.11,0.12,526.45,4913.56,Pending,,Kiran Verma,2025-12-12 11:34:13
2025-06-30,Patel Suppliers,V0056,PO11094,INV021094,ITM011,Cleaning Supplies,39,427.35,16666.65,0.12,2000.0,18666.65,Paid,2025-08-02,Anjali Rao,2025-06-30 16:45:54
2025-06-01,Rao Pvt Ltd,V0002,PO11095,INV021095,ITM010,Software License,3,28882.34,86647.02,0.05,4332.35,90979.37,Paid,2025-06-24,Anjali Rao,2025-06-01 04:59:18
2025-07-08,Kapoor Industries,V0038,PO11096,INV021096,ITM009,Consulting Services,29,1259.83,36535.07,0.12,4384.21,40919.28,Pending,,Leela Shah,2025-07-08 18:09:39
2025-05-30,Shah Associates Ltd,V0036,PO11097,INV021097,ITM014,Transport Charges,13,2154.18,28004.34,0.28,7841.22,35845.56,Pending,,Manoj Desai,2025-05-30 19:35:04
2025-10-24,Joshi Co,V0024,PO11098,INV021098,ITM003,Office Chairs,8,3063.68,24509.44,0.12,2941.13,27450.57,Pending,,Kiran Verma,2025-10-24 09:22:03
2025-12-26,Rao Suppliers ,V0055,PO11099,INV021099,ITM009,Consulting Services,22,1592.88,35043.36,0.05,1752.17,36795.53,Partially Paid,,Harish Kumar,2025-12-26 18:36:44
2025-11-16,Singh Pvt Ltd,V0049,PO11100,INV021100,ITM009,Consulting Services,10,1392.19,13921.9,0.12,1670.63,15592.53,Partially Paid,,Harish Kumar,2025-11-16 21:12:18
2025-12-08,Pillai Trading Co,V0026,PO11101,INV021101,ITM007,Packaging Material,11,179.31,1972.41,0.28,552.27,2524.68,Pending,,Harish Kumar,2025-12-08 10:20:35
2025-04-22,Singh Solutions,V0020,PO11102,INV021102,ITM008,Spare Parts,2,1213.22,2426.44,0.18,436.76,2863.2,Partially Paid,,Anjali Rao,2025-04-22 12:05:19
2025-09-03,Verma Industries,V0042,PO11103,INV021103,ITM006,Diesel Fuel,274,73.01,20004.74,0.05,1000.24,21004.98,Partially Paid,,Arjun Sharma,2025-09-03 15:12:22
2025-07-01,Patel Distributors,V0053,PO11104,INV021104,ITM014,Transport Charges,12,2207.37,26488.44,0.28,7416.76,33905.2,Partially Paid,,Arjun Sharma,2025-07-01 17:23:43
2025-07-23,Bansal Suppliers,V0059,PO11105,INV021105,ITM004,Laptop Computer,4,64899.21,259596.84,0.05,12979.84,272576.68,Partially Paid,,Manoj Desai,2025-07-23 20:20:04
2025-07-15,Bansal Suppliers,V0032,PO11106,INV021106,ITM004,Laptop Computer,1,64285.9,64285.9,0.05,3214.3,67500.2,Pending,,Arjun Sharma,2025-07-15 20:07:59
2025-07-26,Nair Traders,V0058,PO11107,INV021107,ITM004,Laptop Computer,2,65715.88,131431.76,0.18,23657.72,155089.48,Pending,,Arjun Sharma,2025-07-26 14:58:53
2025-11-03,Verma Distributors,V0010,PO11108,INV021108,ITM003,Office Chairs,10,3735.95,37359.5,0.12,4483.14,41842.64,Partially Paid,,Siddharth Iyer,2025-11-03 19:36:45
2025-04-06,Joshi Trading Co,V0057,PO11109,INV021109,ITM011,Cleaning Supplies,27,50000.0,1350000.0,0.18,243000.0,1593000.0,Pending,,Siddharth Iyer,2025-04-06 15:52:26
2025-04-06,Kumar Suppliers,V0054,PO11110,INV021110,ITM015,Stationery Items,63,315.48,19875.24,0.12,2385.03,22260.27,Paid,2025-05-21,Leela Shah,2025-04-06 19:44:25
2025-05-30,Kumar Solutions,V0009,PO11111,INV021111,ITM011,Cleaning Supplies,5,474.77,2373.85,0.12,284.86,2658.71,Pending,,Kiran Verma,2025-05-30 11:57:50
2025-08-10,Mittal Solutions,V0012,PO11112,INV021112,ITM009,Consulting Services,6,1766.1,10596.6,0.18,1907.39,12503.99,Partially Paid,,Harish Kumar,2025-08-10 19:45:59
2025-08-12,Kumar Traders,V0019,PO11113,INV021113,ITM009,Consulting Services,10,1713.3,17133.0,0.18,3083.94,20216.94,Pending,,Manoj Desai,2025-08-12 10:48:07
2025-04-19,Singh Enterprises,V0006,PO11114,INV021114,ITM009,Consulting Services,7,1276.27,8933.89,0.28,2501.49,11435.38,Paid,2025-05-04,Arjun Sharma,2025-04-19 16:30:06
2025-10-07,Mittal Solutions,V0012,PO11115,INV021115,ITM002,Cement Bags,16,311.8,4988.8,0.05,249.44,5238.24,Pending,,Arjun Sharma,2025-10-07 23:47:09
2025-04-23,Kapoor Solutions,V0043,PO11116,INV021116,ITM015,Stationery Items,27,381.49,10300.23,0.12,1236.03,11536.26,Pending,,Siddharth Iyer,2025-04-23 18:00:09
2026-02-24,Bansal Suppliers,V0059,PO11117,INV021117,ITM003,Office Chairs,8,3080.91,24647.28,0.18,4436.51,29083.79,Paid,2026-03-15,Kiran Verma,2026-02-24 09:25:24
2025-11-11,Bansal Co,V0015,PO11118,INV021118,ITM003,Office Chairs,6,3721.22,22327.32,0.12,2679.28,25006.6,Paid,2026-01-04,Manoj Desai,2025-11-11 09:55:28
2026-01-06,Joshi Solutions ,V0039,PO11119,INV021119,ITM009,Consulting Services,18,1296.66,23339.88,0.18,4201.18,27541.06,Partially Paid,,Kiran Verma,2026-01-06 14:03:07
2025-09-12,Sharma Co,V0027,PO11120,INV021120,ITM009,Consulting Services,20,1632.29,32645.8,0.05,1632.29,34278.09,Paid,2025-10-26,Manoj Desai,2025-09-12 14:02:09
2025-10-16,Mehta Distributors,V0001,PO11121,INV021121,ITM007,Packaging Material,73,148.21,10819.33,0.05,540.97,11360.3,Paid,2025-12-04,Arjun Sharma,2025-10-16 21:36:07
2025-11-30,Malhotra Pvt Ltd,V0037,PO11122,INV021122,ITM009,Consulting Services,1,1589.32,1589.32,0.05,79.47,1668.79,Pending,,Harish Kumar,2025-11-30 18:41:24
2025-09-24,Patel Co,V0029,PO11123,INV021123,ITM015,Stationery Items,63,365.77,23043.51,0.12,2765.22,25808.73,Paid,2025-10-24,Vivek Malhotra,2025-09-24 19:29:30
2025-10-16,Bansal Co,V0015,PO11124,INV021124,ITM003,Office Chairs,3,4148.26,12444.78,0.18,2240.06,14684.84,Pending,,Arjun Sharma,2025-10-16 13:56:10
2025-10-28,Singh Distributors,V0028,PO11125,INV021125,ITM013,Raw Chemicals,10,637.28,6372.8,0.18,1147.1,7519.9,Paid,2025-11-23,Anjali Rao,2025-10-28 20:56:34
2025-11-02,Kumar Suppliers,V0054,PO11126,INV021126,ITM011,Cleaning Supplies,14,529.54,7413.56,0.18,1334.44,8748.0,Pending,,Leela Shah,2025-11-02 15:29:46
2025-10-22,Shah Industries,V0025,PO11127,INV021127,ITM008,Spare Parts,11,1116.49,12281.39,0.18,2210.65,14492.04,Paid,2025-11-07,Manoj Desai,2025-10-22 11:46:33
2025-11-24,Patel Pvt Ltd,V0046,PO11128,INV021128,ITM004,Laptop Computer,5,51995.13,259975.65,0.12,31197.08,291172.73,Pending,,Vivek Malhotra,2025-11-24 17:55:48
2025-05-26,Verma Industries,V0042,PO11129,INV021129,ITM005,Printing Paper,101,214.13,21627.13,0.12,2595.26,24222.39,Pending,,Harish Kumar,2025-05-26 17:41:28
2026-03-04,Desai Associates,V0013,PO11130,INV020436,ITM004,Laptop Computer,5,63578.34,317891.7,0.18,57220.51,375112.21,Paid,2026-04-02,Arjun Sharma,2026-03-04 15:59:33
2026-03-15,Shah Industries Ltd,V0014,PO11131,INV021131,ITM007,Packaging Material,35,214.82,7518.7,0.12,902.24,8420.94,Partially Paid,,Harish Kumar,2026-03-15 18:49:09
2025-11-26,Malhotra Pvt Ltd,V0037,PO11132,INV021132,ITM013,Raw Chemicals,10,752.32,7523.2,0.12,902.78,8425.98,Paid,2026-01-14,Leela Shah,2025-11-26 12:55:47
2025-05-04,Desai Suppliers,V0021,PO11133,INV021133,ITM010,Software License,3,20970.65,62911.95,0.05,3145.6,66057.55,Paid,2025-05-26,Kiran Verma,2025-05-04 10:01:00
2025-07-19,Joshi Co,V0060,PO11134,INV021134,ITM015,Stationery Items,10,181.2,1812.0,0.18,326.16,2138.16,Pending,,Vivek Malhotra,2025-07-19 13:53:04
2025-06-29,Kapoor Industries,V0038,PO11135,INV021135,ITM015,Stationery Items,61,327.41,19972.01,0.28,5592.16,25564.17,Partially Paid,,Anjali Rao,2025-06-29 13:19:06
2025-12-29,Nair Traders,V0058,PO11136,INV021136,ITM015,Stationery Items,21,338.13,7100.73,0.12,852.09,7952.82,Partially Paid,,Leela Shah,2025-12-29 18:26:10
2025-06-15,Joshi Distributors ,V0045,PO11137,INV021137,ITM005,Printing Paper,30,266.39,7991.7,0.12,959.0,8950.7,Paid,2025-06-24,Harish Kumar,2025-06-15 16:06:48
2026-01-26,Iyer Industries,V0031,PO11138,INV021138,ITM007,Packaging Material,22,199.23,4383.06,0.28,1227.26,5610.32,Pending,,Anjali Rao,2026-01-26 20:52:23
2026-01-16,Patel Co,V0029,PO11139,INV021139,ITM015,Stationery Items,63,412.52,25988.76,0.05,1299.44,27288.2,Paid,2026-03-14,Vivek Malhotra,2026-01-16 14:56:21
2025-05-27,Mittal Solutions,V0012,PO11140,INV020300,ITM003,Office Chairs,7,4083.47,28584.29,0.18,5145.17,33729.46,Pending,,Kiran Verma,2025-05-27 21:42:12
2026-01-28,Mittal Enterprises,V0023,PO11141,INV021141,ITM010,Software License,1,26218.62,26218.62,0.28,7341.21,33559.83,Pending,,Manoj Desai,2026-01-28 15:10:23
2025-06-25,Desai Traders,V0033,PO11142,INV021142,ITM005,Printing Paper,126,231.86,29214.36,0.05,1460.72,30675.08,Partially Paid,,Siddharth Iyer,2025-06-25 09:41:15
2026-03-03,Sharma Distributors,V0017,PO11143,INV021143,ITM008,Spare Parts,11,979.42,10773.62,0.28,3016.61,13790.23,Pending,,Arjun Sharma,2026-03-03 16:42:05
2025-09-02,Patel Suppliers,V0056,PO11144,INV021144,ITM015,Stationery Items,74,1000.0,74000.0,0.05,3700.0,77700.0,Pending,,Harish Kumar,2025-09-02 15:12:57
2025-12-19,Rao Trading Co,V0003,PO11145,INV021145,ITM012,Security Services,1,16816.57,16816.57,0.18,3026.98,19843.55,Pending,,Anjali Rao,2025-12-19 22:26:45
2025-08-15,Mittal Enterprises,V0023,PO11146,INV021146,ITM012,Security Services,1,17919.58,17919.58,0.18,3225.52,21145.1,Partially Paid,,Kiran Verma,2025-08-15 10:58:28
2025-04-12,Kumar Associates,V0052,PO11147,INV021147,ITM011,Cleaning Supplies,33,521.25,17201.25,0.18,3096.22,20297.47,Paid,2025-04-28,Kiran Verma,2025-04-12 21:08:51
2025-07-31,Mittal Solutions,V0012,PO11148,INV021148,ITM006,Diesel Fuel,79,92.59,7314.61,0.05,365.73,7680.34,Paid,2025-08-01,Arjun Sharma,2025-07-31 21:05:55
2025-05-07,Kapoor Enterprises,V0048,PO11149,INV021149,ITM013,Raw Chemicals,56,907.58,50824.48,0.18,9148.41,59972.89,Pending,,Vivek Malhotra,2025-05-07 11:37:40
2025-07-12,Desai Associates Ltd,V0007,PO11150,INV021150,ITM010,Software License,1,27041.48,27041.48,0.05,1352.07,28393.55,Paid,2025-07-18,Kiran Verma,2025-07-12 20:59:05
2025-05-11,Mehta Distributors,V0001,PO11151,INV021151,ITM007,Packaging Material,27,147.6,3985.2,0.12,478.22,4463.42,Partially Paid,,Manoj Desai,2025-05-11 15:20:40
2026-02-04,Iyer Industries,V0031,PO11152,INV021152,ITM014,Transport Charges,12,2629.38,31552.56,0.12,3786.31,35338.87,Pending,,Arjun Sharma,2026-02-04 20:11:30
2025-07-11,Mittal Solutions,V0012,PO11153,INV021153,ITM009,Consulting Services,3,1305.51,3916.53,0.05,195.83,4112.36,Partially Paid,,Manoj Desai,2025-07-11 04:09:56
2025-09-12,Joshi Distributors ,V0045,PO11154,INV021154,ITM002,Cement Bags,13,279.94,3639.22,0.05,181.96,3821.18,Pending,,Siddharth Iyer,2025-09-12 21:14:10
2025-09-24,Joshi Solutions ,V0039,PO11155,INV021155,ITM007,Packaging Material,28,174.71,4891.88,0.18,880.54,5772.42,Paid,2025-11-05,Siddharth Iyer,2025-09-24 20:15:33
2025-09-24,Singh Pvt Ltd,V0049,PO11156,INV021156,ITM003,Office Chairs,64,124.65,7977.6,0.05,398.88,8376.48,Pending,,Kiran Verma,2025-09-24 20:03:39
2026-03-12,Reddy Co,V0044,PO11157,INV021157,ITM013,Raw Chemicals,1,928.88,928.88,0.28,260.09,1188.97,Pending,,Kiran Verma,2026-03-12 10:20:37
2025-12-02,Malhotra Pvt Ltd,V0037,PO11158,INV021158,ITM005,Printing Paper,116,235.81,27353.96,0.18,4923.71,32277.67,Pending,,Vivek Malhotra,2025-12-02 14:31:19
2025-04-22,Rao Associates,V0035,PO11159,INV021159,ITM012,Security Services,1,18628.05,18628.05,0.12,2235.37,20863.42,Pending,,Leela Shah,2025-04-22 20:22:26
2025-11-24,Desai Suppliers,V0021,PO11160,INV021160,ITM015,Stationery Items,60,401.62,24097.2,0.28,6747.22,30844.42,Partially Paid,,Harish Kumar,2025-11-24 16:09:09
2026-02-18,Rao Pvt Ltd,V0002,PO11161,INV021161,ITM014,Transport Charges,13,2038.72,26503.36,0.12,3180.4,29683.76,Paid,2026-03-18,Anjali Rao,2026-02-18 02:25:23
2025-10-18,Verma Distributors,V0010,PO11162,INV021162,ITM010,Software License,1,20948.46,20948.46,0.12,2513.82,23462.28,Pending,,Manoj Desai,2025-10-18 16:09:17
2026-01-07,Rao Pvt Ltd,V0002,PO11163,INV021163,ITM008,Spare Parts,6,1105.69,6634.14,0.28,1857.56,8491.7,Pending,,Leela Shah,2026-01-07 13:14:12
2025-05-01,Singh Distributors,V0028,PO11164,INV021164,ITM007,Packaging Material,63,213.78,13468.14,0.12,1616.18,15084.32,Pending,,Leela Shah,2025-05-01 14:06:04
2025-06-21,Kumar Traders,V0019,PO11165,INV021165,ITM003,Office Chairs,9,4120.67,37086.03,0.12,4450.32,41536.35,Partially Paid,,Harish Kumar,2025-06-21 14:40:19
2025-10-09,Iyer Distributors,V0040,PO11166,INV021166,ITM002,Cement Bags,34,292.08,9930.72,0.12,1191.69,11122.41,Paid,2025-11-02,Leela Shah,2025-10-09 21:44:55
2025-07-17,Pillai Trading Co,V0005,PO11167,INV021167,ITM001,Steel Rods,48,43.51,2088.48,0.28,584.77,2673.25,Pending,,Leela Shah,2025-07-17 14:44:14
2026-03-24,Bansal Trading Co,V0051,PO11168,INV021168,ITM005,Printing Paper,148,279.38,41348.24,0.18,7442.68,48790.92,Pending,,Manoj Desai,2026-03-24 12:57:08
2025-11-27,Patel Pvt Ltd,V0046,PO11169,INV021169,ITM010,Software License,1,24885.88,24885.88,0.12,2986.31,27872.19,Paid,2025-12-22,Anjali Rao,2025-11-27 09:20:32
2025-10-04,Desai Suppliers,V0021,PO11170,INV021170,ITM002,Cement Bags,30,333.13,9993.9,0.28,2798.29,12792.19,Paid,2025-10-19,Arjun Sharma,2025-10-04 21:03:30
2025-08-18,Mittal Enterprises,V0023,PO11171,INV021171,ITM014,Transport Charges,26,324.75,8443.5,0.28,2364.18,10807.68,Partially Paid,,Manoj Desai,2025-08-18 14:31:20
2025-07-09,Desai Associates Ltd,V0013,PO11172,INV021172,ITM015,Stationery Items,38,382.68,14541.84,0.05,727.09,15268.93,Pending,,Manoj Desai,2025-07-09 17:51:32
2025-06-13,Singh Distributors,V0028,PO11173,INV021173,ITM012,Security Services,1,16279.11,16279.11,0.05,813.96,17093.07,Partially Paid,,Harish Kumar,2025-06-13 04:01:01
2025-06-15,Singh Enterprises,V0006,PO11174,INV021174,ITM006,Diesel Fuel,398,104.75,41690.5,0.28,11673.34,53363.84,Partially Paid,,Anjali Rao,2025-06-15 16:40:24
2025-11-20,Joshi Solutions ,V0039,PO11175,INV021175,ITM008,Spare Parts,4,1409.71,5638.84,0.18,1014.99,6653.83,Partially Paid,,Leela Shah,2025-11-20 13:12:45
2025-06-03,Kumar Traders,V0019,PO11176,INV021176,ITM003,Office Chairs,6,4138.55,24831.3,0.12,2979.76,27811.06,Partially Paid,,Leela Shah,2025-06-03 09:55:20
2026-02-16,Joshi Co,V0024,PO11177,INV021177,ITM003,Office Chairs,7,3570.18,24991.26,0.18,4498.43,29489.69,Pending,,Anjali Rao,2026-02-16 15:41:20
2026-01-15,Desai Suppliers,V0021,PO11178,INV021178,ITM010,Software License,3,22829.09,68487.27,0.05,3424.36,71911.63,Partially Paid,,Arjun Sharma,2026-01-15 21:36:02
2025-05-05,Mehta Co,V0047,PO11179,INV021179,ITM012,Security Services,1,14859.92,14859.92,0.12,1783.19,16643.11,Partially Paid,,Anjali Rao,2025-05-05 11:09:06
2025-09-21,Patel Pvt Ltd,V0046,PO11180,INV021180,ITM004,Laptop Computer,3,65391.03,196173.09,0.05,9808.65,205981.74,Paid,2025-10-23,Harish Kumar,2025-09-21 10:26:21
2026-03-22,Rao Associates,V0035,PO11181,INV021181,ITM001,Steel Rods,83,50.22,4168.26,0.28,1167.11,5335.37,Paid,2026-05-14,Manoj Desai,2026-03-22 11:35:52
2025-04-29,Patel Co,V0029,PO11182,INV021182,ITM003,Office Chairs,5,3118.35,15591.75,0.05,779.59,16371.34,Paid,2025-05-03,Manoj Desai,2025-04-29 19:43:35
2025-06-18,Iyer Industries,V0031,PO11183,INV021183,ITM001,Steel Rods,29,49.65,1439.85,0.05,71.99,1511.84,Pending,,Harish Kumar,2025-06-18 11:32:20
2025-08-27,Singh Pvt Ltd,V0049,PO11184,INV021184,ITM011,Cleaning Supplies,2,451.84,903.68,0.28,253.03,1156.71,Partially Paid,,Harish Kumar,2025-08-27 16:01:42
2025-07-16,Shah Associates,V0036,PO11185,INV021185,ITM002,Cement Bags,13,331.48,4309.24,0.05,215.46,4524.7,Paid,2025-08-08,Kiran Verma,2025-07-16 12:37:31
2025-06-24,Kapoor Industries,V0038,PO11186,INV021186,ITM015,Stationery Items,66,405.8,26782.8,0.18,4820.9,31603.7,Partially Paid,,Arjun Sharma,2025-06-24 15:13:09
2025-12-18,Bansal Suppliers,V0059,PO11187,INV021187,ITM011,Cleaning Supplies,18,460.13,8282.34,0.18,1490.82,9773.16,Paid,2026-02-05,Siddharth Iyer,2025-12-18 15:10:53
2026-02-28,Patel Co,V0022,PO11188,INV021188,ITM004,Laptop Computer,3,52637.91,157913.73,0.18,28424.47,186338.2,Pending,,Harish Kumar,2026-02-28 13:28:01
2025-05-25,Shah Industries,V0014,PO11189,INV021189,ITM003,Office Chairs,1,3342.43,3342.43,0.05,167.12,3509.55,Paid,2025-06-07,Siddharth Iyer,2025-05-25 20:59:55
2025-04-28,Kumar Suppliers,V0054,PO11190,INV021190,ITM012,Security Services,1,16998.76,16998.76,0.12,2039.85,19038.61,Partially Paid,,Siddharth Iyer,2025-04-28 19:40:14
2025-07-02,Shah Industries,V0014,PO11191,INV021191,ITM009,Consulting Services,10,1207.42,12074.2,0.05,603.71,12677.91,Partially Paid,,Harish Kumar,2025-07-02 14:13:31
2025-06-24,Mehta Co,V0047,PO11192,INV021192,ITM006,Diesel Fuel,201,93.67,18827.67,0.28,5271.75,24099.42,Partially Paid,,Siddharth Iyer,2025-06-24 16:30:35
2025-04-01,Bansal Trading Co,V0051,PO11193,INV021193,ITM011,Cleaning Supplies,5,470.95,2354.75,0.12,282.57,2637.32,Paid,2025-04-19,Arjun Sharma,2025-04-01 09:39:03
2025-07-20,Patel Co,V0029,PO11194,INV021194,ITM007,Packaging Material,48,138.89,6666.72,0.12,800.01,7466.73,Partially Paid,,Vivek Malhotra,2025-07-20 19:12:27
2025-06-01,Bansal Solutions,V0018,PO11195,INV020061,ITM007,Packaging Material,39,199.47,7779.33,0.05,388.97,8168.3,Paid,2025-06-09,Arjun Sharma,2025-06-01 13:09:16
2025-05-15,Joshi Trading Co,V0057,PO11196,INV021196,ITM015,Stationery Items,23,282.01,6486.23,0.28,1816.14,8302.37,Partially Paid,,Siddharth Iyer,2025-05-15 20:15:29
2025-06-18,Bansal Solutions,V0018,PO11197,INV021197,ITM001,Steel Rods,9,49.17,442.53,0.28,123.91,566.44,Partially Paid,,Harish Kumar,2025-06-18 12:04:25
2025-04-07,Rao Trading Co,V0003,PO11198,INV020447,ITM008,Spare Parts,15,1157.96,17369.4,0.28,4863.43,22232.83,Pending,,Siddharth Iyer,2025-04-07 18:57:02
2025-08-18,Mehta Co,V0047,PO11199,INV021199,ITM008,Spare Parts,9,971.72,8745.48,0.12,1049.46,9794.94,Pending,,Arjun Sharma,2025-08-18 12:15:44
2025-12-07,Verma Industries,V0042,PO11200,INV021200,ITM001,Steel Rods,72,53.14,3826.08,0.28,1071.3,4897.38,Partially Paid,,Arjun Sharma,2025-12-07 21:14:45
