Sale_Date,Customer_Name,Customer_ID,Invoice_Number,Product_Code,Product_Name,Quantity_Sold,Unit_Price,Sales_Amount,GST_Rate,GST_Charged,Total_Invoice_Value,Payment_Status,Payment_Date,Credit_Note,Entry_Timestamp
2025-05-28,Rajesh & Sons,C0004,SINV030001,PRD009,Spare Kit S1,38,4843.95,184070.1,0.05,9203.51,193273.61,Outstanding,,No,2025-05-28 17:42:17
2025-07-19,Lakshmi Exports,C0021,SINV030002,PRD004,Assembly Unit B,16,60000.0,960000.0,0.28,268800.0,1228800.0,Received,2025-08-01,No,2025-07-19 12:42:30
2025-06-14,Arun Pvt Ltd,C0012,SINV030003,PRD007,Custom Fabrication,9,19659.66,176936.94,0.05,8846.85,185783.79,Received,2025-08-15,No,2025-06-14 19:08:54
2025-08-05,Amit Exports,C0033,SINV030004,PRD002,Processed Cement,161,4025.77,648148.97,0.12,77777.88,725926.85,Received,2025-09-08,No,2025-08-05 19:48:26
2025-04-22,Sanjay Trading,C0027,SINV030005,PRD001,Finished Steel Pipe,29,2541.79,73711.91,0.28,20639.33,94351.24,Partially Received,,No,2025-04-22 14:49:25
2026-02-05,Rahul Exports,C0024,SINV030006,PRD007,Custom Fabrication,3,21863.81,65591.43,0.28,18365.6,83957.03,Partially Received,,No,2026-02-05 12:47:58
2026-02-01,Sanjay Trading,C0027,SINV030007,PRD003,Assembly Unit A,50,7416.39,370819.5,0.12,44498.34,415317.84,Partially Received,,No,2026-02-01 17:18:31
2026-01-13,Anita Wholesale,C0002,SINV030008,PRD007,Custom Fabrication,3,23801.26,71403.78,0.05,3570.19,74973.97,Received,2026-03-02,No,2026-01-13 10:45:57
2026-02-27,Lakshmi Ltd,C0026,SINV030009,PRD005,Chemical Compound X,78,100000.0,7800000.0,0.28,2184000.0,9984000.0,Partially Received,,No,2026-02-27 21:58:21
2025-12-18,Lakshmi Exports,C0021,SINV030010,PRD005,Chemical Compound X,144,4057.33,584255.52,0.28,163591.55,747847.07,Partially Received,,No,2025-12-18 16:24:48
2025-11-27,Amit & Sons,C0039,SINV030011,PRD010,Export Consignment,2,85692.6,171385.2,0.12,20566.22,191951.42,Partially Received,,No,2025-11-27 14:05:44
2025-08-26,Ravi Retail,C0017,SINV030012,PRD005,Chemical Compound X,-6,4214.62,-25287.72,0.18,-4551.79,-29839.51,Outstanding,,Yes,2025-08-26 18:32:14
2025-09-26,Arun Trading,C0016,SINV030013,PRD010,Export Consignment,2,75397.61,150795.22,0.12,18095.43,168890.65,Outstanding,,No,2025-09-26 13:12:52
2026-03-09,Arun & Sons,C0018,SINV030014,PRD005,Chemical Compound X,36,3926.42,141351.12,0.28,39578.31,180929.43,Partially Received,,No,2026-03-09 19:12:49
2026-03-31,Usha Ltd,C0019,SINV030015,PRD004,Assembly Unit B,7,13072.91,91510.37,0.18,16471.87,107982.24,Partially Received,,No,2026-03-31 17:35:20
2025-08-28,Priya & Sons,C0034,SINV030016,PRD003,Assembly Unit A,39,9239.36,360335.04,0.05,18016.75,378351.79,Outstanding,,No,2025-08-28 19:15:13
2025-08-04,Arun Pvt Ltd,C0012,SINV030017,PRD008,Maintenance Contract,3,39541.08,118623.24,0.18,21352.18,139975.42,Outstanding,,No,2025-08-04 15:30:45
2025-08-09,Rahul Imports,C0035,SINV030018,PRD006,Packaged Product P,64,1367.94,87548.16,0.12,10505.78,98053.94,Partially Received,,No,2025-08-09 18:04:16
2025-07-06,Lakshmi Ltd,C0026,SINV030019,PRD001,Finished Steel Pipe,507,2762.0,1400334.0,0.05,70016.7,1470350.7,Partially Received,,No,2025-07-06 21:59:16
2025-07-11,Kavya Wholesale,C0038,SINV030020,PRD005,Chemical Compound X,126,3702.89,466564.14,0.28,130637.96,597202.1,Outstanding,,No,2025-07-11 13:03:27
2025-06-01,Meena Retail,C0028,SINV030021,PRD007,Custom Fabrication,6,23716.82,142300.92,0.18,25614.17,167915.09,Received,2025-06-07,No,2025-06-01 11:11:07
2025-06-05,Arun & Sons,C0018,SINV030022,PRD002,Processed Cement,-7,3704.22,-25929.54,0.18,-4667.32,-30596.86,Partially Received,,Yes,2025-06-05 21:06:59
2026-02-14,Pooja Mart,C0001,SINV030023,PRD002,Processed Cement,-7,3764.34,-26350.38,0.18,-4743.07,-31093.45,Received,2026-05-05,Yes,2026-02-14 20:17:18
2026-01-08,Amit & Sons,C0039,SINV030024,PRD010,Export Consignment,1,64266.47,64266.47,0.18,11567.96,75834.43,Partially Received,,No,2026-01-08 14:53:15
2025-10-14,Lakshmi Exports,C0021,SINV030025,PRD004,Assembly Unit B,1,13636.1,13636.1,0.12,1636.33,15272.43,Received,2025-12-27,No,2025-10-14 12:34:39
2025-06-03,Arun Pvt Ltd,C0040,SINV030026,PRD005,Chemical Compound X,105,3298.65,346358.25,0.28,96980.31,443338.56,Outstanding,,No,2025-06-03 10:15:54
2025-07-22,Arun Pvt Ltd,C0040,SINV030027,PRD003,Assembly Unit A,16,8936.46,142983.36,0.12,17158.0,160141.36,Outstanding,,No,2025-07-22 13:06:00
2025-11-15,Kavya Wholesale,C0038,SINV030028,PRD010,Export Consignment,1,72942.03,72942.03,0.28,20423.77,93365.8,Outstanding,,No,2025-11-15 12:14:06
2026-02-09,Pooja Mart,C0029,SINV030029,PRD003,Assembly Unit A,35,9175.89,321156.15,0.28,89923.72,411079.87,Received,2026-05-07,No,2026-02-09 21:24:01
2025-09-12,Deepa Trading,C0032,SINV030030,PRD007,Custom Fabrication,10,21260.14,212601.4,0.18,38268.25,250869.65,Outstanding,,No,2025-09-12 09:31:32
2025-06-13,Amit & Sons,C0039,SINV030031,PRD004,Assembly Unit B,27,12716.14,343335.78,0.18,61800.44,405136.22,Outstanding,,No,2025-06-13 20:04:38
2025-07-21,Deepa Wholesale,C0011,SINV030032,PRD007,Custom Fabrication,5,20341.85,101709.25,0.12,12205.11,113914.36,Outstanding,,No,2025-07-21 14:22:25
2025-04-13,Priya Stores,C0015,SINV030033,PRD007,Custom Fabrication,4,22960.15,91840.6,0.28,25715.37,117555.97,Received,2025-06-10,No,2025-04-13 19:59:36
2025-10-02,Arun Trading,C0025,SINV030034,PRD010,Export Consignment,-7,81725.35,-572077.45,0.18,-102973.94,-675051.39,Outstanding,,Yes,2025-10-02 15:01:31
2025-09-26,Amit Trading,C0006,SINV030035,PRD007,Custom Fabrication,5,21858.3,109291.5,0.18,19672.47,128963.97,Received,2025-10-25,No,2025-09-26 12:17:23
2025-04-19,Kavya Wholesale,C0038,SINV030036,PRD009,Spare Kit S1,49,4409.16,216048.84,0.12,25925.86,241974.7,Partially Received,,No,2025-04-19 15:23:03
2025-08-07,Deepa Wholesale,C0011,SINV030037,PRD002,Processed Cement,66,4140.91,273300.06,0.05,13665.0,286965.06,Outstanding,,No,2025-08-07 10:33:59
2025-07-05,Lakshmi Exports,C0010,SINV030038,PRD007,Custom Fabrication,3,22135.35,66406.05,0.18,11953.09,78359.14,Received,2025-07-17,No,2025-07-05 12:26:19
2025-08-26,Arun Pvt Ltd,C0040,SINV030039,PRD001,Finished Steel Pipe,172,2578.45,443493.4,0.12,53219.21,496712.61,Received,2025-11-12,No,2025-08-26 17:30:27
2025-08-16,Rahul Ltd,C0005,SINV030040,PRD002,Processed Cement,32,4551.61,145651.52,0.05,7282.58,152934.1,Partially Received,,No,2025-08-16 21:11:34
2025-12-30,Rahul Exports,C0024,SINV030041,PRD003,Assembly Unit A,1,8054.97,8054.97,0.12,966.6,9021.57,Received,2026-02-03,No,2025-12-30 11:15:50
2025-10-19,Amit Exports,C0033,SINV030042,PRD001,Finished Steel Pipe,481,2510.96,1207771.76,0.05,60388.59,1268160.35,Received,2025-11-19,No,2025-10-19 11:10:03
2025-08-04,Sunita Ltd,C0037,SINV030043,PRD005,Chemical Compound X,29,10000.0,290000.0,0.28,81200.0,371200.0,Received,2025-10-25,No,2025-08-04 16:11:45
2025-10-11,Amit & Sons,C0039,SINV030044,PRD001,Finished Steel Pipe,472,2824.27,1333055.44,0.05,66652.77,1399708.21,Outstanding,,No,2025-10-11 11:00:18
2025-12-25,Lakshmi Ltd,C0026,SINV030045,PRD009,Spare Kit S1,23,5212.39,119884.97,0.28,33567.79,153452.76,Partially Received,,No,2025-12-25 16:41:33
2025-06-25,Lakshmi Ltd,C0026,SINV030046,PRD005,Chemical Compound X,33,3929.23,129664.59,0.28,36306.09,165970.68,Received,2025-07-05,No,2025-06-25 17:54:31
2025-05-30,Amit & Sons,C0039,SINV030047,PRD006,Packaged Product P,196,1155.34,226446.64,0.18,40760.4,267207.04,Outstanding,,No,2025-05-30 18:57:26
2025-07-11,Anita Wholesale,C0002,SINV030048,PRD006,Packaged Product P,223,1299.03,289683.69,0.28,81111.43,370795.12,Received,2025-09-07,No,2025-07-11 21:01:13
2025-06-12,Meena Imports,C0020,SINV030049,PRD007,Custom Fabrication,8,66000.0,528000.0,0.12,63360.0,591360.0,Outstanding,,No,2025-06-12 09:57:14
2025-07-14,Priya Wholesale,C0030,SINV030050,PRD008,Maintenance Contract,1,32326.34,32326.34,0.18,5818.74,38145.08,Received,2025-10-04,No,2025-07-14 23:08:26
2025-04-28,Deepa Pvt Ltd,C0007,SINV030051,PRD005,Chemical Compound X,99,4018.01,397782.99,0.18,71600.94,469383.93,Outstanding,,No,2025-04-28 14:29:58
2025-09-29,Rahul Ltd,C0005,SINV030052,PRD010,Export Consignment,1,84764.49,84764.49,0.18,15257.61,100022.1,Outstanding,,No,2025-09-29 17:35:30
2025-07-09,Rahul Ltd,C0005,SINV030053,PRD006,Packaged Product P,85,1023.98,87038.3,0.18,15666.89,102705.19,Received,2025-07-28,No,2025-07-09 13:59:32
2025-04-13,Arun Wholesale,C0036,SINV030054,PRD005,Chemical Compound X,134,3460.97,463769.98,0.05,23188.5,486958.48,Outstanding,,No,2025-04-13 17:13:40
2025-09-25,Lakshmi Ltd,C0026,SINV030055,PRD006,Packaged Product P,189,1038.33,196244.37,0.28,54948.42,251192.79,Partially Received,,No,2025-09-25 18:20:18
2025-12-20,Pooja Mart,C0029,SINV030056,PRD008,Maintenance Contract,-9,38201.3,-343811.7,0.28,-96267.28,-440078.98,Partially Received,,Yes,2025-12-20 09:42:49
2025-10-11,Amit Exports,C0033,SINV030057,PRD002,Processed Cement,113,4491.63,507554.19,0.12,60906.5,568460.69,Partially Received,,No,2025-10-11 14:42:45
2025-05-18,Lakshmi Exports,C0010,SINV030058,PRD003,Assembly Unit A,26,10000.0,260000.0,0.12,31200.0,291200.0,Received,2025-05-24,No,2025-05-18 18:24:17
2025-07-09,Meena Imports,C0020,SINV030059,PRD001,Finished Steel Pipe,428,3051.56,1306067.68,0.12,156728.12,1462795.8,Received,2025-09-02,No,2025-07-09 15:36:12
2025-07-17,Arun Wholesale,C0036,SINV030060,PRD010,Export Consignment,1,69723.92,69723.92,0.18,12550.31,82274.23,Outstanding,,No,2025-07-17 09:04:10
2025-06-24,Rahul Ltd,C0005,SINV030061,PRD004,Assembly Unit B,3,12609.9,37829.7,0.28,10592.32,48422.02,Outstanding,,No,2025-06-24 19:31:07
2025-08-11,Arun Pvt Ltd,C0040,SINV030062,PRD006,Packaged Product P,456,1344.48,613082.88,0.28,171663.21,784746.09,Partially Received,,No,2025-08-11 18:35:35
2026-03-08,Priya Imports,C0022,SINV030063,PRD006,Packaged Product P,302,1207.22,364580.44,0.12,43749.65,408330.09,Outstanding,,No,2026-03-08 19:53:45
2025-12-04,Priya Stores,C0015,SINV030064,PRD001,Finished Steel Pipe,308,14000.0,4312000.0,0.28,1207360.0,5519360.0,Partially Received,,No,2025-12-04 13:21:32
2025-08-10,Rajesh & Sons,C0004,SINV030065,PRD010,Export Consignment,3,68781.57,206344.71,0.18,37142.05,243486.76,Received,2025-09-11,No,2025-08-10 01:52:09
2026-03-24,Priya Wholesale,C0030,SINV030066,PRD003,Assembly Unit A,27,9118.44,246197.88,0.05,12309.89,258507.77,Outstanding,,No,2026-03-24 17:32:23
2025-05-12,Sunita Ltd,C0037,SINV030067,PRD006,Packaged Product P,247,1361.46,336280.62,0.18,60530.51,396811.13,Partially Received,,No,2025-05-12 12:10:39
2025-11-10,Rahul Ltd,C0005,SINV030068,PRD006,Packaged Product P,79,1169.12,92360.48,0.05,4618.02,96978.5,Received,2025-12-23,No,2025-11-10 15:52:27
2025-12-06,Sunita Retail,C0008,SINV030069,PRD005,Chemical Compound X,55,50000.0,2750000.0,0.12,330000.0,3080000.0,Outstanding,,No,2025-12-06 16:59:25
2026-02-07,Arun Trading,C0016,SINV030070,PRD005,Chemical Compound X,41,3705.82,151938.62,0.12,18232.63,170171.25,Partially Received,,No,2026-02-07 21:10:21
2025-05-13,Amit Trading,C0006,SINV030071,PRD002,Processed Cement,110,4190.74,460981.4,0.05,23049.07,484030.47,Received,2025-08-11,No,2025-05-13 00:09:34
2025-11-28,Lakshmi Exports,C0010,SINV030072,PRD001,Finished Steel Pipe,299,3206.31,958686.69,0.05,47934.33,1006621.02,Outstanding,,No,2025-11-28 11:02:08
2025-04-21,Sanjay Retail,C0023,SINV030073,PRD010,Export Consignment,2,65999.35,131998.7,0.05,6599.94,138598.64,Partially Received,,No,2025-04-21 11:57:19
2025-07-08,Amit Trading,C0006,SINV030074,PRD001,Finished Steel Pipe,401,3072.32,1232000.32,0.05,61600.02,1293600.34,Outstanding,,No,2025-07-08 21:10:57
2026-02-10,Deepa Pvt Ltd,C0007,SINV030075,PRD005,Chemical Compound X,73,3209.71,234308.83,0.18,42175.59,276484.42,Outstanding,,No,2026-02-10 17:04:53
2026-02-24,Amit & Sons,C0039,SINV030076,PRD005,Chemical Compound X,25,3596.13,89903.25,0.12,10788.39,100691.64,Received,2026-05-24,No,2026-02-24 21:44:32
2025-09-21,Usha Ltd,C0019,SINV030077,PRD001,Finished Steel Pipe,485,3060.63,1484405.55,0.28,415633.55,1900039.1,Outstanding,,No,2025-09-21 19:10:44
2026-03-01,Amit Exports,C0033,SINV030078,PRD005,Chemical Compound X,108,3931.52,424604.16,0.18,76428.75,501032.91,Received,2026-04-10,No,2026-03-01 20:52:25
2025-11-23,Lakshmi Exports,C0021,SINV030079,PRD004,Assembly Unit B,2,10486.03,20972.06,0.12,2516.65,23488.71,Partially Received,,No,2025-11-23 11:45:09
2025-06-04,Lakshmi Exports,C0010,SINV030080,PRD002,Processed Cement,-5,4654.22,-23271.1,0.28,-6515.91,-29787.01,Partially Received,,Yes,2025-06-04 11:46:04
2025-12-03,Lakshmi Exports,C0021,SINV030081,PRD010,Export Consignment,3,78786.06,236358.18,0.12,28362.98,264721.16,Partially Received,,No,2025-12-03 15:26:07
2025-10-04,Vikram Mart,C0014,SINV030082,PRD008,Maintenance Contract,3,5000.0,15000.0,0.05,750.0,15750.0,Received,2025-10-09,No,2025-10-04 11:25:12
2025-12-11,Ravi Retail,C0017,SINV030083,PRD007,Custom Fabrication,6,21667.44,130004.64,0.12,15600.56,145605.2,Outstanding,,No,2025-12-11 16:42:25
2025-04-04,Meena Retail,C0028,SINV030084,PRD006,Packaged Product P,213,1053.56,224408.28,0.12,26928.99,251337.27,Outstanding,,No,2025-04-04 21:10:16
2025-08-01,Lakshmi Exports,C0010,SINV030085,PRD001,Finished Steel Pipe,285,3142.14,895509.9,0.12,107461.19,1002971.09,Partially Received,,No,2025-08-01 17:38:31
2026-02-18,Sanjay Trading,C0027,SINV030086,PRD001,Finished Steel Pipe,630,8400.0,5292000.0,0.05,264600.0,5556600.0,Outstanding,,No,2026-02-18 14:45:21
2025-12-13,Pooja Mart,C0001,SINV030087,PRD002,Processed Cement,86,4427.25,380743.5,0.28,106608.18,487351.68,Partially Received,,No,2025-12-13 12:13:09
2025-11-09,Priya & Sons,C0034,SINV030088,PRD007,Custom Fabrication,1,50000.0,50000.0,0.12,6000.0,56000.0,Partially Received,,No,2025-11-09 21:46:51
2026-01-01,Kavya Wholesale,C0038,SINV030089,PRD009,Spare Kit S1,19,4558.95,86620.05,0.18,15591.61,102211.66,Outstanding,,No,2026-01-01 21:29:02
2026-02-06,Mohan Stores,C0031,SINV030090,PRD007,Custom Fabrication,-6,24946.26,-149677.56,0.28,-41909.72,-191587.28,Received,2026-04-05,Yes,2026-02-06 18:14:59
2025-07-27,Ravi Retail,C0017,SINV030091,PRD005,Chemical Compound X,66,3486.4,230102.4,0.05,11505.12,241607.52,Received,2025-10-03,No,2025-07-27 19:57:37
2025-11-17,Priya Stores,C0015,SINV030092,PRD001,Finished Steel Pipe,441,2420.12,1067272.92,0.12,128072.75,1195345.67,Received,2025-12-23,No,2025-11-17 12:25:00
2025-04-09,Rahul Imports,C0035,SINV030093,PRD009,Spare Kit S1,51,5184.16,264392.16,0.28,74029.8,338421.96,Outstanding,,No,2025-04-09 17:55:46
2026-01-23,Amit & Sons,C0039,SINV030094,PRD001,Finished Steel Pipe,566,2621.55,1483797.3,0.28,415463.24,1899260.54,Received,2026-02-23,No,2026-01-23 12:34:42
2025-06-30,Arun Trading,C0025,SINV030095,PRD009,Spare Kit S1,1,5066.52,5066.52,0.18,911.97,5978.49,Received,2025-08-12,No,2025-06-30 17:41:12
2025-05-21,Arun Trading,C0016,SINV030096,PRD008,Maintenance Contract,3,31524.74,94574.22,0.05,4728.71,99302.93,Outstanding,,No,2025-05-21 11:59:47
2025-11-05,Ravi Retail,C0017,SINV030097,PRD007,Custom Fabrication,6,19344.19,116065.14,0.12,13927.82,129992.96,Outstanding,,No,2025-11-05 12:46:10
2025-05-10,Meena Imports,C0020,SINV030098,PRD009,Spare Kit S1,55,5429.43,298618.65,0.05,14930.93,313549.58,Received,2025-05-19,No,2025-05-10 11:55:07
2025-11-18,Arun & Sons,C0018,SINV030099,PRD003,Assembly Unit A,50,9354.74,467737.0,0.05,23386.85,491123.85,Partially Received,,No,2025-11-18 14:07:32
2026-03-09,Amit Exports,C0033,SINV030100,PRD002,Processed Cement,92,4564.14,419900.88,0.28,117572.25,537473.13,Outstanding,,No,2026-03-09 04:50:05
2026-01-05,Arun Pvt Ltd,C0012,SINV030101,PRD007,Custom Fabrication,10,24008.88,240088.8,0.12,28810.66,268899.46,Received,2026-01-14,No,2026-01-05 13:46:01
2025-06-22,Deepa Wholesale,C0011,SINV030102,PRD003,Assembly Unit A,35,7720.13,270204.55,0.18,48636.82,318841.37,Partially Received,,No,2025-06-22 17:52:44
2025-10-17,Sanjay Retail,C0023,SINV030103,PRD001,Finished Steel Pipe,107,3058.11,327217.77,0.18,58899.2,386116.97,Outstanding,,No,2025-10-17 21:48:27
2026-02-12,Vikram Mart,C0014,SINV030104,PRD003,Assembly Unit A,38,9131.72,347005.36,0.12,41640.64,388646.0,Received,2026-03-14,No,2026-02-12 19:30:49
2025-10-16,Deepa Trading,C0032,SINV030105,PRD009,Spare Kit S1,13,5375.96,69887.48,0.28,19568.49,89455.97,Received,2025-12-13,No,2025-10-16 14:41:23
2025-04-09,Rahul Ltd,C0013,SINV030106,PRD001,Finished Steel Pipe,665,2664.53,1771912.45,0.18,318944.24,2090856.69,Partially Received,,No,2025-04-09 19:59:23
2025-05-14,Pooja Mart,C0001,SINV030107,PRD006,Packaged Product P,305,1207.39,368253.95,0.28,103111.11,471365.06,Received,2025-07-29,No,2025-05-14 11:53:06
2026-01-09,Amit Imports,C0009,SINV030108,PRD008,Maintenance Contract,3,31007.41,93022.23,0.28,26046.22,119068.45,Received,2026-04-01,No,2026-01-09 17:46:48
2025-12-31,Lakshmi Exports,C0021,SINV030109,PRD004,Assembly Unit B,28,10583.67,296342.76,0.18,53341.7,349684.46,Outstanding,,No,2025-12-31 15:18:02
2025-06-18,Amit Imports,C0009,SINV030110,PRD005,Chemical Compound X,106,4119.82,436700.92,0.28,122276.26,558977.18,Partially Received,,No,2025-06-18 13:21:54
2025-09-05,Rahul Exports,C0024,SINV030111,PRD002,Processed Cement,6,3602.95,21617.7,0.28,6052.96,27670.66,Outstanding,,No,2025-09-05 20:19:26
2025-06-10,Lakshmi Exports,C0021,SINV030112,PRD003,Assembly Unit A,7,8149.46,57046.22,0.05,2852.31,59898.53,Received,2025-07-14,No,2025-06-10 17:38:38
2025-07-03,Priya Imports,C0022,SINV030113,PRD006,Packaged Product P,410,1048.38,429835.8,0.05,21491.79,451327.59,Received,2025-08-08,No,2025-07-03 18:13:37
2026-03-31,Meena Imports,C0020,SINV030114,PRD009,Spare Kit S1,56,5074.29,284160.24,0.05,14208.01,298368.25,Outstanding,,No,2026-03-31 17:59:36
2025-10-24,Arun Wholesale,C0036,SINV030115,PRD005,Chemical Compound X,80,4052.35,324188.0,0.05,16209.4,340397.4,Outstanding,,No,2025-10-24 21:59:02
2025-04-27,Amit Trading,C0006,SINV030116,PRD006,Packaged Product P,486,1360.09,661003.74,0.18,118980.67,779984.41,Received,2025-05-11,No,2025-04-27 11:04:06
2025-10-02,Mohan Stores,C0031,SINV030117,PRD001,Finished Steel Pipe,271,2513.4,681131.4,0.28,190716.79,871848.19,Partially Received,,No,2025-10-02 15:34:06
2025-06-26,Arun Trading,C0016,SINV030118,PRD002,Processed Cement,146,4452.88,650120.48,0.18,117021.69,767142.17,Received,2025-09-15,No,2025-06-26 11:41:58
2026-03-29,Anita Wholesale,C0002,SINV030119,PRD008,Maintenance Contract,5,32255.16,161275.8,0.12,19353.1,180628.9,Outstanding,,No,2026-03-29 11:10:47
2026-01-21,Pooja Mart,C0001,SINV030120,PRD009,Spare Kit S1,54,4350.07,234903.78,0.18,42282.68,277186.46,Partially Received,,No,2026-01-21 21:46:49
2025-07-18,Arun Trading,C0016,SINV030121,PRD001,Finished Steel Pipe,198,3073.02,608457.96,0.28,170368.23,778826.19,Outstanding,,No,2025-07-18 18:42:24
2026-01-28,Sanjay Retail,C0023,SINV030122,PRD003,Assembly Unit A,19,7911.87,150325.53,0.28,42091.15,192416.68,Partially Received,,No,2026-01-28 15:58:37
2026-02-26,Sunita Retail,C0008,SINV030123,PRD007,Custom Fabrication,2,21376.6,42753.2,0.18,7695.58,50448.78,Received,2026-03-31,No,2026-02-26 18:31:00
2026-02-23,Amit Imports,C0009,SINV030124,PRD010,Export Consignment,1,66730.09,66730.09,0.12,8007.61,74737.7,Received,2026-03-25,No,2026-02-23 18:07:42
2026-03-17,Arun Trading,C0016,SINV030125,PRD001,Finished Steel Pipe,284,3185.9,904795.6,0.05,45239.78,950035.38,Partially Received,,No,2026-03-17 15:08:13
2026-03-23,Pooja Mart,C0001,SINV030126,PRD004,Assembly Unit B,11,10942.8,120370.8,0.05,6018.54,126389.34,Received,2026-04-11,No,2026-03-23 09:26:06
2025-10-28,Sunita Retail,C0008,SINV030127,PRD006,Packaged Product P,349,1119.02,390537.98,0.18,70296.84,460834.82,Partially Received,,No,2025-10-28 15:42:33
2025-10-17,Rahul Ltd,C0013,SINV030128,PRD003,Assembly Unit A,43,9413.19,404767.17,0.12,48572.06,453339.23,Partially Received,,No,2025-10-17 14:12:55
2025-08-19,Arun Trading,C0016,SINV030129,PRD008,Maintenance Contract,1,34299.58,34299.58,0.28,9603.88,43903.46,Received,2025-08-27,No,2025-08-19 15:03:16
2025-07-14,Rajesh & Sons,C0004,SINV030130,PRD008,Maintenance Contract,3,31227.33,93681.99,0.18,16862.76,110544.75,Outstanding,,No,2025-07-14 15:07:56
2025-11-29,Arun Pvt Ltd,C0012,SINV030131,PRD007,Custom Fabrication,2,22570.8,45141.6,0.05,2257.08,47398.68,Outstanding,,No,2025-11-29 21:48:33
2025-07-12,Meena Imports,C0020,SINV030132,PRD004,Assembly Unit B,27,11916.61,321748.47,0.28,90089.57,411838.04,Outstanding,,No,2025-07-12 20:55:17
2025-07-22,Arun & Sons,C0018,SINV030133,PRD003,Assembly Unit A,2,9216.57,18433.14,0.28,5161.28,23594.42,Partially Received,,No,2025-07-22 16:57:08
2025-05-27,Arun Trading,C0025,SINV030134,PRD004,Assembly Unit B,17,11117.32,188994.44,0.12,22679.33,211673.77,Received,2025-07-01,No,2025-05-27 04:46:23
2025-04-11,Priya & Sons,C0034,SINV030135,PRD005,Chemical Compound X,28,3320.52,92974.56,0.28,26032.88,119007.44,Outstanding,,No,2025-04-11 10:36:56
2026-02-16,Ravi Retail,C0017,SINV030136,PRD004,Assembly Unit B,5,13651.04,68255.2,0.12,8190.62,76445.82,Outstanding,,No,2026-02-16 16:33:00
2025-12-03,Sunita Ltd,C0037,SINV030137,PRD006,Packaged Product P,376,1130.28,424985.28,0.05,21249.26,446234.54,Outstanding,,No,2025-12-03 03:11:06
2026-02-16,Arun & Sons,C0018,SINV030138,PRD010,Export Consignment,3,100000.0,300000.0,0.12,36000.0,336000.0,Partially Received,,No,2026-02-16 15:42:53
2025-11-28,Sanjay Retail,C0023,SINV030139,PRD002,Processed Cement,63,3979.14,250685.82,0.28,70192.03,320877.85,Outstanding,,No,2025-11-28 18:12:56
2025-12-29,Sanjay Retail,C0023,SINV030140,PRD008,Maintenance Contract,4,39803.77,159215.08,0.12,19105.81,178320.89,Received,2026-03-28,No,2025-12-29 14:31:14
2025-07-28,Rahul Ltd,C0005,SINV030141,PRD002,Processed Cement,53,4158.52,220401.56,0.12,26448.19,246849.75,Partially Received,,No,2025-07-28 15:55:02
2025-06-09,Deepa Pvt Ltd,C0007,SINV030142,PRD009,Spare Kit S1,-4,4552.08,-18208.32,0.28,-5098.33,-23306.65,Received,2025-07-12,Yes,2025-06-09 12:47:13
2025-06-01,Pooja Mart,C0001,SINV030143,PRD010,Export Consignment,2,83844.81,167689.62,0.28,46953.09,214642.71,Received,2025-07-15,No,2025-06-01 13:41:37
2025-05-18,Arun Trading,C0016,SINV030144,PRD010,Export Consignment,3,75830.05,227490.15,0.05,11374.51,238864.66,Partially Received,,No,2025-05-18 21:16:50
2026-03-19,Arun Trading,C0016,SINV030145,PRD001,Finished Steel Pipe,674,3016.15,2032885.1,0.28,569207.83,2602092.93,Partially Received,,No,2026-03-19 13:34:10
2025-10-28,Pooja Mart,C0001,SINV030146,PRD008,Maintenance Contract,5,35870.23,179351.15,0.12,21522.14,200873.29,Partially Received,,No,2025-10-28 14:06:05
2025-09-30,Pooja Mart,C0001,SINV030147,PRD007,Custom Fabrication,3,5000.0,15000.0,0.18,2700.0,17700.0,Partially Received,,No,2025-09-30 21:28:35
2025-07-08,Sunita Ltd,C0037,SINV030148,PRD001,Finished Steel Pipe,-4,3065.97,-12263.88,0.18,-2207.5,-14471.38,Partially Received,,Yes,2025-07-08 11:52:10
2025-07-11,Arun Pvt Ltd,C0012,SINV030149,PRD004,Assembly Unit B,2,12581.98,25163.96,0.12,3019.68,28183.64,Received,2025-09-29,No,2025-07-11 11:18:29
2025-07-14,Amit Imports,C0009,SINV030150,PRD001,Finished Steel Pipe,780,2631.66,2052694.8,0.05,102634.74,2155329.54,Partially Received,,No,2025-07-14 14:40:48
2025-06-21,Meena Retail,C0028,SINV030151,PRD003,Assembly Unit A,11,8180.07,89980.77,0.05,4499.04,94479.81,Partially Received,,No,2025-06-21 16:24:00
2025-05-14,Arun Pvt Ltd,C0012,SINV030152,PRD007,Custom Fabrication,2,19714.68,39429.36,0.05,1971.47,41400.83,Received,2025-07-09,No,2025-05-14 21:10:13
2025-12-23,Priya Stores,C0015,SINV030153,PRD003,Assembly Unit A,44,8578.71,377463.24,0.18,67943.38,445406.62,Partially Received,,No,2025-12-23 20:35:56
2025-06-20,Kavya Wholesale,C0038,SINV030154,PRD006,Packaged Product P,291,1097.61,319404.51,0.28,89433.26,408837.77,Outstanding,,No,2025-06-20 18:34:42
2025-08-21,Meena Retail,C0028,SINV030155,PRD003,Assembly Unit A,14,9586.84,134215.76,0.28,37580.41,171796.17,Received,2025-09-16,No,2025-08-21 14:16:38
2025-12-31,Lakshmi Ltd,C0026,SINV030156,PRD005,Chemical Compound X,149,3184.58,474502.42,0.28,132860.68,607363.1,Partially Received,,No,2025-12-31 16:59:05
2026-03-25,Amit Imports,C0009,SINV030157,PRD001,Finished Steel Pipe,574,2782.63,1597229.62,0.12,191667.55,1788897.17,Partially Received,,No,2026-03-25 17:54:07
2026-01-01,Rajesh & Sons,C0004,SINV030158,PRD009,Spare Kit S1,16,480.0,7680.0,0.12,921.6,8601.6,Partially Received,,No,2026-01-01 12:51:08
2025-08-02,Amit & Sons,C0039,SINV030159,PRD009,Spare Kit S1,22,4836.11,106394.42,0.05,5319.72,111714.14,Received,2025-09-05,No,2025-08-02 17:35:05
2025-07-01,Ravi Retail,C0017,SINV030160,PRD006,Packaged Product P,436,1321.64,576235.04,0.12,69148.2,645383.24,Received,2025-07-30,No,2025-07-01 09:27:31
2026-02-14,Amit Trading,C0006,SINV030161,PRD009,Spare Kit S1,47,4992.75,234659.25,0.12,28159.11,262818.36,Received,2026-03-28,No,2026-02-14 16:04:27
2025-09-20,Priya Wholesale,C0030,SINV030162,PRD003,Assembly Unit A,1,9214.12,9214.12,0.18,1658.54,10872.66,Partially Received,,No,2025-09-20 09:02:48
2025-09-13,Anita Wholesale,C0002,SINV030163,PRD001,Finished Steel Pipe,653,2872.11,1875487.83,0.05,93774.39,1969262.22,Received,2025-12-11,No,2025-09-13 11:48:47
2025-11-11,Rahul Ltd,C0013,SINV030164,PRD008,Maintenance Contract,3,30351.1,91053.3,0.05,4552.66,95605.96,Partially Received,,No,2025-11-11 21:57:34
2025-09-28,Amit & Sons,C0039,SINV030165,PRD001,Finished Steel Pipe,118,3047.54,359609.72,0.12,43153.17,402762.89,Partially Received,,No,2025-09-28 14:24:43
2025-06-21,Usha Ltd,C0019,SINV030166,PRD005,Chemical Compound X,38,3708.38,140918.44,0.18,25365.32,166283.76,Partially Received,,No,2025-06-21 10:34:52
2025-12-08,Rahul Imports,C0035,SINV030167,PRD008,Maintenance Contract,1,31331.06,31331.06,0.18,5639.59,36970.65,Outstanding,,No,2025-12-08 17:58:49
2025-04-21,Lakshmi Exports,C0021,SINV030168,PRD007,Custom Fabrication,-1,17988.49,-17988.49,0.28,-5036.78,-23025.27,Received,2025-04-22,Yes,2025-04-21 17:27:29
2025-09-24,Ravi Retail,C0017,SINV030169,PRD004,Assembly Unit B,12,12806.04,153672.48,0.28,43028.29,196700.77,Outstanding,,No,2025-09-24 19:21:05
2025-07-30,Lakshmi Ltd,C0026,SINV030170,PRD007,Custom Fabrication,5,4400.0,22000.0,0.05,1100.0,23100.0,Outstanding,,No,2025-07-30 15:09:51
2025-09-06,Rahul Exports,C0024,SINV030171,PRD001,Finished Steel Pipe,385,2992.86,1152251.1,0.18,207405.2,1359656.3,Partially Received,,No,2025-09-06 11:50:36
2025-10-26,Lakshmi & Sons,C0003,SINV030172,PRD008,Maintenance Contract,5,38738.27,193691.35,0.05,9684.57,203375.92,Partially Received,,No,2025-10-26 12:15:26
2025-04-09,Priya Wholesale,C0030,SINV030173,PRD010,Export Consignment,3,85194.87,255584.61,0.18,46005.23,301589.84,Partially Received,,No,2025-04-09 21:39:49
2025-05-02,Arun Pvt Ltd,C0012,SINV030174,PRD003,Assembly Unit A,8,9431.39,75451.12,0.05,3772.56,79223.68,Outstanding,,No,2025-05-02 13:51:03
2025-08-12,Priya & Sons,C0034,SINV030175,PRD002,Processed Cement,165,3793.58,625940.7,0.05,31297.03,657237.73,Outstanding,,No,2025-08-12 19:46:16
2025-10-11,Deepa Trading,C0032,SINV030176,PRD004,Assembly Unit B,17,12531.87,213041.79,0.12,25565.01,238606.8,Outstanding,,No,2025-10-11 20:48:12
2025-06-12,Arun Trading,C0016,SINV030177,PRD003,Assembly Unit A,44,25000.0,1100000.0,0.05,55000.0,1155000.0,Partially Received,,No,2025-06-12 20:25:39
2025-10-26,Priya & Sons,C0034,SINV030178,PRD010,Export Consignment,1,375000.0,375000.0,0.18,67500.0,442500.0,Partially Received,,No,2025-10-26 13:10:01
2025-07-19,Rahul Exports,C0024,SINV030179,PRD009,Spare Kit S1,17,480.0,8160.0,0.28,2284.8,10444.8,Outstanding,,No,2025-07-19 10:19:49
2026-02-18,Lakshmi & Sons,C0003,SINV030180,PRD007,Custom Fabrication,6,23700.54,142203.24,0.18,25596.58,167799.82,Received,2026-03-14,No,2026-02-18 15:10:22
2025-09-22,Lakshmi Ltd,C0026,SINV030181,PRD004,Assembly Unit B,10,10890.02,108900.2,0.18,19602.04,128502.24,Partially Received,,No,2025-09-22 17:43:11
2025-09-05,Amit Trading,C0006,SINV030182,PRD008,Maintenance Contract,-5,35181.72,-175908.6,0.28,-49254.41,-225163.01,Partially Received,,Yes,2025-09-05 15:50:17
2025-05-26,Amit Exports,C0033,SINV030183,PRD001,Finished Steel Pipe,715,2800.81,2002579.15,0.12,240309.5,2242888.65,Received,2025-07-01,No,2025-05-26 14:15:35
2026-02-07,Priya Imports,C0022,SINV030184,PRD003,Assembly Unit A,45,8091.82,364131.9,0.28,101956.93,466088.83,Outstanding,,No,2026-02-07 20:03:43
2025-07-14,Rajesh & Sons,C0004,SINV030185,PRD005,Chemical Compound X,91,3269.88,297559.08,0.12,35707.09,333266.17,Partially Received,,No,2025-07-14 12:13:48
2026-03-29,Ravi Retail,C0017,SINV030186,PRD010,Export Consignment,1,81900.86,81900.86,0.18,14742.15,96643.01,Received,2026-04-10,No,2026-03-29 10:25:46
2025-12-26,Deepa Pvt Ltd,C0007,SINV030187,PRD010,Export Consignment,1,75998.5,75998.5,0.28,21279.58,97278.08,Partially Received,,No,2025-12-26 16:46:56
2026-02-18,Rahul Ltd,C0013,SINV030188,PRD004,Assembly Unit B,7,10684.95,74794.65,0.05,3739.73,78534.38,Partially Received,,No,2026-02-18 19:12:31
2025-04-18,Priya Stores,C0015,SINV030189,PRD001,Finished Steel Pipe,769,100000.0,76900000.0,0.28,21532000.0,98432000.0,Partially Received,,No,2025-04-18 20:04:05
2025-05-19,Deepa Trading,C0032,SINV030190,PRD006,Packaged Product P,209,1300.41,271785.69,0.28,76099.99,347885.68,Partially Received,,No,2025-05-19 16:32:54
2025-07-04,Priya & Sons,C0034,SINV030191,PRD001,Finished Steel Pipe,31,2872.32,89041.92,0.05,4452.1,93494.02,Outstanding,,No,2025-07-04 12:52:01
2026-01-31,Sanjay Trading,C0027,SINV030192,PRD002,Processed Cement,63,4437.38,279554.94,0.12,33546.59,313101.53,Outstanding,,No,2026-01-31 17:59:00
2026-01-31,Deepa Trading,C0032,SINV030193,PRD005,Chemical Compound X,107,4050.01,433351.07,0.18,78003.19,511354.26,Partially Received,,No,2026-01-31 01:46:58
2026-02-07,Vikram Mart,C0014,SINV030194,PRD007,Custom Fabrication,1,19203.26,19203.26,0.18,3456.59,22659.85,Partially Received,,No,2026-02-07 21:22:08
2025-05-26,Sunita Retail,C0008,SINV030195,PRD009,Spare Kit S1,-4,4602.24,-18408.96,0.18,-3313.61,-21722.57,Outstanding,,Yes,2025-05-26 17:18:14
2025-10-26,Priya Imports,C0022,SINV030196,PRD001,Finished Steel Pipe,741,2512.45,1861725.45,0.12,223407.05,2085132.5,Received,2026-01-12,No,2025-10-26 12:10:52
2025-05-08,Amit & Sons,C0039,SINV030197,PRD009,Spare Kit S1,22,4566.28,100458.16,0.12,12054.98,112513.14,Received,2025-05-20,No,2025-05-08 12:28:17
2025-12-23,Lakshmi & Sons,C0003,SINV030198,PRD005,Chemical Compound X,11,25000.0,275000.0,0.12,33000.0,308000.0,Partially Received,,No,2025-12-23 17:26:47
2025-12-09,Anita Wholesale,C0002,SINV030199,PRD006,Packaged Product P,495,1304.66,645806.7,0.12,77496.8,723303.5,Received,2026-02-14,No,2025-12-09 15:27:27
2025-11-05,Deepa Pvt Ltd,C0007,SINV030200,PRD002,Processed Cement,11,4759.25,52351.75,0.12,6282.21,58633.96,Received,2026-01-11,No,2025-11-05 21:54:01
2026-02-06,Rahul Exports,C0024,SINV030201,PRD007,Custom Fabrication,1,110000.0,110000.0,0.28,30800.0,140800.0,Received,2026-05-05,No,2026-02-06 10:52:55
2025-07-18,Priya Wholesale,C0030,SINV030202,PRD002,Processed Cement,56,3890.07,217843.92,0.18,39211.91,257055.83,Outstanding,,No,2025-07-18 10:11:49
2025-12-17,Sanjay Retail,C0023,SINV030203,PRD001,Finished Steel Pipe,586,2471.37,1448222.82,0.28,405502.39,1853725.21,Partially Received,,No,2025-12-17 17:11:27
2026-02-13,Deepa Trading,C0032,SINV030204,PRD007,Custom Fabrication,5,20616.65,103083.25,0.12,12369.99,115453.24,Received,2026-02-28,No,2026-02-13 12:33:53
2025-12-27,Arun Trading,C0016,SINV030205,PRD005,Chemical Compound X,88,3382.32,297644.16,0.05,14882.21,312526.37,Outstanding,,No,2025-12-27 16:49:12
2025-10-26,Arun Wholesale,C0036,SINV030206,PRD009,Spare Kit S1,42,4619.0,193998.0,0.12,23279.76,217277.76,Partially Received,,No,2025-10-26 09:13:14
2026-03-08,Sunita Retail,C0008,SINV030207,PRD001,Finished Steel Pipe,711,2395.17,1702965.87,0.05,85148.29,1788114.16,Received,2026-05-12,No,2026-03-08 14:28:44
2025-08-27,Sunita Ltd,C0037,SINV030208,PRD010,Export Consignment,1,50000.0,50000.0,0.05,2500.0,52500.0,Outstanding,,No,2025-08-27 13:36:11
2026-02-01,Kavya Wholesale,C0038,SINV030209,PRD003,Assembly Unit A,41,8297.88,340213.08,0.28,95259.66,435472.74,Partially Received,,No,2026-02-01 20:36:39
2026-01-08,Sunita Ltd,C0037,SINV030210,PRD007,Custom Fabrication,10,23623.73,236237.3,0.18,42522.71,278760.01,Partially Received,,No,2026-01-08 19:38:48
2025-06-14,Priya Wholesale,C0030,SINV030211,PRD002,Processed Cement,149,4053.96,604040.04,0.18,108727.21,712767.25,Partially Received,,No,2025-06-14 17:50:23
2026-01-15,Arun Trading,C0016,SINV030212,PRD003,Assembly Unit A,50,8501.12,425056.0,0.18,76510.08,501566.08,Outstanding,,No,2026-01-15 10:18:01
2025-07-04,Arun Pvt Ltd,C0012,SINV030213,PRD004,Assembly Unit B,8,36000.0,288000.0,0.05,14400.0,302400.0,Received,2025-08-29,No,2025-07-04 21:51:52
2025-10-26,Lakshmi Ltd,C0026,SINV030214,PRD010,Export Consignment,3,74391.99,223175.97,0.05,11158.8,234334.77,Outstanding,,No,2025-10-26 18:44:01
2025-04-16,Sunita Retail,C0008,SINV030215,PRD008,Maintenance Contract,2,32999.77,65999.54,0.28,18479.87,84479.41,Partially Received,,No,2025-04-16 19:28:11
2025-09-14,Priya Stores,C0015,SINV030216,PRD009,Spare Kit S1,59,4600.99,271458.41,0.12,32575.01,304033.42,Received,2025-11-20,No,2025-09-14 19:42:38
2025-08-24,Amit Imports,C0009,SINV030217,PRD009,Spare Kit S1,27,5357.69,144657.63,0.05,7232.88,151890.51,Received,2025-09-12,No,2025-08-24 09:57:22
2025-10-25,Priya Imports,C0022,SINV030218,PRD001,Finished Steel Pipe,151,2744.68,414446.68,0.12,49733.6,464180.28,Outstanding,,No,2025-10-25 05:34:43
2026-01-19,Amit Trading,C0006,SINV030219,PRD009,Spare Kit S1,41,4184.84,171578.44,0.28,48041.96,219620.4,Received,2026-01-21,No,2026-01-19 15:22:26
2025-05-21,Arun Wholesale,C0036,SINV030220,PRD008,Maintenance Contract,2,37798.16,75596.32,0.28,21166.97,96763.29,Partially Received,,No,2025-05-21 19:53:43
2025-08-07,Sunita Ltd,C0037,SINV030221,PRD006,Packaged Product P,205,100000.0,20500000.0,0.05,1025000.0,21525000.0,Received,2025-09-07,No,2025-08-07 12:49:17
2026-02-15,Kavya Wholesale,C0038,SINV030222,PRD005,Chemical Compound X,43,3576.69,153797.67,0.18,27683.58,181481.25,Received,2026-02-16,No,2026-02-15 09:54:01
2026-02-02,Pooja Mart,C0001,SINV030223,PRD009,Spare Kit S1,25,4170.15,104253.75,0.28,29191.05,133444.8,Received,2026-02-17,No,2026-02-02 15:58:56
2025-05-09,Arun Trading,C0025,SINV030224,PRD009,Spare Kit S1,53,4961.12,262939.36,0.12,31552.72,294492.08,Received,2025-05-16,No,2025-05-09 10:42:12
2026-02-08,Arun Trading,C0025,SINV030225,PRD009,Spare Kit S1,-5,5049.34,-25246.7,0.05,-1262.34,-26509.04,Received,2026-03-22,Yes,2026-02-08 19:17:05
2025-06-30,Rajesh & Sons,C0004,SINV030226,PRD008,Maintenance Contract,5,39718.95,198594.75,0.28,55606.53,254201.28,Partially Received,,No,2025-06-30 19:33:12
2025-10-06,Sanjay Trading,C0027,SINV030227,PRD003,Assembly Unit A,18,7267.89,130822.02,0.05,6541.1,137363.12,Outstanding,,No,2025-10-06 12:40:17
2025-10-18,Pooja Mart,C0029,SINV030228,PRD008,Maintenance Contract,4,39047.07,156188.28,0.18,28113.89,184302.17,Partially Received,,No,2025-10-18 11:03:45
2026-01-31,Lakshmi Ltd,C0026,SINV030229,PRD007,Custom Fabrication,9,23971.2,215740.8,0.12,25888.9,241629.7,Partially Received,,No,2026-01-31 11:22:01
2025-06-22,Mohan Stores,C0031,SINV030230,PRD007,Custom Fabrication,5,18850.05,94250.25,0.05,4712.51,98962.76,Partially Received,,No,2025-06-22 01:49:49
2025-07-09,Rahul Imports,C0035,SINV030231,PRD005,Chemical Compound X,60,3156.32,189379.2,0.05,9468.96,198848.16,Received,2025-08-19,No,2025-07-09 12:12:29
2025-09-24,Sanjay Retail,C0023,SINV030232,PRD003,Assembly Unit A,35,9589.28,335624.8,0.12,40274.98,375899.78,Outstanding,,No,2025-09-24 15:06:29
2026-03-14,Pooja Mart,C0001,SINV030233,PRD004,Assembly Unit B,6,10201.67,61210.02,0.12,7345.2,68555.22,Received,2026-04-12,No,2026-03-14 10:05:38
2025-06-07,Meena Retail,C0028,SINV030234,PRD004,Assembly Unit B,19,13715.16,260588.04,0.18,46905.85,307493.89,Outstanding,,No,2025-06-07 16:31:34
2025-11-16,Sunita Retail,C0008,SINV030235,PRD004,Assembly Unit B,18,11268.22,202827.96,0.12,24339.36,227167.32,Outstanding,,No,2025-11-16 10:57:42
2026-01-22,Kavya Wholesale,C0038,SINV030236,PRD001,Finished Steel Pipe,406,2626.97,1066549.82,0.12,127985.98,1194535.8,Received,2026-02-04,No,2026-01-22 14:03:09
2025-04-28,Meena Retail,C0028,SINV030237,PRD005,Chemical Compound X,65,3958.56,257306.4,0.18,46315.15,303621.55,Outstanding,,No,2025-04-28 12:28:13
2025-11-24,Rahul Imports,C0035,SINV030238,PRD002,Processed Cement,44,4723.11,207816.84,0.12,24938.02,232754.86,Received,2025-11-26,No,2025-11-24 23:42:32
2026-01-27,Deepa Wholesale,C0011,SINV030239,PRD002,Processed Cement,27,4361.61,117763.47,0.28,32973.77,150737.24,Outstanding,,No,2026-01-27 17:52:11
2025-12-08,Deepa Wholesale,C0011,SINV030240,PRD010,Export Consignment,2,83248.13,166496.26,0.18,29969.33,196465.59,Received,2026-02-16,No,2025-12-08 23:14:48
2026-01-04,Sunita Retail,C0008,SINV030241,PRD009,Spare Kit S1,2,14400.0,28800.0,0.12,3456.0,32256.0,Received,2026-03-19,No,2026-01-04 19:20:26
2026-03-26,Pooja Mart,C0029,SINV030242,PRD001,Finished Steel Pipe,652,2740.1,1786545.2,0.28,500232.66,2286777.86,Partially Received,,No,2026-03-26 18:34:46
2026-03-25,Sunita Retail,C0008,SINV030243,PRD008,Maintenance Contract,4,32227.47,128909.88,0.28,36094.77,165004.65,Outstanding,,No,2026-03-25 09:25:55
2025-10-10,Pooja Mart,C0001,SINV030244,PRD006,Packaged Product P,338,240.0,81120.0,0.05,4056.0,85176.0,Received,2025-11-08,No,2025-10-10 17:09:05
2025-05-15,Sanjay Retail,C0023,SINV030245,PRD006,Packaged Product P,338,1151.77,389298.26,0.12,46715.79,436014.05,Outstanding,,No,2025-05-15 15:43:55
2026-03-18,Rahul Imports,C0035,SINV030246,PRD008,Maintenance Contract,2,37441.14,74882.28,0.05,3744.11,78626.39,Partially Received,,No,2026-03-18 13:25:36
2025-09-15,Arun Pvt Ltd,C0012,SINV030247,PRD002,Processed Cement,194,4318.66,837820.04,0.12,100538.4,938358.44,Received,2025-11-26,No,2025-09-15 18:25:29
2026-01-05,Arun Trading,C0016,SINV030248,PRD007,Custom Fabrication,1,25000.0,25000.0,0.18,4500.0,29500.0,Received,2026-03-24,No,2026-01-05 09:10:08
2026-02-01,Priya Stores,C0015,SINV030249,PRD009,Spare Kit S1,33,5475.45,180689.85,0.28,50593.16,231283.01,Partially Received,,No,2026-02-01 20:44:16
2026-02-07,Amit Imports,C0009,SINV030250,PRD005,Chemical Compound X,17,3759.05,63903.85,0.18,11502.69,75406.54,Outstanding,,No,2026-02-07 17:35:40
2025-04-19,Sanjay Retail,C0023,SINV030251,PRD008,Maintenance Contract,1,33497.85,33497.85,0.28,9379.4,42877.25,Received,2025-05-20,No,2025-04-19 20:41:28
2025-10-17,Rahul Imports,C0035,SINV030252,PRD007,Custom Fabrication,3,18873.04,56619.12,0.28,15853.35,72472.47,Partially Received,,No,2025-10-17 16:12:34
2025-05-10,Pooja Mart,C0029,SINV030253,PRD005,Chemical Compound X,119,3594.49,427744.31,0.28,119768.41,547512.72,Partially Received,,No,2025-05-10 18:04:46
2026-02-14,Deepa Trading,C0032,SINV030254,PRD007,Custom Fabrication,9,21981.69,197835.21,0.12,23740.23,221575.44,Received,2026-03-03,No,2026-02-14 18:58:27
2025-12-09,Lakshmi Exports,C0021,SINV030255,PRD009,Spare Kit S1,42,4846.28,203543.76,0.12,24425.25,227969.01,Partially Received,,No,2025-12-09 20:02:50
2026-02-24,Priya & Sons,C0034,SINV030256,PRD001,Finished Steel Pipe,244,2689.69,656284.36,0.28,183759.62,840043.98,Partially Received,,No,2026-02-24 11:43:40
2025-10-17,Arun & Sons,C0018,SINV030257,PRD001,Finished Steel Pipe,340,2955.91,1005009.4,0.18,180901.69,1185911.09,Partially Received,,No,2025-10-17 15:46:39
2025-06-25,Lakshmi & Sons,C0003,SINV030258,PRD001,Finished Steel Pipe,181,3033.84,549125.04,0.05,27456.25,576581.29,Outstanding,,No,2025-06-25 13:57:34
2025-07-03,Rahul Exports,C0024,SINV030259,PRD005,Chemical Compound X,101,3271.8,330451.8,0.18,59481.32,389933.12,Outstanding,,No,2025-07-03 17:25:29
2026-02-21,Arun Pvt Ltd,C0040,SINV030260,PRD005,Chemical Compound X,137,3858.51,528615.87,0.12,63433.9,592049.77,Outstanding,,No,2026-02-21 12:40:08
2026-01-05,Lakshmi Ltd,C0026,SINV030261,PRD004,Assembly Unit B,11,11657.64,128234.04,0.12,15388.08,143622.12,Outstanding,,No,2026-01-05 18:59:06
2025-12-29,Amit Trading,C0006,SINV030262,PRD006,Packaged Product P,478,1193.99,570727.22,0.12,68487.27,639214.49,Outstanding,,No,2025-12-29 21:21:46
2025-10-24,Deepa Wholesale,C0011,SINV030263,PRD010,Export Consignment,1,71474.81,71474.81,0.12,8576.98,80051.79,Partially Received,,No,2025-10-24 03:55:44
2025-12-15,Rahul Exports,C0024,SINV030264,PRD002,Processed Cement,101,4035.23,407558.23,0.12,48906.99,456465.22,Received,2026-03-08,No,2025-12-15 10:35:45
2025-10-15,Deepa Trading,C0032,SINV030265,PRD009,Spare Kit S1,40,4541.44,181657.6,0.18,32698.37,214355.97,Outstanding,,No,2025-10-15 17:20:01
2025-04-04,Usha Ltd,C0019,SINV030266,PRD005,Chemical Compound X,31,4007.97,124247.07,0.12,14909.65,139156.72,Partially Received,,No,2025-04-04 12:19:40
2025-12-03,Sunita Ltd,C0037,SINV030267,PRD002,Processed Cement,13,3820.93,49672.09,0.05,2483.6,52155.69,Partially Received,,No,2025-12-03 18:30:10
2025-08-16,Priya Imports,C0022,SINV030268,PRD010,Export Consignment,2,68479.18,136958.36,0.12,16435.0,153393.36,Outstanding,,No,2025-08-16 21:02:05
2025-11-19,Amit Trading,C0006,SINV030269,PRD006,Packaged Product P,168,1092.83,183595.44,0.18,33047.18,216642.62,Received,2025-12-12,No,2025-11-19 10:20:52
2025-11-01,Rahul Exports,C0024,SINV030270,PRD010,Export Consignment,3,65941.0,197823.0,0.12,23738.76,221561.76,Outstanding,,No,2025-11-01 16:46:54
2026-02-12,Lakshmi Exports,C0021,SINV030271,PRD001,Finished Steel Pipe,714,3105.98,2217669.72,0.05,110883.49,2328553.21,Received,2026-03-21,No,2026-02-12 04:54:09
2025-06-30,Amit Trading,C0006,SINV030272,PRD001,Finished Steel Pipe,542,3176.3,1721554.6,0.18,309879.83,2031434.43,Received,2025-09-28,No,2025-06-30 16:24:39
2025-12-01,Arun Wholesale,C0036,SINV030273,PRD001,Finished Steel Pipe,133,2577.41,342795.53,0.12,41135.46,383930.99,Partially Received,,No,2025-12-01 00:17:23
2025-10-23,Priya & Sons,C0034,SINV030274,PRD009,Spare Kit S1,60,4556.49,273389.4,0.18,49210.09,322599.49,Outstanding,,No,2025-10-23 11:56:08
2026-01-24,Sanjay Trading,C0027,SINV030275,PRD001,Finished Steel Pipe,773,2757.81,2131787.13,0.18,383721.68,2515508.81,Outstanding,,No,2026-01-24 17:26:50
2025-06-10,Arun & Sons,C0018,SINV030276,PRD005,Chemical Compound X,131,3424.27,448579.37,0.12,53829.52,502408.89,Partially Received,,No,2025-06-10 16:45:21
2026-01-27,Arun & Sons,C0018,SINV030277,PRD009,Spare Kit S1,56,4536.95,254069.2,0.18,45732.46,299801.66,Partially Received,,No,2026-01-27 15:23:50
2025-12-14,Arun Pvt Ltd,C0040,SINV030278,PRD005,Chemical Compound X,31,4105.05,127256.55,0.12,15270.79,142527.34,Partially Received,,No,2025-12-14 11:19:39
2025-06-09,Meena Retail,C0028,SINV030279,PRD006,Packaged Product P,22,1076.14,23675.08,0.05,1183.75,24858.83,Outstanding,,No,2025-06-09 09:56:02
2025-05-08,Rahul Exports,C0024,SINV030280,PRD004,Assembly Unit B,29,13172.94,382015.26,0.12,45841.83,427857.09,Received,2025-06-19,No,2025-05-08 12:08:41
2025-04-03,Lakshmi Exports,C0021,SINV030281,PRD002,Processed Cement,9,4227.45,38047.05,0.12,4565.65,42612.7,Partially Received,,No,2025-04-03 14:21:30
2025-08-24,Arun Wholesale,C0036,SINV030282,PRD003,Assembly Unit A,34,8563.22,291149.48,0.05,14557.47,305706.95,Outstanding,,No,2025-08-24 04:18:54
2025-06-13,Arun Trading,C0025,SINV030283,PRD010,Export Consignment,1,73269.13,73269.13,0.28,20515.36,93784.49,Partially Received,,No,2025-06-13 16:54:44
2025-06-16,Pooja Mart,C0029,SINV030284,PRD005,Chemical Compound X,94,3973.64,373522.16,0.28,104586.2,478108.36,Partially Received,,No,2025-06-16 20:00:08
2025-07-17,Deepa Wholesale,C0011,SINV030285,PRD006,Packaged Product P,413,1312.88,542219.44,0.18,97599.5,639818.94,Partially Received,,No,2025-07-17 10:33:13
2025-06-04,Amit Imports,C0009,SINV030286,PRD004,Assembly Unit B,-1,12609.18,-12609.18,0.05,-630.46,-13239.64,Partially Received,,Yes,2025-06-04 12:38:09
2025-04-05,Amit Trading,C0006,SINV030287,PRD001,Finished Steel Pipe,426,2600.41,1107774.66,0.28,310176.9,1417951.56,Received,2025-05-02,No,2025-04-05 10:33:15
2025-04-13,Arun Wholesale,C0036,SINV030288,PRD008,Maintenance Contract,4,33992.27,135969.08,0.18,24474.43,160443.51,Partially Received,,No,2025-04-13 17:10:49
2025-07-02,Amit Trading,C0006,SINV030289,PRD008,Maintenance Contract,3,32483.58,97450.74,0.12,11694.09,109144.83,Outstanding,,No,2025-07-02 14:30:29
2025-06-09,Arun Wholesale,C0036,SINV030290,PRD005,Chemical Compound X,147,4077.51,599393.97,0.28,167830.31,767224.28,Outstanding,,No,2025-06-09 15:09:55
2025-12-18,Lakshmi Exports,C0010,SINV030291,PRD010,Export Consignment,3,73955.4,221866.2,0.05,11093.31,232959.51,Partially Received,,No,2025-12-18 21:54:42
2025-10-18,Arun Wholesale,C0036,SINV030292,PRD004,Assembly Unit B,6,12785.84,76715.04,0.05,3835.75,80550.79,Received,2026-01-09,No,2025-10-18 09:35:55
2025-11-21,Mohan Stores,C0031,SINV030293,PRD003,Assembly Unit A,29,9232.39,267739.31,0.05,13386.97,281126.28,Partially Received,,No,2025-11-21 19:13:12
2025-04-15,Vikram Mart,C0014,SINV030294,PRD010,Export Consignment,1,76724.58,76724.58,0.12,9206.95,85931.53,Partially Received,,No,2025-04-15 14:11:11
2025-06-27,Arun Pvt Ltd,C0040,SINV030295,PRD004,Assembly Unit B,26,11377.04,295803.04,0.28,82824.85,378627.89,Partially Received,,No,2025-06-27 10:46:27
2025-07-31,Meena Imports,C0020,SINV030296,PRD004,Assembly Unit B,-6,12971.86,-77831.16,0.12,-9339.74,-87170.9,Received,2025-10-13,Yes,2025-07-31 11:20:41
2026-01-10,Rahul Imports,C0035,SINV030297,PRD004,Assembly Unit B,4,11960.77,47843.08,0.18,8611.75,56454.83,Partially Received,,No,2026-01-10 13:17:26
2025-10-19,Deepa Trading,C0032,SINV030298,PRD004,Assembly Unit B,19,11397.45,216551.55,0.12,25986.19,242537.74,Outstanding,,No,2025-10-19 04:15:01
2025-11-15,Arun Pvt Ltd,C0040,SINV030299,PRD002,Processed Cement,147,3789.66,557080.02,0.12,66849.6,623929.62,Received,2025-12-06,No,2025-11-15 23:00:11
2026-03-08,Rajesh & Sons,C0004,SINV030300,PRD006,Packaged Product P,270,1347.84,363916.8,0.12,43670.02,407586.82,Partially Received,,No,2026-03-08 18:29:48
2026-03-29,Sunita Retail,C0008,SINV030301,PRD004,Assembly Unit B,18,13604.9,244888.2,0.28,68568.7,313456.9,Partially Received,,No,2026-03-29 14:08:37
2026-03-12,Amit Imports,C0009,SINV030302,PRD003,Assembly Unit A,24,42500.0,1020000.0,0.05,51000.0,1071000.0,Partially Received,,No,2026-03-12 21:06:08
2025-04-20,Arun Wholesale,C0036,SINV030303,PRD004,Assembly Unit B,-9,11946.94,-107522.46,0.12,-12902.7,-120425.16,Partially Received,,Yes,2025-04-20 09:16:48
2025-09-26,Priya Wholesale,C0030,SINV030304,PRD009,Spare Kit S1,48,5119.74,245747.52,0.28,68809.31,314556.83,Outstanding,,No,2025-09-26 19:13:44
2025-07-31,Amit Exports,C0033,SINV030305,PRD006,Packaged Product P,474,1041.92,493870.08,0.12,59264.41,553134.49,Received,2025-08-26,No,2025-07-31 19:34:25
2025-07-30,Anita Wholesale,C0002,SINV030306,PRD005,Chemical Compound X,147,3983.6,585589.2,0.18,105406.06,690995.26,Partially Received,,No,2025-07-30 15:41:05
2025-05-05,Lakshmi Exports,C0021,SINV030307,PRD002,Processed Cement,42,4772.16,200430.72,0.28,56120.6,256551.32,Partially Received,,No,2025-05-05 14:53:55
2025-06-16,Sunita Ltd,C0037,SINV030308,PRD002,Processed Cement,200,4737.85,947570.0,0.05,47378.5,994948.5,Partially Received,,No,2025-06-16 19:36:10
2025-09-03,Sanjay Retail,C0023,SINV030309,PRD001,Finished Steel Pipe,670,3109.0,2083030.0,0.05,104151.5,2187181.5,Partially Received,,No,2025-09-03 12:30:17
2025-04-03,Rahul Ltd,C0013,SINV030310,PRD001,Finished Steel Pipe,85,2556.75,217323.75,0.12,26078.85,243402.6,Partially Received,,No,2025-04-03 18:26:30
2025-06-14,Deepa Trading,C0032,SINV030311,PRD002,Processed Cement,39,4492.01,175188.39,0.05,8759.42,183947.81,Received,2025-07-11,No,2025-06-14 15:03:40
2025-10-27,Deepa Wholesale,C0011,SINV030312,PRD002,Processed Cement,36,3637.41,130946.76,0.28,36665.09,167611.85,Partially Received,,No,2025-10-27 16:48:42
2025-10-13,Amit Trading,C0006,SINV030313,PRD002,Processed Cement,47,3622.73,170268.31,0.05,8513.42,178781.73,Partially Received,,No,2025-10-13 15:06:08
2025-09-23,Lakshmi & Sons,C0003,SINV030314,PRD008,Maintenance Contract,5,37729.5,188647.5,0.12,22637.7,211285.2,Received,2025-10-19,No,2025-09-23 19:47:59
2025-08-29,Arun Pvt Ltd,C0040,SINV030315,PRD004,Assembly Unit B,13,11414.33,148386.29,0.05,7419.31,155805.6,Partially Received,,No,2025-08-29 18:12:27
2026-02-28,Pooja Mart,C0001,SINV030316,PRD003,Assembly Unit A,50,8553.53,427676.5,0.28,119749.42,547425.92,Received,2026-04-06,No,2026-02-28 19:51:19
2025-08-24,Arun Pvt Ltd,C0012,SINV030317,PRD002,Processed Cement,175,4067.43,711800.25,0.05,35590.01,747390.26,Partially Received,,No,2025-08-24 09:50:35
2025-06-08,Priya Imports,C0022,SINV030318,PRD001,Finished Steel Pipe,385,560.0,215600.0,0.18,38808.0,254408.0,Received,2025-08-23,No,2025-06-08 11:38:18
2025-05-04,Rahul Exports,C0024,SINV030319,PRD006,Packaged Product P,336,120.0,40320.0,0.28,11289.6,51609.6,Received,2025-07-29,No,2025-05-04 21:47:47
2025-06-05,Sunita Ltd,C0037,SINV030320,PRD010,Export Consignment,2,82278.61,164557.22,0.18,29620.3,194177.52,Received,2025-07-05,No,2025-06-05 21:44:37
2025-08-20,Priya Wholesale,C0030,SINV030321,PRD002,Processed Cement,92,4262.62,392161.04,0.12,47059.32,439220.36,Partially Received,,No,2025-08-20 12:27:59
2025-06-06,Rahul Exports,C0024,SINV030322,PRD007,Custom Fabrication,5,24913.98,124569.9,0.18,22422.58,146992.48,Partially Received,,No,2025-06-06 12:54:01
2025-12-03,Lakshmi Exports,C0010,SINV030323,PRD001,Finished Steel Pipe,371,2895.97,1074404.87,0.12,128928.58,1203333.45,Outstanding,,No,2025-12-03 09:27:07
2025-08-21,Priya Stores,C0015,SINV030324,PRD009,Spare Kit S1,40,4168.59,166743.6,0.28,46688.21,213431.81,Partially Received,,No,2025-08-21 09:10:38
2026-01-28,Amit Trading,C0006,SINV030325,PRD007,Custom Fabrication,3,19534.79,58604.37,0.28,16409.22,75013.59,Outstanding,,No,2026-01-28 09:26:14
2025-09-11,Priya & Sons,C0034,SINV030326,PRD002,Processed Cement,176,4365.99,768414.24,0.18,138314.56,906728.8,Received,2025-10-10,No,2025-09-11 13:55:10
2025-06-03,Lakshmi & Sons,C0003,SINV030327,PRD004,Assembly Unit B,30,50000.0,1500000.0,0.05,75000.0,1575000.0,Outstanding,,No,2025-06-03 09:39:23
2025-11-03,Sunita Ltd,C0037,SINV030328,PRD008,Maintenance Contract,1,33644.32,33644.32,0.18,6055.98,39700.3,Partially Received,,No,2025-11-03 21:19:39
2025-11-04,Sanjay Retail,C0023,SINV030329,PRD006,Packaged Product P,246,1322.97,325450.62,0.18,58581.11,384031.73,Received,2025-12-07,No,2025-11-04 11:15:16
2025-05-27,Priya Wholesale,C0030,SINV030330,PRD007,Custom Fabrication,2,23961.91,47923.82,0.05,2396.19,50320.01,Partially Received,,No,2025-05-27 09:35:03
2025-04-14,Sunita Retail,C0008,SINV030331,PRD001,Finished Steel Pipe,423,2845.23,1203532.29,0.12,144423.87,1347956.16,Received,2025-06-11,No,2025-04-14 21:58:47
2025-06-22,Arun & Sons,C0018,SINV030332,PRD002,Processed Cement,140,3586.54,502115.6,0.28,140592.37,642707.97,Received,2025-09-16,No,2025-06-22 22:33:02
2025-06-15,Rahul Exports,C0024,SINV030333,PRD008,Maintenance Contract,1,39979.11,39979.11,0.05,1998.96,41978.07,Partially Received,,No,2025-06-15 18:01:55
2025-12-17,Priya Wholesale,C0030,SINV030334,PRD002,Processed Cement,-2,3774.13,-7548.26,0.12,-905.79,-8454.05,Outstanding,,Yes,2025-12-17 09:26:28
2025-04-25,Priya Stores,C0015,SINV030335,PRD006,Packaged Product P,489,1119.2,547288.8,0.05,27364.44,574653.24,Outstanding,,No,2025-04-25 13:23:33
2026-03-27,Lakshmi Ltd,C0026,SINV030336,PRD003,Assembly Unit A,37,42500.0,1572500.0,0.05,78625.0,1651125.0,Received,2026-05-11,No,2026-03-27 12:01:01
2026-01-31,Pooja Mart,C0029,SINV030337,PRD007,Custom Fabrication,4,5000.0,20000.0,0.28,5600.0,25600.0,Partially Received,,No,2026-01-31 13:31:01
2026-02-05,Priya Imports,C0022,SINV030338,PRD004,Assembly Unit B,-8,14025.45,-112203.6,0.12,-13464.43,-125668.03,Outstanding,,Yes,2026-02-05 15:10:52
2025-05-11,Lakshmi Ltd,C0026,SINV030339,PRD007,Custom Fabrication,9,20287.62,182588.58,0.12,21910.63,204499.21,Received,2025-08-09,No,2025-05-11 14:37:04
2025-04-30,Mohan Stores,C0031,SINV030340,PRD001,Finished Steel Pipe,436,2464.14,1074365.04,0.05,53718.25,1128083.29,Outstanding,,No,2025-04-30 13:25:26
2025-05-30,Kavya Wholesale,C0038,SINV030341,PRD001,Finished Steel Pipe,498,2939.89,1464065.22,0.05,73203.26,1537268.48,Received,2025-07-02,No,2025-05-30 09:28:37
2026-01-25,Lakshmi & Sons,C0003,SINV030342,PRD001,Finished Steel Pipe,566,2437.07,1379381.62,0.18,248288.69,1627670.31,Partially Received,,No,2026-01-25 12:34:49
2025-09-09,Sunita Ltd,C0037,SINV030343,PRD005,Chemical Compound X,17,3402.0,57834.0,0.05,2891.7,60725.7,Received,2025-09-15,No,2025-09-09 12:42:45
2026-01-27,Ravi Retail,C0017,SINV030344,PRD010,Export Consignment,3,82238.51,246715.53,0.05,12335.78,259051.31,Outstanding,,No,2026-01-27 13:41:53
2026-02-22,Amit & Sons,C0039,SINV030345,PRD009,Spare Kit S1,13,4747.08,61712.04,0.28,17279.37,78991.41,Outstanding,,No,2026-02-22 12:41:04
2026-02-03,Sunita Retail,C0008,SINV030346,PRD007,Custom Fabrication,2,21411.86,42823.72,0.28,11990.64,54814.36,Outstanding,,No,2026-02-03 17:47:18
2025-12-05,Deepa Pvt Ltd,C0007,SINV030347,PRD003,Assembly Unit A,31,8681.1,269114.1,0.12,32293.69,301407.79,Received,2026-01-04,No,2025-12-05 13:03:31
2025-07-03,Arun Pvt Ltd,C0012,SINV030348,PRD006,Packaged Product P,496,1205.54,597947.84,0.28,167425.4,765373.24,Partially Received,,No,2025-07-03 12:47:44
2026-02-07,Amit & Sons,C0039,SINV030349,PRD005,Chemical Compound X,18,3828.41,68911.38,0.05,3445.57,72356.95,Outstanding,,No,2026-02-07 16:51:00
2025-04-14,Deepa Wholesale,C0011,SINV030350,PRD007,Custom Fabrication,9,21740.9,195668.1,0.12,23480.17,219148.27,Partially Received,,No,2025-04-14 12:29:03
2025-10-28,Deepa Wholesale,C0011,SINV030351,PRD002,Processed Cement,170,4408.35,749419.5,0.05,37470.97,786890.47,Received,2026-01-17,No,2025-10-28 09:53:10
2025-07-30,Ravi Retail,C0017,SINV030352,PRD002,Processed Cement,193,4345.16,838615.88,0.05,41930.79,880546.67,Partially Received,,No,2025-07-30 14:43:44
2025-06-15,Amit & Sons,C0039,SINV030353,PRD009,Spare Kit S1,2,5132.58,10265.16,0.28,2874.24,13139.4,Partially Received,,No,2025-06-15 10:05:28
2026-03-05,Amit Exports,C0033,SINV030354,PRD010,Export Consignment,1,85586.43,85586.43,0.18,15405.56,100991.99,Outstanding,,No,2026-03-05 17:01:52
2025-06-22,Ravi Retail,C0017,SINV030355,PRD005,Chemical Compound X,92,3623.7,333380.4,0.12,40005.65,373386.05,Partially Received,,No,2025-06-22 21:07:28
2025-12-16,Priya Stores,C0015,SINV030356,PRD010,Export Consignment,1,75879.74,75879.74,0.28,21246.33,97126.07,Received,2025-12-20,No,2025-12-16 14:28:59
2025-11-29,Rahul Imports,C0035,SINV030357,PRD001,Finished Steel Pipe,96,10000.0,960000.0,0.28,268800.0,1228800.0,Received,2026-01-17,No,2025-11-29 14:30:42
2026-01-30,Sunita Ltd,C0037,SINV030358,PRD002,Processed Cement,166,4411.66,732335.56,0.18,131820.4,864155.96,Received,2026-04-06,No,2026-01-30 15:05:48
2025-06-24,Deepa Trading,C0032,SINV030359,PRD010,Export Consignment,3,84085.76,252257.28,0.18,45406.31,297663.59,Received,2025-08-23,No,2025-06-24 18:42:27
2026-03-07,Lakshmi Ltd,C0026,SINV030360,PRD010,Export Consignment,1,76998.94,76998.94,0.28,21559.7,98558.64,Received,2026-03-23,No,2026-03-07 19:03:17
2025-05-28,Ravi Retail,C0017,SINV030361,PRD002,Processed Cement,127,4703.48,597341.96,0.28,167255.75,764597.71,Partially Received,,No,2025-05-28 14:27:02
2026-03-12,Arun Pvt Ltd,C0012,SINV030362,PRD008,Maintenance Contract,5,7000.0,35000.0,0.18,6300.0,41300.0,Outstanding,,No,2026-03-12 21:44:35
2025-11-22,Arun Trading,C0025,SINV030363,PRD006,Packaged Product P,413,1257.11,519186.43,0.05,25959.32,545145.75,Partially Received,,No,2025-11-22 18:51:54
2026-02-22,Lakshmi Ltd,C0026,SINV030364,PRD003,Assembly Unit A,27,9015.13,243408.51,0.18,43813.53,287222.04,Outstanding,,No,2026-02-22 09:56:38
2026-01-05,Arun Pvt Ltd,C0040,SINV030365,PRD007,Custom Fabrication,10,21533.43,215334.3,0.28,60293.6,275627.9,Outstanding,,No,2026-01-05 12:46:16
2025-06-17,Pooja Mart,C0029,SINV030366,PRD009,Spare Kit S1,10,4887.6,48876.0,0.18,8797.68,57673.68,Received,2025-08-06,No,2025-06-17 10:28:00
2026-01-22,Lakshmi Exports,C0010,SINV030367,PRD003,Assembly Unit A,41,8261.91,338738.31,0.18,60972.9,399711.21,Partially Received,,No,2026-01-22 21:15:52
2025-12-14,Rahul Imports,C0035,SINV030368,PRD003,Assembly Unit A,15,7903.09,118546.35,0.05,5927.32,124473.67,Outstanding,,No,2025-12-14 18:50:49
2026-02-09,Rahul Imports,C0035,SINV030369,PRD009,Spare Kit S1,9,5498.42,49485.78,0.12,5938.29,55424.07,Outstanding,,No,2026-02-09 09:56:27
2026-02-03,Mohan Stores,C0031,SINV030370,PRD003,Assembly Unit A,2,8814.26,17628.52,0.28,4935.99,22564.51,Received,2026-02-15,No,2026-02-03 18:04:27
2025-05-28,Meena Imports,C0020,SINV030371,PRD002,Processed Cement,186,3882.84,722208.24,0.12,86664.99,808873.23,Partially Received,,No,2025-05-28 18:57:48
2025-07-29,Vikram Mart,C0014,SINV030372,PRD007,Custom Fabrication,7,2200.0,15400.0,0.05,770.0,16170.0,Outstanding,,No,2025-07-29 12:30:46
2025-08-09,Arun Pvt Ltd,C0012,SINV030373,PRD004,Assembly Unit B,4,11642.19,46568.76,0.05,2328.44,48897.2,Partially Received,,No,2025-08-09 14:35:32
2025-08-21,Anita Wholesale,C0002,SINV030374,PRD003,Assembly Unit A,10,7893.57,78935.7,0.18,14208.43,93144.13,Partially Received,,No,2025-08-21 21:19:31
2025-07-08,Meena Retail,C0028,SINV030375,PRD006,Packaged Product P,-1,1338.1,-1338.1,0.05,-66.91,-1405.01,Outstanding,,Yes,2025-07-08 20:18:17
2025-12-04,Lakshmi Ltd,C0026,SINV030376,PRD002,Processed Cement,133,3729.74,496055.42,0.28,138895.52,634950.94,Outstanding,,No,2025-12-04 20:04:49
2026-01-05,Amit & Sons,C0039,SINV030377,PRD009,Spare Kit S1,1,5327.47,5327.47,0.05,266.37,5593.84,Outstanding,,No,2026-01-05 17:58:46
2025-08-18,Arun Wholesale,C0036,SINV030378,PRD003,Assembly Unit A,27,8543.28,230668.56,0.05,11533.43,242201.99,Received,2025-09-16,No,2025-08-18 10:28:17
2025-10-19,Lakshmi Exports,C0021,SINV030379,PRD010,Export Consignment,3,73249.16,219747.48,0.12,26369.7,246117.18,Partially Received,,No,2025-10-19 19:24:16
2025-09-07,Kavya Wholesale,C0038,SINV030380,PRD007,Custom Fabrication,5,2200.0,11000.0,0.28,3080.0,14080.0,Outstanding,,No,2025-09-07 17:24:36
2026-03-04,Kavya Wholesale,C0038,SINV030381,PRD005,Chemical Compound X,35,100000.0,3500000.0,0.18,630000.0,4130000.0,Partially Received,,No,2026-03-04 09:07:07
2025-10-02,Arun Pvt Ltd,C0012,SINV030382,PRD001,Finished Steel Pipe,391,3126.89,1222613.99,0.28,342331.92,1564945.91,Received,2025-11-16,No,2025-10-02 12:44:59
2025-11-03,Rahul Ltd,C0005,SINV030383,PRD008,Maintenance Contract,-4,39655.34,-158621.36,0.05,-7931.07,-166552.43,Partially Received,,Yes,2025-11-03 19:46:03
2025-11-02,Arun Wholesale,C0036,SINV030384,PRD007,Custom Fabrication,3,19360.05,58080.15,0.12,6969.62,65049.77,Partially Received,,No,2025-11-02 14:15:26
2026-02-01,Ravi Retail,C0017,SINV030385,PRD006,Packaged Product P,4,1037.69,4150.76,0.18,747.14,4897.9,Partially Received,,No,2026-02-01 09:24:31
2025-07-01,Amit Imports,C0009,SINV030386,PRD005,Chemical Compound X,97,50000.0,4850000.0,0.18,873000.0,5723000.0,Partially Received,,No,2025-07-01 09:18:58
2025-11-07,Arun & Sons,C0018,SINV030387,PRD009,Spare Kit S1,21,5216.42,109544.82,0.28,30672.55,140217.37,Outstanding,,No,2025-11-07 16:26:03
2025-09-09,Deepa Wholesale,C0011,SINV030388,PRD001,Finished Steel Pipe,502,3015.26,1513660.52,0.18,272458.89,1786119.41,Outstanding,,No,2025-09-09 15:55:23
2025-09-05,Rahul Imports,C0035,SINV030389,PRD001,Finished Steel Pipe,197,3036.26,598143.22,0.28,167480.1,765623.32,Partially Received,,No,2025-09-05 21:20:14
2025-08-03,Anita Wholesale,C0002,SINV030390,PRD007,Custom Fabrication,7,24480.85,171365.95,0.12,20563.91,191929.86,Received,2025-10-24,No,2025-08-03 21:23:16
2026-03-25,Arun Pvt Ltd,C0012,SINV030391,PRD007,Custom Fabrication,7,22875.32,160127.24,0.18,28822.9,188950.14,Partially Received,,No,2026-03-25 13:03:06
2026-03-22,Priya Stores,C0015,SINV030392,PRD001,Finished Steel Pipe,192,5000.0,960000.0,0.05,48000.0,1008000.0,Received,2026-04-11,No,2026-03-22 19:27:10
2025-11-06,Usha Ltd,C0019,SINV030393,PRD003,Assembly Unit A,31,8017.07,248529.17,0.28,69588.17,318117.34,Received,2025-12-17,No,2025-11-06 16:44:42
2025-04-15,Arun Pvt Ltd,C0040,SINV030394,PRD002,Processed Cement,72,4463.52,321373.44,0.28,89984.56,411358.0,Received,2025-04-27,No,2025-04-15 10:05:11
2025-12-30,Rahul Exports,C0024,SINV030395,PRD009,Spare Kit S1,25,5510.46,137761.5,0.18,24797.07,162558.57,Received,2026-03-09,No,2025-12-30 21:33:40
2026-01-27,Pooja Mart,C0001,SINV030396,PRD002,Processed Cement,183,4193.11,767339.13,0.28,214854.96,982194.09,Partially Received,,No,2026-01-27 17:25:30
2025-06-28,Amit Imports,C0009,SINV030397,PRD004,Assembly Unit B,12,11798.72,141584.64,0.05,7079.23,148663.87,Received,2025-08-02,No,2025-06-28 18:38:56
2025-08-13,Pooja Mart,C0029,SINV030398,PRD003,Assembly Unit A,28,7419.16,207736.48,0.28,58166.21,265902.69,Partially Received,,No,2025-08-13 11:40:51
2025-07-14,Sunita Retail,C0008,SINV030399,PRD003,Assembly Unit A,48,9162.29,439789.92,0.05,21989.5,461779.42,Outstanding,,No,2025-07-14 17:16:14
2025-09-25,Priya Imports,C0022,SINV030400,PRD004,Assembly Unit B,13,13319.03,173147.39,0.28,48481.27,221628.66,Partially Received,,No,2025-09-25 20:37:46
2026-02-20,Rajesh & Sons,C0004,SINV030401,PRD008,Maintenance Contract,5,31585.7,157928.5,0.18,28427.13,186355.63,Received,2026-03-08,No,2026-02-20 11:23:16
2025-08-08,Arun Wholesale,C0036,SINV030402,PRD004,Assembly Unit B,9,10369.74,93327.66,0.18,16798.98,110126.64,Partially Received,,No,2025-08-08 14:51:48
2025-08-25,Ravi Retail,C0017,SINV030403,PRD005,Chemical Compound X,38,3999.46,151979.48,0.18,27356.31,179335.79,Received,2025-09-09,No,2025-08-25 23:21:47
2025-11-16,Amit Imports,C0009,SINV030404,PRD004,Assembly Unit B,20,12955.26,259105.2,0.12,31092.62,290197.82,Partially Received,,No,2025-11-16 13:49:34
2025-11-17,Deepa Trading,C0032,SINV030405,PRD010,Export Consignment,2,80943.54,161887.08,0.05,8094.35,169981.43,Received,2026-02-11,No,2025-11-17 16:57:49
2025-06-26,Usha Ltd,C0019,SINV030406,PRD003,Assembly Unit A,36,8599.18,309570.48,0.28,86679.73,396250.21,Partially Received,,No,2025-06-26 09:12:55
2025-09-29,Deepa Wholesale,C0011,SINV030407,PRD002,Processed Cement,139,3646.58,506874.62,0.28,141924.89,648799.51,Received,2025-12-16,No,2025-09-29 20:00:41
2025-09-16,Arun Trading,C0016,SINV030408,PRD001,Finished Steel Pipe,624,3215.24,2006309.76,0.18,361135.76,2367445.52,Received,2025-10-28,No,2025-09-16 03:02:24
2025-08-15,Rahul Imports,C0035,SINV030409,PRD009,Spare Kit S1,22,5300.79,116617.38,0.12,13994.09,130611.47,Outstanding,,No,2025-08-15 18:57:14
2025-12-20,Pooja Mart,C0001,SINV030410,PRD001,Finished Steel Pipe,406,2750.05,1116520.3,0.05,55826.02,1172346.32,Partially Received,,No,2025-12-20 10:45:55
2025-11-04,Usha Ltd,C0019,SINV030411,PRD009,Spare Kit S1,17,4446.33,75587.61,0.05,3779.38,79366.99,Partially Received,,No,2025-11-04 14:11:17
2025-11-05,Rahul Exports,C0024,SINV030412,PRD005,Chemical Compound X,54,3945.01,213030.54,0.18,38345.5,251376.04,Outstanding,,No,2025-11-05 09:52:34
2025-11-17,Rahul Ltd,C0005,SINV030413,PRD008,Maintenance Contract,1,29913.48,29913.48,0.12,3589.62,33503.1,Partially Received,,No,2025-11-17 20:50:35
2025-06-15,Lakshmi Exports,C0021,SINV030414,PRD004,Assembly Unit B,17,12579.85,213857.45,0.05,10692.87,224550.32,Partially Received,,No,2025-06-15 17:29:32
2026-01-26,Arun Pvt Ltd,C0040,SINV030415,PRD010,Export Consignment,3,77224.13,231672.39,0.28,64868.27,296540.66,Outstanding,,No,2026-01-26 02:56:56
2025-12-02,Lakshmi Exports,C0021,SINV030416,PRD008,Maintenance Contract,4,36900.75,147603.0,0.12,17712.36,165315.36,Outstanding,,No,2025-12-02 10:17:53
2025-05-16,Arun Trading,C0025,SINV030417,PRD004,Assembly Unit B,24,13668.62,328046.88,0.05,16402.34,344449.22,Partially Received,,No,2025-05-16 20:38:34
2025-06-07,Ravi Retail,C0017,SINV030418,PRD003,Assembly Unit A,42,7802.28,327695.76,0.18,58985.24,386681.0,Outstanding,,No,2025-06-07 12:53:35
2025-07-31,Deepa Wholesale,C0011,SINV030419,PRD009,Spare Kit S1,10,5485.13,54851.3,0.12,6582.16,61433.46,Partially Received,,No,2025-07-31 18:50:06
2025-10-18,Arun Wholesale,C0036,SINV030420,PRD008,Maintenance Contract,2,40075.76,80151.52,0.05,4007.58,84159.1,Partially Received,,No,2025-10-18 11:56:36
2025-06-25,Amit Exports,C0033,SINV030421,PRD001,Finished Steel Pipe,120,2392.52,287102.4,0.12,34452.29,321554.69,Received,2025-07-18,No,2025-06-25 11:07:02
2025-11-23,Anita Wholesale,C0002,SINV030422,PRD002,Processed Cement,-1,4888.87,-4888.87,0.28,-1368.88,-6257.75,Partially Received,,Yes,2025-11-23 15:24:07
2025-10-15,Amit & Sons,C0039,SINV030423,PRD009,Spare Kit S1,6,5257.68,31546.08,0.28,8832.9,40378.98,Received,2025-12-02,No,2025-10-15 10:00:35
2025-05-02,Arun Trading,C0025,SINV030424,PRD002,Processed Cement,142,3934.6,558713.2,0.18,100568.38,659281.58,Outstanding,,No,2025-05-02 20:15:57
2025-12-04,Amit Trading,C0006,SINV030425,PRD010,Export Consignment,3,15000.0,45000.0,0.05,2250.0,47250.0,Received,2026-01-14,No,2025-12-04 13:26:50
2026-03-13,Meena Imports,C0020,SINV030426,PRD007,Custom Fabrication,1,20010.47,20010.47,0.18,3601.88,23612.35,Received,2026-05-11,No,2026-03-13 21:06:02
2025-08-21,Arun Pvt Ltd,C0012,SINV030427,PRD001,Finished Steel Pipe,389,2747.53,1068789.17,0.18,192382.05,1261171.22,Received,2025-10-03,No,2025-08-21 05:47:37
2025-11-08,Anita Wholesale,C0002,SINV030428,PRD001,Finished Steel Pipe,276,2457.3,678214.8,0.28,189900.14,868114.94,Received,2026-01-30,No,2025-11-08 19:24:27
2026-03-29,Rahul Exports,C0024,SINV030429,PRD005,Chemical Compound X,58,4125.72,239291.76,0.05,11964.59,251256.35,Received,2026-05-26,No,2026-03-29 01:45:53
2025-10-22,Rahul Imports,C0035,SINV030430,PRD006,Packaged Product P,470,1232.93,579477.1,0.05,28973.85,608450.95,Partially Received,,No,2025-10-22 18:52:59
2025-10-06,Mohan Stores,C0031,SINV030431,PRD001,Finished Steel Pipe,200,2741.11,548222.0,0.05,27411.1,575633.1,Partially Received,,No,2025-10-06 21:35:48
2025-10-11,Rahul Ltd,C0013,SINV030432,PRD005,Chemical Compound X,145,3731.58,541079.1,0.12,64929.49,606008.59,Received,2025-11-30,No,2025-10-11 17:46:36
2025-12-27,Amit & Sons,C0039,SINV030433,PRD008,Maintenance Contract,5,35581.92,177909.6,0.05,8895.48,186805.08,Partially Received,,No,2025-12-27 12:34:27
2025-12-27,Sunita Ltd,C0037,SINV030434,PRD002,Processed Cement,125,4554.8,569350.0,0.28,159418.0,728768.0,Received,2026-02-12,No,2025-12-27 19:42:41
2025-07-02,Anita Wholesale,C0002,SINV030435,PRD006,Packaged Product P,40,1224.97,48998.8,0.28,13719.66,62718.46,Outstanding,,No,2025-07-02 14:29:54
2025-06-04,Anita Wholesale,C0002,SINV030436,PRD010,Export Consignment,2,83576.54,167153.08,0.12,20058.37,187211.45,Outstanding,,No,2025-06-04 09:05:08
2025-10-12,Priya Wholesale,C0030,SINV030437,PRD009,Spare Kit S1,36,5310.88,191191.68,0.12,22943.0,214134.68,Partially Received,,No,2025-10-12 09:19:05
2025-11-23,Rahul Exports,C0024,SINV030438,PRD003,Assembly Unit A,21,9702.36,203749.56,0.05,10187.48,213937.04,Received,2026-01-21,No,2025-11-23 14:21:32
2026-03-28,Deepa Trading,C0032,SINV030439,PRD008,Maintenance Contract,2,34876.92,69753.84,0.18,12555.69,82309.53,Outstanding,,No,2026-03-28 10:42:47
2025-05-20,Amit & Sons,C0039,SINV030440,PRD003,Assembly Unit A,42,8631.14,362507.88,0.05,18125.39,380633.27,Outstanding,,No,2025-05-20 17:43:51
2025-06-10,Amit Trading,C0006,SINV030441,PRD010,Export Consignment,1,66920.55,66920.55,0.28,18737.75,85658.3,Outstanding,,No,2025-06-10 15:17:11
2025-11-17,Priya Imports,C0022,SINV030442,PRD009,Spare Kit S1,57,5513.81,314287.17,0.05,15714.36,330001.53,Outstanding,,No,2025-11-17 09:51:45
2025-05-24,Rahul Exports,C0024,SINV030443,PRD005,Chemical Compound X,76,3462.68,263163.68,0.12,31579.64,294743.32,Received,2025-07-04,No,2025-05-24 17:22:43
2026-01-21,Amit Exports,C0033,SINV030444,PRD003,Assembly Unit A,24,8492.21,203813.04,0.05,10190.65,214003.69,Received,2026-04-05,No,2026-01-21 02:08:54
2026-02-18,Anita Wholesale,C0002,SINV030445,PRD001,Finished Steel Pipe,722,3134.72,2263267.84,0.05,113163.39,2376431.23,Outstanding,,No,2026-02-18 15:14:59
2025-06-27,Arun & Sons,C0018,SINV030446,PRD001,Finished Steel Pipe,286,3092.0,884312.0,0.28,247607.36,1131919.36,Outstanding,,No,2025-06-27 12:52:08
2026-01-12,Arun Pvt Ltd,C0012,SINV030447,PRD009,Spare Kit S1,47,5355.09,251689.23,0.12,30202.71,281891.94,Outstanding,,No,2026-01-12 18:20:56
2025-12-05,Pooja Mart,C0001,SINV030448,PRD001,Finished Steel Pipe,530,2533.53,1342770.9,0.05,67138.54,1409909.44,Partially Received,,No,2025-12-05 17:41:58
2025-06-09,Pooja Mart,C0029,SINV030449,PRD004,Assembly Unit B,30,100000.0,3000000.0,0.05,150000.0,3150000.0,Outstanding,,No,2025-06-09 15:04:24
2025-05-01,Pooja Mart,C0001,SINV030450,PRD008,Maintenance Contract,1,30710.4,30710.4,0.05,1535.52,32245.92,Partially Received,,No,2025-05-01 21:22:35
2025-11-24,Rahul Exports,C0024,SINV030451,PRD001,Finished Steel Pipe,673,2452.39,1650458.47,0.12,198055.02,1848513.49,Received,2026-01-18,No,2025-11-24 21:06:52
2025-07-26,Amit Trading,C0006,SINV030452,PRD001,Finished Steel Pipe,584,2494.38,1456717.92,0.18,262209.23,1718927.15,Received,2025-07-31,No,2025-07-26 21:28:03
2026-01-29,Priya Wholesale,C0030,SINV030453,PRD002,Processed Cement,2,4775.8,9551.6,0.28,2674.45,12226.05,Outstanding,,No,2026-01-29 14:43:00
2026-01-13,Amit Trading,C0006,SINV030454,PRD009,Spare Kit S1,19,4406.88,83730.72,0.18,15071.53,98802.25,Partially Received,,No,2026-01-13 20:20:44
2025-10-29,Lakshmi Exports,C0010,SINV030455,PRD010,Export Consignment,1,83217.1,83217.1,0.28,23300.79,106517.89,Outstanding,,No,2025-10-29 18:35:36
2025-08-21,Sanjay Retail,C0023,SINV030456,PRD003,Assembly Unit A,27,9357.65,252656.55,0.18,45478.18,298134.73,Received,2025-11-09,No,2025-08-21 16:49:07
2025-07-13,Amit Exports,C0033,SINV030457,PRD003,Assembly Unit A,35,7435.74,260250.9,0.28,72870.25,333121.15,Partially Received,,No,2025-07-13 21:19:51
2025-04-24,Lakshmi & Sons,C0003,SINV030458,PRD005,Chemical Compound X,-9,3836.14,-34525.26,0.18,-6214.55,-40739.81,Outstanding,,Yes,2025-04-24 11:22:49
2025-11-26,Priya Stores,C0015,SINV030459,PRD003,Assembly Unit A,47,8142.85,382713.95,0.05,19135.7,401849.65,Outstanding,,No,2025-11-26 13:13:56
2025-06-17,Priya & Sons,C0034,SINV030460,PRD004,Assembly Unit B,13,13303.36,172943.68,0.18,31129.86,204073.54,Partially Received,,No,2025-06-17 15:33:03
2025-11-16,Meena Retail,C0028,SINV030461,PRD001,Finished Steel Pipe,225,3211.37,722558.25,0.28,202316.31,924874.56,Outstanding,,No,2025-11-16 12:37:35
2026-01-06,Meena Imports,C0020,SINV030462,PRD009,Spare Kit S1,52,4408.11,229221.72,0.12,27506.61,256728.33,Partially Received,,No,2026-01-06 13:11:20
2025-09-17,Lakshmi Ltd,C0026,SINV030463,PRD003,Assembly Unit A,29,25000.0,725000.0,0.05,36250.0,761250.0,Partially Received,,No,2025-09-17 14:03:28
2025-11-16,Rajesh & Sons,C0004,SINV030464,PRD007,Custom Fabrication,2,21103.87,42207.74,0.18,7597.39,49805.13,Outstanding,,No,2025-11-16 18:21:22
2025-04-05,Vikram Mart,C0014,SINV030465,PRD010,Export Consignment,2,225000.0,450000.0,0.12,54000.0,504000.0,Received,2025-04-11,No,2025-04-05 18:02:34
2026-03-08,Deepa Trading,C0032,SINV030466,PRD005,Chemical Compound X,60,3167.71,190062.6,0.05,9503.13,199565.73,Received,2026-03-21,No,2026-03-08 18:06:56
2025-05-19,Priya Wholesale,C0030,SINV030467,PRD009,Spare Kit S1,10,4553.09,45530.9,0.28,12748.65,58279.55,Outstanding,,No,2025-05-19 18:43:01
2026-03-18,Pooja Mart,C0029,SINV030468,PRD007,Custom Fabrication,1,21380.41,21380.41,0.05,1069.02,22449.43,Partially Received,,No,2026-03-18 20:11:10
2026-03-24,Priya Stores,C0015,SINV030469,PRD006,Packaged Product P,1,5000.0,5000.0,0.18,900.0,5900.0,Partially Received,,No,2026-03-24 10:43:11
2025-09-08,Amit Imports,C0009,SINV030470,PRD003,Assembly Unit A,37,8136.23,301040.51,0.28,84291.34,385331.85,Received,2025-09-10,No,2025-09-08 21:50:57
2025-05-11,Deepa Wholesale,C0011,SINV030471,PRD007,Custom Fabrication,4,24394.64,97578.56,0.05,4878.93,102457.49,Received,2025-06-25,No,2025-05-11 14:07:21
2026-02-19,Kavya Wholesale,C0038,SINV030472,PRD005,Chemical Compound X,113,3365.12,380258.56,0.28,106472.4,486730.96,Outstanding,,No,2026-02-19 18:21:02
2025-06-06,Deepa Pvt Ltd,C0007,SINV030473,PRD008,Maintenance Contract,1,39522.88,39522.88,0.12,4742.75,44265.63,Partially Received,,No,2025-06-06 16:38:35
2025-07-28,Kavya Wholesale,C0038,SINV030474,PRD006,Packaged Product P,34,1037.33,35269.22,0.05,1763.46,37032.68,Outstanding,,No,2025-07-28 19:48:53
2025-09-03,Usha Ltd,C0019,SINV030475,PRD010,Export Consignment,1,79275.66,79275.66,0.12,9513.08,88788.74,Partially Received,,No,2025-09-03 21:46:00
2025-06-04,Pooja Mart,C0001,SINV030476,PRD005,Chemical Compound X,-7,2945.67,-20619.69,0.18,-3711.54,-24331.23,Partially Received,,Yes,2025-06-04 09:56:13
2026-01-03,Usha Ltd,C0019,SINV030477,PRD002,Processed Cement,25,4773.82,119345.5,0.05,5967.28,125312.78,Partially Received,,No,2026-01-03 13:40:39
2026-01-05,Priya Imports,C0022,SINV030478,PRD010,Export Consignment,1,84209.31,84209.31,0.12,10105.12,94314.43,Partially Received,,No,2026-01-05 14:22:48
2025-04-24,Sunita Ltd,C0037,SINV030479,PRD006,Packaged Product P,18,1041.36,18744.48,0.12,2249.34,20993.82,Outstanding,,No,2025-04-24 14:24:04
2026-02-24,Sunita Ltd,C0037,SINV030480,PRD010,Export Consignment,2,84965.35,169930.7,0.05,8496.54,178427.24,Partially Received,,No,2026-02-24 09:25:36
2025-11-11,Rajesh & Sons,C0004,SINV030481,PRD002,Processed Cement,200,4446.27,889254.0,0.28,248991.12,1138245.12,Received,2026-01-12,No,2025-11-11 16:16:02
2025-07-21,Amit Exports,C0033,SINV030482,PRD005,Chemical Compound X,74,3391.3,250956.2,0.12,30114.74,281070.94,Partially Received,,No,2025-07-21 19:12:36
2025-04-02,Rahul Exports,C0024,SINV030483,PRD004,Assembly Unit B,13,12931.55,168110.15,0.05,8405.51,176515.66,Received,2025-05-15,No,2025-04-02 15:31:29
2025-06-22,Lakshmi Exports,C0021,SINV030484,PRD001,Finished Steel Pipe,12,2441.22,29294.64,0.12,3515.36,32810.0,Received,2025-08-10,No,2025-06-22 19:22:53
2025-10-18,Lakshmi Exports,C0021,SINV030485,PRD005,Chemical Compound X,118,3640.22,429545.96,0.12,51545.52,481091.48,Received,2026-01-01,No,2025-10-18 11:18:06
2025-07-22,Rajesh & Sons,C0004,SINV030486,PRD003,Assembly Unit A,22,9407.83,206972.26,0.12,24836.67,231808.93,Received,2025-07-24,No,2025-07-22 21:14:19
2026-02-24,Lakshmi & Sons,C0003,SINV030487,PRD010,Export Consignment,1,71763.81,71763.81,0.05,3588.19,75352.0,Received,2026-05-17,No,2026-02-24 15:53:43
2025-12-18,Rahul Imports,C0035,SINV030488,PRD009,Spare Kit S1,10,5356.41,53564.1,0.28,14997.95,68562.05,Received,2025-12-30,No,2025-12-18 13:15:00
2025-07-22,Arun Trading,C0025,SINV030489,PRD007,Custom Fabrication,1,20558.49,20558.49,0.28,5756.38,26314.87,Partially Received,,No,2025-07-22 21:08:39
2026-01-14,Priya Imports,C0022,SINV030490,PRD008,Maintenance Contract,4,33144.42,132577.68,0.18,23863.98,156441.66,Partially Received,,No,2026-01-14 17:50:34
2026-01-29,Arun Pvt Ltd,C0012,SINV030491,PRD002,Processed Cement,109,3962.72,431936.48,0.12,51832.38,483768.86,Outstanding,,No,2026-01-29 20:37:49
2025-11-01,Lakshmi & Sons,C0003,SINV030492,PRD004,Assembly Unit B,6,13070.42,78422.52,0.12,9410.7,87833.22,Partially Received,,No,2025-11-01 19:51:56
2025-09-29,Lakshmi Exports,C0010,SINV030493,PRD008,Maintenance Contract,3,34600.41,103801.23,0.18,18684.22,122485.45,Outstanding,,No,2025-09-29 17:11:04
2025-04-01,Anita Wholesale,C0002,SINV030494,PRD010,Export Consignment,2,82691.71,165383.42,0.12,19846.01,185229.43,Received,2025-06-11,No,2025-04-01 16:07:05
2026-03-25,Arun Pvt Ltd,C0012,SINV030495,PRD004,Assembly Unit B,-10,13082.67,-130826.7,0.28,-36631.48,-167458.18,Received,2026-04-03,Yes,2026-03-25 11:06:41
2025-04-03,Priya & Sons,C0034,SINV030496,PRD002,Processed Cement,25,50000.0,1250000.0,0.28,350000.0,1600000.0,Received,2025-04-18,No,2025-04-03 19:23:36
2025-12-31,Amit Exports,C0033,SINV030497,PRD007,Custom Fabrication,9,19238.25,173144.25,0.12,20777.31,193921.56,Partially Received,,No,2025-12-31 14:21:35
2026-03-20,Lakshmi Exports,C0021,SINV030498,PRD010,Export Consignment,3,65869.42,197608.26,0.28,55330.31,252938.57,Partially Received,,No,2026-03-20 16:10:45
2025-12-02,Rajesh & Sons,C0004,SINV030499,PRD006,Packaged Product P,-10,1371.88,-13718.8,0.12,-1646.26,-15365.06,Received,2026-02-11,Yes,2025-12-02 17:48:51
2025-12-17,Arun Trading,C0025,SINV030500,PRD010,Export Consignment,1,81833.38,81833.38,0.12,9820.01,91653.39,Outstanding,,No,2025-12-17 18:30:57
2026-03-03,Priya Imports,C0022,SINV030501,PRD005,Chemical Compound X,44,3840.17,168967.48,0.05,8448.37,177415.85,Outstanding,,No,2026-03-03 10:32:08
2025-06-30,Deepa Wholesale,C0011,SINV030502,PRD001,Finished Steel Pipe,302,2830.79,854898.58,0.05,42744.93,897643.51,Partially Received,,No,2025-06-30 17:13:39
2025-08-08,Amit Imports,C0009,SINV030503,PRD003,Assembly Unit A,32,25500.0,816000.0,0.05,40800.0,856800.0,Partially Received,,No,2025-08-08 10:17:17
2025-05-04,Vikram Mart,C0014,SINV030504,PRD003,Assembly Unit A,39,9036.88,352438.32,0.05,17621.92,370060.24,Partially Received,,No,2025-05-04 15:23:36
2025-06-05,Pooja Mart,C0001,SINV030505,PRD003,Assembly Unit A,4,7931.35,31725.4,0.05,1586.27,33311.67,Partially Received,,No,2025-06-05 09:40:13
2025-06-06,Lakshmi Exports,C0010,SINV030506,PRD004,Assembly Unit B,12,13261.75,159141.0,0.12,19096.92,178237.92,Received,2025-09-04,No,2025-06-06 20:28:31
2025-07-09,Deepa Pvt Ltd,C0007,SINV030507,PRD004,Assembly Unit B,25,10670.31,266757.75,0.18,48016.39,314774.14,Received,2025-09-01,No,2025-07-09 09:57:49
2025-08-08,Priya Imports,C0022,SINV030508,PRD001,Finished Steel Pipe,699,3206.86,2241595.14,0.28,627646.64,2869241.78,Received,2025-09-22,No,2025-08-08 15:12:00
2025-11-20,Amit & Sons,C0039,SINV030509,PRD004,Assembly Unit B,29,12304.42,356828.18,0.28,99911.89,456740.07,Partially Received,,No,2025-11-20 16:22:25
2025-05-07,Rahul Imports,C0035,SINV030510,PRD004,Assembly Unit B,6,13766.41,82598.46,0.12,9911.82,92510.28,Received,2025-06-30,No,2025-05-07 19:01:41
2026-02-06,Mohan Stores,C0031,SINV030511,PRD005,Chemical Compound X,-10,3958.67,-39586.7,0.28,-11084.28,-50670.98,Partially Received,,Yes,2026-02-06 09:55:10
2025-08-13,Vikram Mart,C0014,SINV030512,PRD002,Processed Cement,139,4604.68,640050.52,0.05,32002.53,672053.05,Received,2025-11-01,No,2025-08-13 12:53:47
2025-06-17,Arun Trading,C0025,SINV030513,PRD007,Custom Fabrication,4,24896.65,99586.6,0.12,11950.39,111536.99,Outstanding,,No,2025-06-17 18:05:51
2025-10-05,Deepa Trading,C0032,SINV030514,PRD001,Finished Steel Pipe,378,3193.82,1207263.96,0.05,60363.2,1267627.16,Outstanding,,No,2025-10-05 15:35:56
2025-10-14,Lakshmi Ltd,C0026,SINV030515,PRD008,Maintenance Contract,2,30633.18,61266.36,0.05,3063.32,64329.68,Partially Received,,No,2025-10-14 12:44:25
2025-05-01,Lakshmi Ltd,C0026,SINV030516,PRD006,Packaged Product P,399,1294.7,516585.3,0.18,92985.35,609570.65,Outstanding,,No,2025-05-01 13:37:18
2025-10-18,Lakshmi & Sons,C0003,SINV030517,PRD008,Maintenance Contract,5,10000.0,50000.0,0.28,14000.0,64000.0,Partially Received,,No,2025-10-18 12:43:19
2025-09-24,Priya Stores,C0015,SINV030518,PRD010,Export Consignment,3,72230.9,216692.7,0.28,60673.96,277366.66,Outstanding,,No,2025-09-24 09:19:41
2025-06-08,Amit Imports,C0009,SINV030519,PRD003,Assembly Unit A,8,850.0,6800.0,0.28,1904.0,8704.0,Outstanding,,No,2025-06-08 15:56:53
2026-03-07,Ravi Retail,C0017,SINV030520,PRD004,Assembly Unit B,24,36000.0,864000.0,0.28,241920.0,1105920.0,Partially Received,,No,2026-03-07 11:58:53
2026-03-11,Arun Wholesale,C0036,SINV030521,PRD006,Packaged Product P,264,1326.05,350077.2,0.18,63013.9,413091.1,Partially Received,,No,2026-03-11 11:06:43
2026-02-13,Rahul Imports,C0035,SINV030522,PRD008,Maintenance Contract,-4,38140.97,-152563.88,0.05,-7628.19,-160192.07,Partially Received,,Yes,2026-02-13 15:09:40
2025-08-13,Amit Trading,C0006,SINV030523,PRD010,Export Consignment,2,81862.45,163724.9,0.28,45842.97,209567.87,Received,2025-09-19,No,2025-08-13 12:12:35
2025-10-04,Arun Pvt Ltd,C0012,SINV030524,PRD006,Packaged Product P,134,1361.72,182470.48,0.05,9123.52,191594.0,Received,2026-01-01,No,2025-10-04 03:14:15
2026-03-28,Arun Trading,C0016,SINV030525,PRD002,Processed Cement,136,4199.38,571115.68,0.05,28555.78,599671.46,Received,2026-05-15,No,2026-03-28 14:54:42
2025-10-17,Arun & Sons,C0018,SINV030526,PRD006,Packaged Product P,138,1199.78,165569.64,0.28,46359.5,211929.14,Outstanding,,No,2025-10-17 20:36:43
2026-02-20,Lakshmi Ltd,C0026,SINV030527,PRD010,Export Consignment,1,73573.19,73573.19,0.18,13243.17,86816.36,Partially Received,,No,2026-02-20 14:12:23
2025-10-15,Mohan Stores,C0031,SINV030528,PRD005,Chemical Compound X,129,3472.89,448002.81,0.28,125440.79,573443.6,Received,2025-12-10,No,2025-10-15 20:38:49
2025-05-11,Vikram Mart,C0014,SINV030529,PRD005,Chemical Compound X,95,3083.9,292970.5,0.12,35156.46,328126.96,Partially Received,,No,2025-05-11 11:21:18
2026-02-11,Pooja Mart,C0001,SINV030530,PRD010,Export Consignment,2,67920.71,135841.42,0.18,24451.46,160292.88,Outstanding,,No,2026-02-11 13:32:05
2025-10-08,Amit & Sons,C0039,SINV030531,PRD003,Assembly Unit A,20,9377.81,187556.2,0.18,33760.12,221316.32,Received,2025-10-23,No,2025-10-08 18:24:25
2025-08-20,Arun Trading,C0016,SINV030532,PRD001,Finished Steel Pipe,796,2982.62,2374165.52,0.28,664766.35,3038931.87,Received,2025-09-24,No,2025-08-20 11:15:23
2025-08-25,Arun Pvt Ltd,C0012,SINV030533,PRD007,Custom Fabrication,9,22551.24,202961.16,0.05,10148.06,213109.22,Received,2025-09-15,No,2025-08-25 09:42:16
2025-09-10,Sanjay Trading,C0027,SINV030534,PRD002,Processed Cement,15,4140.53,62107.95,0.18,11179.43,73287.38,Outstanding,,No,2025-09-10 13:13:45
2025-05-24,Priya Stores,C0015,SINV030535,PRD008,Maintenance Contract,1,35358.66,35358.66,0.12,4243.04,39601.7,Partially Received,,No,2025-05-24 19:57:01
2025-06-25,Sunita Retail,C0008,SINV030536,PRD008,Maintenance Contract,1,33617.78,33617.78,0.18,6051.2,39668.98,Partially Received,,No,2025-06-25 11:59:07
2025-09-10,Pooja Mart,C0029,SINV030537,PRD002,Processed Cement,169,3921.99,662816.31,0.18,119306.94,782123.25,Received,2025-11-05,No,2025-09-10 11:13:23
2025-08-15,Amit Exports,C0033,SINV030538,PRD008,Maintenance Contract,4,30260.4,121041.6,0.18,21787.49,142829.09,Outstanding,,No,2025-08-15 19:41:56
2025-09-22,Deepa Wholesale,C0011,SINV030539,PRD001,Finished Steel Pipe,228,14000.0,3192000.0,0.28,893760.0,4085760.0,Outstanding,,No,2025-09-22 20:52:09
2025-10-22,Pooja Mart,C0029,SINV030540,PRD003,Assembly Unit A,13,7722.2,100388.6,0.28,28108.81,128497.41,Received,2025-11-06,No,2025-10-22 19:20:26
2026-02-17,Arun & Sons,C0018,SINV030541,PRD001,Finished Steel Pipe,157,3063.48,480966.36,0.05,24048.32,505014.68,Partially Received,,No,2026-02-17 20:22:52
2025-09-14,Rahul Ltd,C0005,SINV030542,PRD001,Finished Steel Pipe,47,2410.55,113295.85,0.18,20393.25,133689.1,Received,2025-11-15,No,2025-09-14 19:33:42
2025-09-06,Arun Pvt Ltd,C0012,SINV030543,PRD003,Assembly Unit A,43,9384.04,403513.72,0.05,20175.69,423689.41,Received,2025-09-22,No,2025-09-06 11:20:29
2025-07-26,Meena Retail,C0028,SINV030544,PRD001,Finished Steel Pipe,127,3026.16,384322.32,0.18,69178.02,453500.34,Received,2025-09-15,No,2025-07-26 18:44:50
2025-06-24,Priya & Sons,C0034,SINV030545,PRD002,Processed Cement,51,4046.39,206365.89,0.28,57782.45,264148.34,Outstanding,,No,2025-06-24 09:12:07
2025-06-30,Sanjay Retail,C0023,SINV030546,PRD003,Assembly Unit A,42,7700.54,323422.68,0.28,90558.35,413981.03,Partially Received,,No,2025-06-30 20:01:38
2025-06-05,Deepa Trading,C0032,SINV030547,PRD004,Assembly Unit B,12,13178.09,158137.08,0.18,28464.67,186601.75,Partially Received,,No,2025-06-05 20:23:39
2025-06-26,Vikram Mart,C0014,SINV030548,PRD004,Assembly Unit B,25,13132.85,328321.25,0.12,39398.55,367719.8,Received,2025-09-24,No,2025-06-26 11:40:44
2025-04-01,Arun Pvt Ltd,C0040,SINV030549,PRD004,Assembly Unit B,16,12688.28,203012.48,0.12,24361.5,227373.98,Received,2025-05-17,No,2025-04-01 13:23:54
2025-11-03,Priya Stores,C0015,SINV030550,PRD003,Assembly Unit A,23,9703.58,223182.34,0.12,26781.88,249964.22,Outstanding,,No,2025-11-03 15:05:32
2026-01-08,Lakshmi Ltd,C0026,SINV030551,PRD002,Processed Cement,48,4060.25,194892.0,0.05,9744.6,204636.6,Outstanding,,No,2026-01-08 16:02:32
2025-07-12,Sunita Retail,C0008,SINV030552,PRD009,Spare Kit S1,1,4787.6,4787.6,0.12,574.51,5362.11,Received,2025-09-01,No,2025-07-12 15:02:06
2026-01-11,Deepa Pvt Ltd,C0007,SINV030553,PRD006,Packaged Product P,493,1085.84,535319.12,0.12,64238.29,599557.41,Received,2026-03-16,No,2026-01-11 19:35:40
2025-10-24,Meena Retail,C0028,SINV030554,PRD005,Chemical Compound X,114,3874.05,441641.7,0.18,79495.51,521137.21,Received,2025-11-12,No,2025-10-24 16:12:20
2025-06-12,Vikram Mart,C0014,SINV030555,PRD004,Assembly Unit B,17,10260.79,174433.43,0.12,20932.01,195365.44,Received,2025-08-29,No,2025-06-12 11:58:45
2025-09-25,Usha Ltd,C0019,SINV030556,PRD005,Chemical Compound X,145,3226.63,467861.35,0.12,56143.36,524004.71,Partially Received,,No,2025-09-25 17:42:54
2025-10-25,Arun Pvt Ltd,C0012,SINV030557,PRD003,Assembly Unit A,40,9756.9,390276.0,0.18,70249.68,460525.68,Outstanding,,No,2025-10-25 09:24:11
2025-10-17,Vikram Mart,C0014,SINV030558,PRD006,Packaged Product P,326,1304.53,425276.78,0.05,21263.84,446540.62,Outstanding,,No,2025-10-17 12:53:57
2025-12-29,Arun Trading,C0016,SINV030559,PRD002,Processed Cement,176,4569.16,804172.16,0.05,40208.61,844380.77,Outstanding,,No,2025-12-29 09:17:25
2025-12-05,Deepa Pvt Ltd,C0007,SINV030560,PRD004,Assembly Unit B,28,12212.01,341936.28,0.05,17096.81,359033.09,Outstanding,,No,2025-12-05 19:20:14
2025-06-16,Sunita Retail,C0008,SINV030561,PRD009,Spare Kit S1,5,4396.44,21982.2,0.18,3956.8,25939.0,Outstanding,,No,2025-06-16 09:56:42
2025-12-17,Arun Pvt Ltd,C0012,SINV030562,PRD007,Custom Fabrication,7,20212.97,141490.79,0.05,7074.54,148565.33,Partially Received,,No,2025-12-17 21:18:42
2025-09-08,Rahul Exports,C0024,SINV030563,PRD007,Custom Fabrication,1,21086.11,21086.11,0.05,1054.31,22140.42,Outstanding,,No,2025-09-08 04:50:30
2026-02-15,Sunita Ltd,C0037,SINV030564,PRD002,Processed Cement,23,4109.43,94516.89,0.12,11342.03,105858.92,Partially Received,,No,2026-02-15 19:04:23
2026-01-15,Arun & Sons,C0018,SINV030565,PRD002,Processed Cement,88,3985.73,350744.24,0.05,17537.21,368281.45,Outstanding,,No,2026-01-15 21:58:43
2026-01-21,Anita Wholesale,C0002,SINV030566,PRD010,Export Consignment,1,77046.03,77046.03,0.05,3852.3,80898.33,Outstanding,,No,2026-01-21 20:24:37
2025-07-04,Arun Wholesale,C0036,SINV030567,PRD008,Maintenance Contract,1,38267.64,38267.64,0.18,6888.18,45155.82,Received,2025-08-06,No,2025-07-04 09:30:51
2026-03-08,Deepa Wholesale,C0011,SINV030568,PRD007,Custom Fabrication,8,19334.22,154673.76,0.12,18560.85,173234.61,Partially Received,,No,2026-03-08 09:04:39
2025-05-08,Amit Trading,C0006,SINV030569,PRD003,Assembly Unit A,49,9051.95,443545.55,0.18,79838.2,523383.75,Partially Received,,No,2025-05-08 12:36:15
2025-10-25,Lakshmi Ltd,C0026,SINV030570,PRD008,Maintenance Contract,4,32014.0,128056.0,0.28,35855.68,163911.68,Received,2025-12-19,No,2025-10-25 09:36:33
2025-05-11,Deepa Trading,C0032,SINV030571,PRD008,Maintenance Contract,2,31134.44,62268.88,0.12,7472.27,69741.15,Partially Received,,No,2025-05-11 21:38:49
2026-03-23,Anita Wholesale,C0002,SINV030572,PRD008,Maintenance Contract,4,33450.38,133801.52,0.18,24084.27,157885.79,Partially Received,,No,2026-03-23 23:41:34
2025-07-13,Vikram Mart,C0014,SINV030573,PRD010,Export Consignment,3,81074.18,243222.54,0.18,43780.06,287002.6,Outstanding,,No,2025-07-13 10:38:05
2025-12-19,Meena Imports,C0020,SINV030574,PRD004,Assembly Unit B,19,12492.96,237366.24,0.05,11868.31,249234.55,Received,2026-01-18,No,2025-12-19 19:46:50
2025-06-21,Sunita Retail,C0008,SINV030575,PRD003,Assembly Unit A,23,9372.52,215567.96,0.05,10778.4,226346.36,Outstanding,,No,2025-06-21 10:37:04
2025-08-23,Deepa Trading,C0032,SINV030576,PRD007,Custom Fabrication,5,21867.59,109337.95,0.18,19680.83,129018.78,Partially Received,,No,2025-08-23 18:40:29
2025-11-02,Rajesh & Sons,C0004,SINV030577,PRD001,Finished Steel Pipe,314,2639.72,828872.08,0.12,99464.65,928336.73,Partially Received,,No,2025-11-02 17:29:25
2025-08-31,Meena Retail,C0028,SINV030578,PRD008,Maintenance Contract,4,39445.25,157781.0,0.28,44178.68,201959.68,Received,2025-10-24,No,2025-08-31 18:28:37
2025-11-05,Rahul Ltd,C0013,SINV030579,PRD007,Custom Fabrication,6,18917.97,113507.82,0.18,20431.41,133939.23,Outstanding,,No,2025-11-05 20:02:16
2026-03-24,Arun Trading,C0016,SINV030580,PRD006,Packaged Product P,20,1231.99,24639.8,0.18,4435.16,29074.96,Outstanding,,No,2026-03-24 12:30:12
2026-02-10,Arun & Sons,C0018,SINV030581,PRD010,Export Consignment,1,66222.97,66222.97,0.28,18542.43,84765.4,Partially Received,,No,2026-02-10 11:29:28
2026-01-17,Sunita Ltd,C0037,SINV030582,PRD006,Packaged Product P,165,1094.12,180529.8,0.12,21663.58,202193.38,Partially Received,,No,2026-01-17 20:24:14
2025-04-05,Rahul Exports,C0024,SINV030583,PRD010,Export Consignment,1,67384.02,67384.02,0.28,18867.53,86251.55,Received,2025-06-04,No,2025-04-05 11:23:22
2025-09-01,Sanjay Trading,C0027,SINV030584,PRD004,Assembly Unit B,11,12410.69,136517.59,0.28,38224.93,174742.52,Partially Received,,No,2025-09-01 12:05:54
2026-02-08,Arun Pvt Ltd,C0040,SINV030585,PRD009,Spare Kit S1,19,4676.08,88845.52,0.18,15992.19,104837.71,Outstanding,,No,2026-02-08 15:22:59
2025-08-13,Arun Trading,C0016,SINV030586,PRD005,Chemical Compound X,79,3825.76,302235.04,0.18,54402.31,356637.35,Received,2025-09-22,No,2025-08-13 13:47:14
2026-02-06,Lakshmi Ltd,C0026,SINV030587,PRD010,Export Consignment,-5,68273.64,-341368.2,0.12,-40964.18,-382332.38,Outstanding,,Yes,2026-02-06 12:53:45
2025-10-27,Usha Ltd,C0019,SINV030588,PRD004,Assembly Unit B,25,12633.68,315842.0,0.18,56851.56,372693.56,Partially Received,,No,2025-10-27 13:01:33
2025-07-24,Arun Wholesale,C0036,SINV030589,PRD003,Assembly Unit A,33,8296.33,273778.89,0.12,32853.47,306632.36,Partially Received,,No,2025-07-24 09:37:21
2025-05-22,Mohan Stores,C0031,SINV030590,PRD004,Assembly Unit B,1,13791.74,13791.74,0.18,2482.51,16274.25,Partially Received,,No,2025-05-22 12:10:06
2026-03-20,Pooja Mart,C0029,SINV030591,PRD003,Assembly Unit A,31,9167.29,284185.99,0.05,14209.3,298395.29,Outstanding,,No,2026-03-20 11:07:55
2025-07-08,Lakshmi Exports,C0021,SINV030592,PRD005,Chemical Compound X,106,3460.19,366780.14,0.18,66020.43,432800.57,Outstanding,,No,2025-07-08 13:40:45
2025-04-20,Kavya Wholesale,C0038,SINV030593,PRD003,Assembly Unit A,20,7934.25,158685.0,0.12,19042.2,177727.2,Outstanding,,No,2025-04-20 12:00:02
2025-06-15,Meena Imports,C0020,SINV030594,PRD007,Custom Fabrication,10,19060.41,190604.1,0.05,9530.2,200134.3,Received,2025-07-04,No,2025-06-15 20:39:14
2025-07-14,Deepa Pvt Ltd,C0007,SINV030595,PRD003,Assembly Unit A,22,50000.0,1100000.0,0.05,55000.0,1155000.0,Outstanding,,No,2025-07-14 20:55:29
2025-07-07,Priya & Sons,C0034,SINV030596,PRD010,Export Consignment,3,78994.67,236984.01,0.28,66355.52,303339.53,Outstanding,,No,2025-07-07 14:37:21
2025-05-11,Pooja Mart,C0001,SINV030597,PRD009,Spare Kit S1,5,4455.97,22279.85,0.28,6238.36,28518.21,Outstanding,,No,2025-05-11 18:39:13
2025-08-11,Arun Wholesale,C0036,SINV030598,PRD005,Chemical Compound X,100,3298.99,329899.0,0.12,39587.88,369486.88,Received,2025-09-09,No,2025-08-11 20:20:25
2025-07-03,Rajesh & Sons,C0004,SINV030599,PRD004,Assembly Unit B,6,10000.0,60000.0,0.18,10800.0,70800.0,Received,2025-08-04,No,2025-07-03 12:53:26
2025-08-28,Rahul Ltd,C0013,SINV030600,PRD005,Chemical Compound X,54,3768.51,203499.54,0.28,56979.87,260479.41,Received,2025-10-06,No,2025-08-28 11:16:26
2025-12-15,Pooja Mart,C0029,SINV030601,PRD010,Export Consignment,3,375000.0,1125000.0,0.28,315000.0,1440000.0,Partially Received,,No,2025-12-15 20:44:43
2026-03-30,Anita Wholesale,C0002,SINV030602,PRD001,Finished Steel Pipe,583,3102.7,1808874.1,0.18,325597.34,2134471.44,Outstanding,,No,2026-03-30 20:57:09
2026-03-01,Kavya Wholesale,C0038,SINV030603,PRD001,Finished Steel Pipe,499,2748.05,1371276.95,0.12,164553.23,1535830.18,Outstanding,,No,2026-03-01 10:41:42
2025-07-06,Rahul Ltd,C0005,SINV030604,PRD008,Maintenance Contract,3,30363.68,91091.04,0.18,16396.39,107487.43,Received,2025-09-13,No,2025-07-06 09:19:13
2025-06-22,Rahul Exports,C0024,SINV030605,PRD001,Finished Steel Pipe,433,2708.31,1172698.23,0.12,140723.79,1313422.02,Received,2025-08-19,No,2025-06-22 17:39:17
2025-06-08,Deepa Wholesale,C0011,SINV030606,PRD004,Assembly Unit B,26,10000.0,260000.0,0.12,31200.0,291200.0,Received,2025-06-26,No,2025-06-08 17:09:39
2025-10-23,Anita Wholesale,C0002,SINV030607,PRD003,Assembly Unit A,14,9463.43,132488.02,0.18,23847.84,156335.86,Received,2025-10-26,No,2025-10-23 18:06:13
2025-10-27,Priya Stores,C0015,SINV030608,PRD004,Assembly Unit B,24,12692.13,304611.12,0.18,54830.0,359441.12,Partially Received,,No,2025-10-27 16:28:04
2025-04-06,Meena Retail,C0028,SINV030609,PRD008,Maintenance Contract,2,37897.01,75794.02,0.18,13642.92,89436.94,Partially Received,,No,2025-04-06 16:54:27
2025-08-06,Arun Pvt Ltd,C0040,SINV030610,PRD006,Packaged Product P,143,1251.03,178897.29,0.18,32201.51,211098.8,Received,2025-08-14,No,2025-08-06 20:03:11
2026-01-23,Amit Trading,C0006,SINV030611,PRD003,Assembly Unit A,32,7660.1,245123.2,0.12,29414.78,274537.98,Received,2026-02-20,No,2026-01-23 17:49:16
2025-06-05,Arun & Sons,C0018,SINV030612,PRD003,Assembly Unit A,5,9638.7,48193.5,0.05,2409.68,50603.18,Partially Received,,No,2025-06-05 17:18:29
2025-06-23,Anita Wholesale,C0002,SINV030613,PRD002,Processed Cement,34,3938.77,133918.18,0.28,37497.09,171415.27,Outstanding,,No,2025-06-23 11:42:51
2025-08-11,Rajesh & Sons,C0004,SINV030614,PRD008,Maintenance Contract,4,37411.3,149645.2,0.28,41900.66,191545.86,Received,2025-10-11,No,2025-08-11 19:56:34
2025-05-25,Lakshmi Exports,C0021,SINV030615,PRD005,Chemical Compound X,13,3477.22,45203.86,0.28,12657.08,57860.94,Partially Received,,No,2025-05-25 02:59:16
2026-03-13,Rahul Imports,C0035,SINV030616,PRD008,Maintenance Contract,3,3500.0,10500.0,0.12,1260.0,11760.0,Received,2026-04-02,No,2026-03-13 16:40:09
2026-01-25,Lakshmi Exports,C0021,SINV030617,PRD010,Export Consignment,2,72619.57,145239.14,0.05,7261.96,152501.1,Partially Received,,No,2026-01-25 21:44:21
2025-08-05,Usha Ltd,C0019,SINV030618,PRD005,Chemical Compound X,49,3547.48,173826.52,0.12,20859.18,194685.7,Received,2025-08-29,No,2025-08-05 16:15:40
2025-05-15,Deepa Pvt Ltd,C0007,SINV030619,PRD003,Assembly Unit A,30,9688.33,290649.9,0.05,14532.5,305182.4,Received,2025-06-15,No,2025-05-15 09:07:33
2026-03-09,Arun Wholesale,C0036,SINV030620,PRD007,Custom Fabrication,1,50000.0,50000.0,0.05,2500.0,52500.0,Outstanding,,No,2026-03-09 10:29:54
2025-09-28,Priya Stores,C0015,SINV030621,PRD010,Export Consignment,-10,67554.57,-675545.7,0.12,-81065.48,-756611.18,Outstanding,,Yes,2025-09-28 10:37:39
2025-05-27,Arun Pvt Ltd,C0012,SINV030622,PRD010,Export Consignment,1,66947.36,66947.36,0.18,12050.52,78997.88,Outstanding,,No,2025-05-27 16:06:11
2026-01-11,Ravi Retail,C0017,SINV030623,PRD004,Assembly Unit B,1,11498.58,11498.58,0.12,1379.83,12878.41,Outstanding,,No,2026-01-11 23:11:10
2025-10-10,Lakshmi Exports,C0010,SINV030624,PRD003,Assembly Unit A,21,8972.0,188412.0,0.05,9420.6,197832.6,Outstanding,,No,2025-10-10 11:24:43
2025-07-09,Kavya Wholesale,C0038,SINV030625,PRD007,Custom Fabrication,9,24088.6,216797.4,0.12,26015.69,242813.09,Received,2025-08-16,No,2025-07-09 20:47:00
2025-04-10,Usha Ltd,C0019,SINV030626,PRD005,Chemical Compound X,133,3599.02,478669.66,0.28,134027.5,612697.16,Partially Received,,No,2025-04-10 13:32:53
2025-08-17,Kavya Wholesale,C0038,SINV030627,PRD006,Packaged Product P,86,1023.72,88039.92,0.05,4402.0,92441.92,Outstanding,,No,2025-08-17 16:01:51
2026-02-08,Amit Exports,C0033,SINV030628,PRD006,Packaged Product P,350,1181.35,413472.5,0.05,20673.62,434146.12,Outstanding,,No,2026-02-08 05:12:50
2025-11-05,Arun Pvt Ltd,C0040,SINV030629,PRD003,Assembly Unit A,11,9641.45,106055.95,0.28,29695.67,135751.62,Partially Received,,No,2025-11-05 19:42:13
2025-08-16,Lakshmi Exports,C0021,SINV030630,PRD007,Custom Fabrication,8,21829.49,174635.92,0.12,20956.31,195592.23,Received,2025-09-06,No,2025-08-16 11:28:58
2025-04-09,Sanjay Retail,C0023,SINV030631,PRD010,Export Consignment,2,71609.02,143218.04,0.12,17186.16,160404.2,Received,2025-04-28,No,2025-04-09 15:05:56
2026-03-01,Amit & Sons,C0039,SINV030632,PRD003,Assembly Unit A,11,7609.82,83708.02,0.05,4185.4,87893.42,Outstanding,,No,2026-03-01 14:36:46
2025-10-28,Sunita Retail,C0008,SINV030633,PRD002,Processed Cement,152,3970.36,603494.72,0.18,108629.05,712123.77,Partially Received,,No,2025-10-28 12:02:09
2025-11-10,Kavya Wholesale,C0038,SINV030634,PRD007,Custom Fabrication,3,22961.97,68885.91,0.12,8266.31,77152.22,Received,2026-01-29,No,2025-11-10 12:29:42
2025-10-11,Arun Pvt Ltd,C0012,SINV030635,PRD001,Finished Steel Pipe,266,100000.0,26600000.0,0.28,7448000.0,34048000.0,Partially Received,,No,2025-10-11 10:21:42
2025-05-20,Anita Wholesale,C0002,SINV030636,PRD009,Spare Kit S1,7,4401.17,30808.19,0.18,5545.47,36353.66,Partially Received,,No,2025-05-20 12:13:46
2026-01-19,Lakshmi & Sons,C0003,SINV030637,PRD001,Finished Steel Pipe,230,2971.67,683484.1,0.18,123027.14,806511.24,Received,2026-01-28,No,2026-01-19 17:54:54
2025-05-19,Amit Trading,C0006,SINV030638,PRD003,Assembly Unit A,24,9135.42,219250.08,0.12,26310.01,245560.09,Partially Received,,No,2025-05-19 11:50:04
2025-11-09,Sunita Retail,C0008,SINV030639,PRD006,Packaged Product P,256,1376.92,352491.52,0.12,42298.98,394790.5,Outstanding,,No,2025-11-09 17:26:34
2025-12-28,Pooja Mart,C0001,SINV030640,PRD002,Processed Cement,138,3643.69,502829.22,0.05,25141.46,527970.68,Outstanding,,No,2025-12-28 14:16:35
2025-04-22,Meena Imports,C0020,SINV030641,PRD003,Assembly Unit A,37,9591.58,354888.46,0.05,17744.42,372632.88,Outstanding,,No,2025-04-22 21:24:11
2025-08-04,Pooja Mart,C0029,SINV030642,PRD009,Spare Kit S1,50,5140.92,257046.0,0.28,71972.88,329018.88,Outstanding,,No,2025-08-04 14:33:20
2025-09-07,Lakshmi Ltd,C0026,SINV030643,PRD005,Chemical Compound X,112,3842.16,430321.92,0.28,120490.14,550812.06,Received,2025-10-15,No,2025-09-07 21:47:07
2025-11-10,Arun Pvt Ltd,C0012,SINV030644,PRD002,Processed Cement,20,3813.57,76271.4,0.12,9152.57,85423.97,Received,2025-12-20,No,2025-11-10 21:09:11
2025-06-23,Rahul Ltd,C0005,SINV030645,PRD001,Finished Steel Pipe,223,3048.5,679815.5,0.18,122366.79,802182.29,Received,2025-07-30,No,2025-06-23 18:16:34
2025-05-17,Deepa Trading,C0032,SINV030646,PRD009,Spare Kit S1,29,4300.93,124726.97,0.05,6236.35,130963.32,Outstanding,,No,2025-05-17 16:55:39
2026-01-20,Kavya Wholesale,C0038,SINV030647,PRD010,Export Consignment,3,67369.88,202109.64,0.18,36379.74,238489.38,Partially Received,,No,2026-01-20 20:33:06
2025-04-30,Rahul Ltd,C0013,SINV030648,PRD002,Processed Cement,109,4086.37,445414.33,0.05,22270.72,467685.05,Partially Received,,No,2025-04-30 12:56:27
2025-04-03,Deepa Wholesale,C0011,SINV030649,PRD001,Finished Steel Pipe,766,2515.49,1926865.34,0.05,96343.27,2023208.61,Outstanding,,No,2025-04-03 14:59:12
2025-07-06,Rahul Ltd,C0013,SINV030650,PRD009,Spare Kit S1,41,4146.84,170020.44,0.28,47605.72,217626.16,Received,2025-08-10,No,2025-07-06 10:00:20
2026-01-07,Arun Trading,C0016,SINV030651,PRD009,Spare Kit S1,23,4876.54,112160.42,0.12,13459.25,125619.67,Received,2026-03-02,No,2026-01-07 20:00:59
2025-05-01,Arun Pvt Ltd,C0040,SINV030652,PRD003,Assembly Unit A,45,8327.1,374719.5,0.05,18735.98,393455.48,Outstanding,,No,2025-05-01 16:25:34
2025-06-30,Meena Retail,C0028,SINV030653,PRD004,Assembly Unit B,29,13339.49,386845.21,0.12,46421.43,433266.64,Partially Received,,No,2025-06-30 17:56:13
2025-12-04,Arun Trading,C0025,SINV030654,PRD004,Assembly Unit B,3,12020.37,36061.11,0.12,4327.33,40388.44,Partially Received,,No,2025-12-04 15:57:47
2025-10-21,Rahul Imports,C0035,SINV030655,PRD007,Custom Fabrication,-7,22458.92,-157212.44,0.12,-18865.49,-176077.93,Received,2025-10-22,Yes,2025-10-21 16:06:15
2026-03-06,Rahul Ltd,C0005,SINV030656,PRD004,Assembly Unit B,7,13440.25,94081.75,0.12,11289.81,105371.56,Partially Received,,No,2026-03-06 17:50:10
2025-09-26,Deepa Pvt Ltd,C0007,SINV030657,PRD009,Spare Kit S1,39,480.0,18720.0,0.12,2246.4,20966.4,Partially Received,,No,2025-09-26 11:29:47
2025-10-25,Mohan Stores,C0031,SINV030658,PRD006,Packaged Product P,49,1254.23,61457.27,0.05,3072.86,64530.13,Outstanding,,No,2025-10-25 16:31:24
2025-04-04,Rahul Exports,C0024,SINV030659,PRD010,Export Consignment,3,75509.55,226528.65,0.12,27183.44,253712.09,Partially Received,,No,2025-04-04 19:57:59
2026-02-13,Arun & Sons,C0018,SINV030660,PRD004,Assembly Unit B,15,13643.48,204652.2,0.05,10232.61,214884.81,Received,2026-04-13,No,2026-02-13 11:29:38
2026-01-29,Amit Exports,C0033,SINV030661,PRD002,Processed Cement,137,4380.5,600128.5,0.18,108023.13,708151.63,Partially Received,,No,2026-01-29 15:37:54
2026-03-12,Sanjay Retail,C0023,SINV030662,PRD008,Maintenance Contract,2,50000.0,100000.0,0.12,12000.0,112000.0,Outstanding,,No,2026-03-12 09:45:52
2025-06-27,Rahul Exports,C0024,SINV030663,PRD007,Custom Fabrication,10,24174.26,241742.6,0.28,67687.93,309430.53,Received,2025-08-08,No,2025-06-27 18:55:22
2026-02-10,Pooja Mart,C0029,SINV030664,PRD004,Assembly Unit B,29,13628.73,395233.17,0.18,71141.97,466375.14,Outstanding,,No,2026-02-10 17:37:36
2026-03-10,Lakshmi Exports,C0021,SINV030665,PRD004,Assembly Unit B,1,12950.39,12950.39,0.18,2331.07,15281.46,Partially Received,,No,2026-03-10 15:40:40
2025-11-14,Meena Imports,C0020,SINV030666,PRD003,Assembly Unit A,10,9175.32,91753.2,0.05,4587.66,96340.86,Outstanding,,No,2025-11-14 13:40:30
2025-11-11,Kavya Wholesale,C0038,SINV030667,PRD005,Chemical Compound X,144,3064.16,441239.04,0.05,22061.95,463300.99,Partially Received,,No,2025-11-11 22:31:01
2025-08-09,Priya Wholesale,C0030,SINV030668,PRD005,Chemical Compound X,147,3366.96,494943.12,0.28,138584.07,633527.19,Outstanding,,No,2025-08-09 17:22:43
2026-02-06,Rahul Ltd,C0005,SINV030669,PRD009,Spare Kit S1,20,4242.06,84841.2,0.12,10180.94,95022.14,Outstanding,,No,2026-02-06 21:32:54
2025-12-22,Arun Trading,C0016,SINV030670,PRD005,Chemical Compound X,103,3851.72,396727.16,0.28,111083.6,507810.76,Partially Received,,No,2025-12-22 19:21:13
2025-08-28,Rahul Imports,C0035,SINV030671,PRD002,Processed Cement,8,3904.18,31233.44,0.28,8745.36,39978.8,Outstanding,,No,2025-08-28 21:37:34
2026-03-06,Pooja Mart,C0001,SINV030672,PRD010,Export Consignment,2,83456.36,166912.72,0.12,20029.53,186942.25,Outstanding,,No,2026-03-06 19:32:51
2025-06-23,Deepa Wholesale,C0011,SINV030673,PRD002,Processed Cement,11,4069.85,44768.35,0.05,2238.42,47006.77,Outstanding,,No,2025-06-23 15:08:29
2025-04-10,Arun Wholesale,C0036,SINV030674,PRD010,Export Consignment,3,82505.19,247515.57,0.05,12375.78,259891.35,Outstanding,,No,2025-04-10 17:11:17
2025-04-01,Priya & Sons,C0034,SINV030675,PRD002,Processed Cement,147,4269.99,627688.53,0.12,75322.62,703011.15,Partially Received,,No,2025-04-01 17:56:34
2025-09-04,Lakshmi & Sons,C0003,SINV030676,PRD006,Packaged Product P,283,1105.31,312802.73,0.28,87584.76,400387.49,Partially Received,,No,2025-09-04 19:52:34
2026-01-09,Mohan Stores,C0031,SINV030677,PRD005,Chemical Compound X,61,3075.73,187619.53,0.05,9380.98,197000.51,Outstanding,,No,2026-01-09 14:26:55
2025-04-01,Rahul Exports,C0024,SINV030678,PRD001,Finished Steel Pipe,354,2984.97,1056679.38,0.05,52833.97,1109513.35,Partially Received,,No,2025-04-01 12:02:43
2026-02-25,Deepa Pvt Ltd,C0007,SINV030679,PRD010,Export Consignment,2,72466.56,144933.12,0.18,26087.96,171021.08,Received,2026-05-08,No,2026-02-25 03:01:58
2025-11-11,Ravi Retail,C0017,SINV030680,PRD010,Export Consignment,2,73469.85,146939.7,0.12,17632.76,164572.46,Partially Received,,No,2025-11-11 17:42:54
2025-04-10,Rajesh & Sons,C0004,SINV030681,PRD009,Spare Kit S1,31,4313.27,133711.37,0.28,37439.18,171150.55,Partially Received,,No,2025-04-10 19:07:33
2025-11-05,Anita Wholesale,C0002,SINV030682,PRD002,Processed Cement,-2,3439.98,-6879.96,0.12,-825.6,-7705.56,Outstanding,,Yes,2025-11-05 14:56:44
2025-06-07,Usha Ltd,C0019,SINV030683,PRD005,Chemical Compound X,101,3582.66,361848.66,0.18,65132.76,426981.42,Partially Received,,No,2025-06-07 18:38:02
2025-10-09,Priya Imports,C0022,SINV030684,PRD007,Custom Fabrication,7,19635.64,137449.48,0.28,38485.85,175935.33,Received,2025-10-24,No,2025-10-09 11:19:02
2025-12-01,Lakshmi Exports,C0021,SINV030685,PRD006,Packaged Product P,218,1296.52,282641.36,0.28,79139.58,361780.94,Received,2025-12-25,No,2025-12-01 11:20:59
2025-07-30,Amit & Sons,C0039,SINV030686,PRD001,Finished Steel Pipe,-5,2732.33,-13661.65,0.18,-2459.1,-16120.75,Received,2025-09-02,Yes,2025-07-30 12:59:40
2025-10-17,Deepa Trading,C0032,SINV030687,PRD005,Chemical Compound X,84,3462.15,290820.6,0.28,81429.77,372250.37,Received,2026-01-02,No,2025-10-17 13:34:18
2025-05-20,Meena Retail,C0028,SINV030688,PRD006,Packaged Product P,161,1022.2,164574.2,0.12,19748.9,184323.1,Received,2025-06-07,No,2025-05-20 12:34:14
2025-07-21,Usha Ltd,C0019,SINV030689,PRD006,Packaged Product P,425,1330.27,565364.75,0.18,101765.65,667130.4,Partially Received,,No,2025-07-21 10:10:44
2025-10-19,Rajesh & Sons,C0004,SINV030690,PRD001,Finished Steel Pipe,94,3161.64,297194.16,0.12,35663.3,332857.46,Received,2025-12-19,No,2025-10-19 11:42:11
2025-06-20,Lakshmi Exports,C0010,SINV030691,PRD008,Maintenance Contract,5,7000.0,35000.0,0.28,9800.0,44800.0,Partially Received,,No,2025-06-20 15:49:17
2026-03-31,Sanjay Retail,C0023,SINV030692,PRD009,Spare Kit S1,21,4326.2,90850.2,0.18,16353.04,107203.24,Partially Received,,No,2026-03-31 19:20:35
2025-06-11,Meena Imports,C0020,SINV030693,PRD003,Assembly Unit A,7,8260.5,57823.5,0.18,10408.23,68231.73,Partially Received,,No,2025-06-11 20:54:20
2026-02-09,Lakshmi Exports,C0021,SINV030694,PRD008,Maintenance Contract,1,33277.88,33277.88,0.18,5990.02,39267.9,Received,2026-04-18,No,2026-02-09 10:28:04
2026-02-01,Rajesh & Sons,C0004,SINV030695,PRD006,Packaged Product P,233,1130.61,263432.13,0.18,47417.78,310849.91,Outstanding,,No,2026-02-01 10:16:28
2025-09-30,Priya Stores,C0015,SINV030696,PRD006,Packaged Product P,225,1334.58,300280.5,0.12,36033.66,336314.16,Partially Received,,No,2025-09-30 21:09:19
2025-09-30,Sunita Retail,C0008,SINV030697,PRD008,Maintenance Contract,5,50000.0,250000.0,0.05,12500.0,262500.0,Received,2025-11-03,No,2025-09-30 18:19:44
2025-04-19,Usha Ltd,C0019,SINV030698,PRD010,Export Consignment,3,75772.1,227316.3,0.12,27277.96,254594.26,Received,2025-05-14,No,2025-04-19 14:14:31
2025-11-02,Sunita Retail,C0008,SINV030699,PRD009,Spare Kit S1,5,5071.27,25356.35,0.12,3042.76,28399.11,Received,2026-01-24,No,2025-11-02 10:55:50
2025-12-16,Meena Retail,C0028,SINV030700,PRD001,Finished Steel Pipe,571,280.0,159880.0,0.28,44766.4,204646.4,Outstanding,,No,2025-12-16 17:56:11
2025-07-10,Arun Pvt Ltd,C0012,SINV030701,PRD008,Maintenance Contract,5,34315.35,171576.75,0.28,48041.49,219618.24,Outstanding,,No,2025-07-10 09:18:52
2025-06-02,Rahul Ltd,C0005,SINV030702,PRD006,Packaged Product P,210,1137.62,238900.2,0.12,28668.02,267568.22,Partially Received,,No,2025-06-02 16:44:19
2025-12-19,Lakshmi Exports,C0021,SINV030703,PRD004,Assembly Unit B,19,1200.0,22800.0,0.28,6384.0,29184.0,Outstanding,,No,2025-12-19 09:06:32
2025-08-21,Mohan Stores,C0031,SINV030704,PRD004,Assembly Unit B,24,11925.09,286202.16,0.18,51516.39,337718.55,Partially Received,,No,2025-08-21 22:31:05
2026-01-27,Arun Trading,C0025,SINV030705,PRD003,Assembly Unit A,14,9299.76,130196.64,0.28,36455.06,166651.7,Received,2026-04-13,No,2026-01-27 10:19:14
2025-10-10,Amit & Sons,C0039,SINV030706,PRD010,Export Consignment,2,85612.55,171225.1,0.18,30820.52,202045.62,Outstanding,,No,2025-10-10 19:50:27
2026-03-20,Rajesh & Sons,C0004,SINV030707,PRD010,Export Consignment,3,77150.49,231451.47,0.05,11572.57,243024.04,Outstanding,,No,2026-03-20 09:07:03
2025-12-29,Mohan Stores,C0031,SINV030708,PRD004,Assembly Unit B,22,12751.93,280542.46,0.05,14027.12,294569.58,Received,2026-01-11,No,2025-12-29 12:53:59
2026-03-06,Amit Trading,C0006,SINV030709,PRD009,Spare Kit S1,19,4325.09,82176.71,0.28,23009.48,105186.19,Outstanding,,No,2026-03-06 17:18:57
2026-02-12,Arun Trading,C0025,SINV030710,PRD005,Chemical Compound X,118,3689.47,435357.46,0.18,78364.34,513721.8,Outstanding,,No,2026-02-12 21:57:53
2025-09-16,Arun Wholesale,C0036,SINV030711,PRD006,Packaged Product P,179,240.0,42960.0,0.28,12028.8,54988.8,Partially Received,,No,2025-09-16 19:45:36
2025-06-13,Kavya Wholesale,C0038,SINV030712,PRD001,Finished Steel Pipe,-10,2758.29,-27582.9,0.12,-3309.95,-30892.85,Partially Received,,Yes,2025-06-13 10:28:47
2025-09-01,Amit & Sons,C0039,SINV030713,PRD002,Processed Cement,164,4336.63,711207.32,0.12,85344.88,796552.2,Outstanding,,No,2025-09-01 17:34:12
2025-09-16,Amit Trading,C0006,SINV030714,PRD008,Maintenance Contract,3,39366.99,118100.97,0.05,5905.05,124006.02,Outstanding,,No,2025-09-16 21:37:33
2025-07-15,Priya Imports,C0022,SINV030715,PRD002,Processed Cement,41,4229.07,173391.87,0.18,31210.54,204602.41,Outstanding,,No,2025-07-15 15:31:48
2025-07-03,Priya & Sons,C0034,SINV030716,PRD002,Processed Cement,8,3834.5,30676.0,0.05,1533.8,32209.8,Partially Received,,No,2025-07-03 20:13:40
2025-05-12,Priya Imports,C0022,SINV030717,PRD007,Custom Fabrication,8,24206.33,193650.64,0.05,9682.53,203333.17,Received,2025-06-17,No,2025-05-12 18:15:39
2025-04-12,Priya Imports,C0022,SINV030718,PRD010,Export Consignment,3,84380.7,253142.1,0.05,12657.11,265799.21,Partially Received,,No,2025-04-12 20:50:39
2026-01-21,Deepa Pvt Ltd,C0007,SINV030719,PRD008,Maintenance Contract,2,175000.0,350000.0,0.28,98000.0,448000.0,Outstanding,,No,2026-01-21 09:23:20
2026-02-16,Priya Stores,C0015,SINV030720,PRD006,Packaged Product P,259,120.0,31080.0,0.05,1554.0,32634.0,Partially Received,,No,2026-02-16 19:20:47
2025-07-09,Priya Wholesale,C0030,SINV030721,PRD001,Finished Steel Pipe,21,3006.75,63141.75,0.18,11365.51,74507.26,Received,2025-07-25,No,2025-07-09 11:43:25
2025-04-06,Sunita Ltd,C0037,SINV030722,PRD004,Assembly Unit B,5,13270.19,66350.95,0.05,3317.55,69668.5,Outstanding,,No,2025-04-06 12:54:34
2025-09-26,Meena Imports,C0020,SINV030723,PRD003,Assembly Unit A,28,7332.77,205317.56,0.18,36957.16,242274.72,Received,2025-12-24,No,2025-09-26 10:15:46
2025-12-14,Priya & Sons,C0034,SINV030724,PRD006,Packaged Product P,146,1137.99,166146.54,0.05,8307.33,174453.87,Received,2026-01-22,No,2025-12-14 20:07:02
2025-10-23,Vikram Mart,C0014,SINV030725,PRD008,Maintenance Contract,5,34959.99,174799.95,0.12,20975.99,195775.94,Outstanding,,No,2025-10-23 10:57:21
2025-05-11,Lakshmi Ltd,C0026,SINV030726,PRD003,Assembly Unit A,33,9062.59,299065.47,0.28,83738.33,382803.8,Outstanding,,No,2025-05-11 12:44:22
2025-09-28,Sunita Ltd,C0037,SINV030727,PRD004,Assembly Unit B,2,12735.53,25471.06,0.12,3056.53,28527.59,Partially Received,,No,2025-09-28 12:51:39
2025-11-07,Priya Imports,C0022,SINV030728,PRD009,Spare Kit S1,19,4728.52,89841.88,0.18,16171.54,106013.42,Received,2025-11-19,No,2025-11-07 10:23:40
2025-08-01,Priya Imports,C0022,SINV030729,PRD007,Custom Fabrication,3,21056.65,63169.95,0.28,17687.59,80857.54,Received,2025-08-14,No,2025-08-01 18:31:36
2025-10-19,Arun Trading,C0025,SINV030730,PRD005,Chemical Compound X,35,3965.38,138788.3,0.12,16654.6,155442.9,Received,2025-12-19,No,2025-10-19 19:39:02
2025-04-15,Deepa Trading,C0032,SINV030731,PRD003,Assembly Unit A,27,9766.76,263702.52,0.28,73836.71,337539.23,Partially Received,,No,2025-04-15 11:34:38
2025-09-23,Arun Trading,C0025,SINV030732,PRD007,Custom Fabrication,9,19242.56,173183.04,0.05,8659.15,181842.19,Outstanding,,No,2025-09-23 12:18:11
2025-04-18,Rahul Ltd,C0005,SINV030733,PRD007,Custom Fabrication,8,25000.0,200000.0,0.05,10000.0,210000.0,Partially Received,,No,2025-04-18 10:39:44
2025-10-27,Vikram Mart,C0014,SINV030734,PRD006,Packaged Product P,494,1064.8,526011.2,0.18,94682.02,620693.22,Received,2026-01-21,No,2025-10-27 13:02:23
2025-04-05,Amit Imports,C0009,SINV030735,PRD008,Maintenance Contract,-7,30919.43,-216436.01,0.12,-25972.32,-242408.33,Received,2025-06-10,Yes,2025-04-05 13:09:31
2026-03-13,Deepa Pvt Ltd,C0007,SINV030736,PRD005,Chemical Compound X,136,3875.38,527051.68,0.18,94869.3,621920.98,Received,2026-05-28,No,2026-03-13 13:29:07
2026-01-20,Lakshmi Exports,C0021,SINV030737,PRD004,Assembly Unit B,2,11706.2,23412.4,0.05,1170.62,24583.02,Outstanding,,No,2026-01-20 15:36:51
2025-06-28,Amit & Sons,C0039,SINV030738,PRD001,Finished Steel Pipe,285,100000.0,28500000.0,0.12,3420000.0,31920000.0,Partially Received,,No,2025-06-28 17:34:48
2025-09-27,Priya Wholesale,C0030,SINV030739,PRD005,Chemical Compound X,61,3957.65,241416.65,0.18,43455.0,284871.65,Outstanding,,No,2025-09-27 10:54:45
2025-12-08,Rahul Imports,C0035,SINV030740,PRD008,Maintenance Contract,2,29973.37,59946.74,0.12,7193.61,67140.35,Outstanding,,No,2025-12-08 10:29:17
2025-05-25,Arun Wholesale,C0036,SINV030741,PRD009,Spare Kit S1,54,5261.9,284142.6,0.05,14207.13,298349.73,Partially Received,,No,2025-05-25 21:24:53
2025-07-16,Lakshmi & Sons,C0003,SINV030742,PRD004,Assembly Unit B,17,13444.13,228550.21,0.18,41139.04,269689.25,Partially Received,,No,2025-07-16 18:32:48
2025-11-13,Deepa Trading,C0032,SINV030743,PRD004,Assembly Unit B,17,11000.8,187013.6,0.28,52363.81,239377.41,Received,2025-12-11,No,2025-11-13 19:47:22
2025-11-17,Lakshmi Ltd,C0026,SINV030744,PRD005,Chemical Compound X,25,3311.15,82778.75,0.28,23178.05,105956.8,Received,2026-02-03,No,2025-11-17 09:53:16
2025-09-26,Pooja Mart,C0001,SINV030745,PRD010,Export Consignment,3,83400.32,250200.96,0.05,12510.05,262711.01,Received,2025-10-20,No,2025-09-26 12:32:52
2025-08-14,Lakshmi Ltd,C0026,SINV030746,PRD003,Assembly Unit A,17,850.0,14450.0,0.18,2601.0,17051.0,Partially Received,,No,2025-08-14 21:10:02
2026-02-07,Deepa Wholesale,C0011,SINV030747,PRD004,Assembly Unit B,12,11820.76,141849.12,0.05,7092.46,148941.58,Received,2026-02-08,No,2026-02-07 09:46:41
2025-04-11,Arun & Sons,C0018,SINV030748,PRD005,Chemical Compound X,127,3804.62,483186.74,0.05,24159.34,507346.08,Partially Received,,No,2025-04-11 09:45:44
2025-06-21,Arun & Sons,C0018,SINV030749,PRD002,Processed Cement,62,4628.64,286975.68,0.12,34437.08,321412.76,Partially Received,,No,2025-06-21 13:23:49
2026-02-10,Rahul Ltd,C0005,SINV030750,PRD001,Finished Steel Pipe,148,2501.13,370167.24,0.28,103646.83,473814.07,Outstanding,,No,2026-02-10 13:06:40
2025-06-17,Anita Wholesale,C0002,SINV030751,PRD010,Export Consignment,3,72904.66,218713.98,0.28,61239.91,279953.89,Received,2025-07-10,No,2025-06-17 22:16:55
2025-08-31,Rahul Exports,C0024,SINV030752,PRD002,Processed Cement,75,3587.63,269072.25,0.28,75340.23,344412.48,Partially Received,,No,2025-08-31 21:09:11
2025-05-26,Arun Pvt Ltd,C0012,SINV030753,PRD007,Custom Fabrication,1,2200.0,2200.0,0.05,110.0,2310.0,Received,2025-07-05,No,2025-05-26 17:53:39
2025-05-21,Arun Trading,C0025,SINV030754,PRD009,Spare Kit S1,4,4763.84,19055.36,0.28,5335.5,24390.86,Received,2025-07-30,No,2025-05-21 20:24:13
2025-06-17,Pooja Mart,C0029,SINV030755,PRD003,Assembly Unit A,22,9212.55,202676.1,0.05,10133.81,212809.91,Received,2025-08-07,No,2025-06-17 00:02:38
2026-01-18,Sanjay Trading,C0027,SINV030756,PRD003,Assembly Unit A,35,8712.65,304942.75,0.05,15247.14,320189.89,Received,2026-03-03,No,2026-01-18 14:12:26
2025-04-16,Priya Wholesale,C0030,SINV030757,PRD008,Maintenance Contract,2,31183.9,62367.8,0.18,11226.2,73594.0,Partially Received,,No,2025-04-16 09:06:31
2025-07-20,Pooja Mart,C0001,SINV030758,PRD001,Finished Steel Pipe,195,3012.21,587380.95,0.28,164466.67,751847.62,Received,2025-10-12,No,2025-07-20 18:29:05
2025-05-18,Pooja Mart,C0029,SINV030759,PRD003,Assembly Unit A,25,8669.25,216731.25,0.12,26007.75,242739.0,Partially Received,,No,2025-05-18 10:13:34
2026-03-02,Amit Exports,C0033,SINV030760,PRD008,Maintenance Contract,2,31009.48,62018.96,0.05,3100.95,65119.91,Outstanding,,No,2026-03-02 15:31:09
2025-12-10,Arun & Sons,C0018,SINV030761,PRD007,Custom Fabrication,9,5000.0,45000.0,0.05,2250.0,47250.0,Outstanding,,No,2025-12-10 10:36:10
2025-08-04,Priya Wholesale,C0030,SINV030762,PRD005,Chemical Compound X,-4,3973.79,-15895.16,0.18,-2861.13,-18756.29,Outstanding,,Yes,2025-08-04 15:03:09
2025-05-18,Arun Pvt Ltd,C0012,SINV030763,PRD006,Packaged Product P,74,3600.0,266400.0,0.12,31968.0,298368.0,Received,2025-06-15,No,2025-05-18 19:25:00
2025-06-12,Kavya Wholesale,C0038,SINV030764,PRD005,Chemical Compound X,5,3690.01,18450.05,0.05,922.5,19372.55,Outstanding,,No,2025-06-12 20:58:59
2026-02-10,Mohan Stores,C0031,SINV030765,PRD003,Assembly Unit A,12,8297.7,99572.4,0.28,27880.27,127452.67,Partially Received,,No,2026-02-10 00:13:43
2025-07-25,Sanjay Retail,C0023,SINV030766,PRD006,Packaged Product P,41,1254.56,51436.96,0.05,2571.85,54008.81,Partially Received,,No,2025-07-25 11:30:26
2026-03-13,Meena Imports,C0020,SINV030767,PRD009,Spare Kit S1,53,5076.54,269056.62,0.05,13452.83,282509.45,Partially Received,,No,2026-03-13 11:17:22
2025-06-07,Sunita Retail,C0008,SINV030768,PRD007,Custom Fabrication,2,25000.0,50000.0,0.05,2500.0,52500.0,Partially Received,,No,2025-06-07 10:06:36
2025-11-07,Kavya Wholesale,C0038,SINV030769,PRD002,Processed Cement,194,4455.93,864450.42,0.12,103734.05,968184.47,Partially Received,,No,2025-11-07 17:56:25
2025-08-09,Amit & Sons,C0039,SINV030770,PRD009,Spare Kit S1,51,5345.48,272619.48,0.28,76333.45,348952.93,Partially Received,,No,2025-08-09 16:35:27
2025-11-24,Sanjay Trading,C0027,SINV030771,PRD003,Assembly Unit A,1,8500.51,8500.51,0.12,1020.06,9520.57,Outstanding,,No,2025-11-24 15:03:58
2025-12-18,Priya Wholesale,C0030,SINV030772,PRD005,Chemical Compound X,143,5000.0,715000.0,0.05,35750.0,750750.0,Partially Received,,No,2025-12-18 20:14:28
2025-12-08,Sunita Retail,C0008,SINV030773,PRD010,Export Consignment,3,66689.16,200067.48,0.05,10003.37,210070.85,Outstanding,,No,2025-12-08 13:39:54
2025-10-24,Meena Imports,C0020,SINV030774,PRD001,Finished Steel Pipe,783,2824.43,2211528.69,0.05,110576.43,2322105.12,Received,2025-12-14,No,2025-10-24 18:47:46
2025-09-14,Amit & Sons,C0039,SINV030775,PRD003,Assembly Unit A,18,8525.15,153452.7,0.12,18414.32,171867.02,Outstanding,,No,2025-09-14 12:17:34
2025-05-31,Pooja Mart,C0029,SINV030776,PRD001,Finished Steel Pipe,421,2647.59,1114635.39,0.12,133756.25,1248391.64,Outstanding,,No,2025-05-31 12:36:33
2025-06-26,Arun Pvt Ltd,C0012,SINV030777,PRD003,Assembly Unit A,48,9078.47,435766.56,0.05,21788.33,457554.89,Partially Received,,No,2025-06-26 10:10:12
2025-04-01,Pooja Mart,C0001,SINV030778,PRD006,Packaged Product P,2,120.0,240.0,0.18,43.2,283.2,Received,2025-04-04,No,2025-04-01 12:48:13
2025-11-19,Arun Trading,C0016,SINV030779,PRD005,Chemical Compound X,2,3063.63,6127.26,0.28,1715.63,7842.89,Partially Received,,No,2025-11-19 03:37:07
2025-06-02,Sunita Ltd,C0037,SINV030780,PRD010,Export Consignment,1,64270.71,64270.71,0.05,3213.54,67484.25,Received,2025-07-22,No,2025-06-02 13:07:25
2025-06-11,Sunita Ltd,C0037,SINV030781,PRD003,Assembly Unit A,30,9117.52,273525.6,0.12,32823.07,306348.67,Partially Received,,No,2025-06-11 19:31:12
2026-02-11,Rahul Imports,C0035,SINV030782,PRD010,Export Consignment,3,81641.03,244923.09,0.28,68578.47,313501.56,Outstanding,,No,2026-02-11 09:24:00
2026-01-06,Meena Imports,C0020,SINV030783,PRD009,Spare Kit S1,25,4432.72,110818.0,0.05,5540.9,116358.9,Received,2026-01-09,No,2026-01-06 15:30:16
2026-03-17,Amit & Sons,C0039,SINV030784,PRD010,Export Consignment,1,83782.17,83782.17,0.18,15080.79,98862.96,Partially Received,,No,2026-03-17 12:15:27
2025-05-20,Arun Trading,C0016,SINV030785,PRD008,Maintenance Contract,3,30720.9,92162.7,0.05,4608.14,96770.84,Partially Received,,No,2025-05-20 17:56:05
2026-01-19,Ravi Retail,C0017,SINV030786,PRD006,Packaged Product P,499,5000.0,2495000.0,0.12,299400.0,2794400.0,Received,2026-04-11,No,2026-01-19 21:19:09
2025-10-03,Ravi Retail,C0017,SINV030787,PRD001,Finished Steel Pipe,245,2613.3,640258.5,0.05,32012.93,672271.43,Outstanding,,No,2025-10-03 12:20:48
2025-10-10,Anita Wholesale,C0002,SINV030788,PRD008,Maintenance Contract,3,32725.53,98176.59,0.18,17671.79,115848.38,Partially Received,,No,2025-10-10 18:38:38
2025-11-13,Arun & Sons,C0018,SINV030789,PRD007,Custom Fabrication,2,19086.5,38173.0,0.28,10688.44,48861.44,Received,2025-12-18,No,2025-11-13 11:45:03
2026-03-19,Anita Wholesale,C0002,SINV030790,PRD003,Assembly Unit A,9,8889.18,80002.62,0.05,4000.13,84002.75,Partially Received,,No,2026-03-19 17:09:58
2025-04-01,Pooja Mart,C0029,SINV030791,PRD010,Export Consignment,1,64507.82,64507.82,0.18,11611.41,76119.23,Outstanding,,No,2025-04-01 11:57:25
2025-08-13,Amit Exports,C0033,SINV030792,PRD002,Processed Cement,35,4159.14,145569.9,0.28,40759.57,186329.47,Outstanding,,No,2025-08-13 20:20:57
2025-06-21,Rahul Ltd,C0013,SINV030793,PRD007,Custom Fabrication,1,18755.58,18755.58,0.18,3376.0,22131.58,Received,2025-07-12,No,2025-06-21 12:22:29
2025-05-25,Arun Wholesale,C0036,SINV030794,PRD003,Assembly Unit A,-7,9990.11,-69930.77,0.18,-12587.54,-82518.31,Partially Received,,Yes,2025-05-25 17:07:43
2025-08-25,Lakshmi Exports,C0021,SINV030795,PRD006,Packaged Product P,204,120.0,24480.0,0.05,1224.0,25704.0,Received,2025-09-02,No,2025-08-25 19:55:57
2025-07-22,Priya Wholesale,C0030,SINV030796,PRD010,Export Consignment,2,64279.46,128558.92,0.12,15427.07,143985.99,Received,2025-08-08,No,2025-07-22 09:16:27
2025-11-21,Arun Wholesale,C0036,SINV030797,PRD004,Assembly Unit B,24,13364.32,320743.68,0.12,38489.24,359232.92,Received,2025-12-17,No,2025-11-21 10:01:05
2025-05-06,Amit Imports,C0009,SINV030798,PRD010,Export Consignment,1,78484.44,78484.44,0.28,21975.64,100460.08,Outstanding,,No,2025-05-06 14:05:08
2025-12-11,Rahul Imports,C0035,SINV030799,PRD006,Packaged Product P,385,1137.04,437760.4,0.05,21888.02,459648.42,Partially Received,,No,2025-12-11 20:27:27
2025-04-24,Ravi Retail,C0017,SINV030800,PRD005,Chemical Compound X,37,4116.75,152319.75,0.28,42649.53,194969.28,Outstanding,,No,2025-04-24 13:41:11
2025-05-25,Meena Imports,C0020,SINV030801,PRD007,Custom Fabrication,4,2200.0,8800.0,0.05,440.0,9240.0,Outstanding,,No,2025-05-25 18:05:21
2025-12-08,Deepa Trading,C0032,SINV030802,PRD004,Assembly Unit B,12,12210.0,146520.0,0.18,26373.6,172893.6,Outstanding,,No,2025-12-08 11:16:15
2025-12-30,Amit Trading,C0006,SINV030803,PRD008,Maintenance Contract,1,37619.26,37619.26,0.28,10533.39,48152.65,Received,2026-02-27,No,2025-12-30 11:10:20
2025-04-02,Arun Pvt Ltd,C0012,SINV030804,PRD007,Custom Fabrication,7,23343.71,163405.97,0.28,45753.67,209159.64,Outstanding,,No,2025-04-02 17:25:54
2025-08-20,Lakshmi Ltd,C0026,SINV030805,PRD003,Assembly Unit A,29,50000.0,1450000.0,0.12,174000.0,1624000.0,Partially Received,,No,2025-08-20 10:59:39
2026-02-14,Pooja Mart,C0029,SINV030806,PRD009,Spare Kit S1,54,4195.95,226581.3,0.18,40784.63,267365.93,Received,2026-04-30,No,2026-02-14 13:30:29
2025-04-08,Rajesh & Sons,C0004,SINV030807,PRD004,Assembly Unit B,4,13102.59,52410.36,0.18,9433.86,61844.22,Outstanding,,No,2025-04-08 09:26:59
2025-09-02,Amit Exports,C0033,SINV030808,PRD010,Export Consignment,2,83192.12,166384.24,0.28,46587.59,212971.83,Received,2025-10-12,No,2025-09-02 11:08:15
2026-01-06,Meena Imports,C0020,SINV030809,PRD007,Custom Fabrication,-2,20559.25,-41118.5,0.28,-11513.18,-52631.68,Partially Received,,Yes,2026-01-06 11:07:09
2025-06-23,Meena Retail,C0028,SINV030810,PRD005,Chemical Compound X,45,3078.57,138535.65,0.18,24936.42,163472.07,Outstanding,,No,2025-06-23 14:16:36
2025-06-03,Arun & Sons,C0018,SINV030811,PRD005,Chemical Compound X,127,3896.04,494797.08,0.05,24739.85,519536.93,Partially Received,,No,2025-06-03 10:42:45
2025-08-06,Priya & Sons,C0034,SINV030812,PRD003,Assembly Unit A,-7,7593.91,-53157.37,0.28,-14884.06,-68041.43,Received,2025-09-19,Yes,2025-08-06 09:54:42
2025-05-04,Kavya Wholesale,C0038,SINV030813,PRD005,Chemical Compound X,108,3639.79,393097.32,0.12,47171.68,440269.0,Outstanding,,No,2025-05-04 17:33:17
2025-09-25,Lakshmi Ltd,C0026,SINV030814,PRD005,Chemical Compound X,12,3256.28,39075.36,0.05,1953.77,41029.13,Received,2025-11-12,No,2025-09-25 10:52:06
2025-05-13,Meena Imports,C0020,SINV030815,PRD004,Assembly Unit B,8,13307.48,106459.84,0.18,19162.77,125622.61,Received,2025-07-04,No,2025-05-13 21:46:11
2025-04-03,Rajesh & Sons,C0004,SINV030816,PRD005,Chemical Compound X,26,3830.61,99595.86,0.28,27886.84,127482.7,Partially Received,,No,2025-04-03 12:31:09
2025-04-30,Amit Exports,C0033,SINV030817,PRD007,Custom Fabrication,4,19393.23,77572.92,0.05,3878.65,81451.57,Outstanding,,No,2025-04-30 12:10:03
2025-05-12,Arun Wholesale,C0036,SINV030818,PRD010,Export Consignment,1,84863.06,84863.06,0.05,4243.15,89106.21,Received,2025-06-20,No,2025-05-12 10:51:17
2025-05-25,Mohan Stores,C0031,SINV030819,PRD002,Processed Cement,192,3694.62,709367.04,0.12,85124.04,794491.08,Outstanding,,No,2025-05-25 21:44:31
2025-05-24,Arun Wholesale,C0036,SINV030820,PRD007,Custom Fabrication,3,23719.69,71159.07,0.05,3557.95,74717.02,Outstanding,,No,2025-05-24 19:48:24
2025-05-21,Arun Pvt Ltd,C0040,SINV030821,PRD001,Finished Steel Pipe,652,2771.99,1807337.48,0.18,325320.75,2132658.23,Partially Received,,No,2025-05-21 18:41:18
2025-05-10,Rahul Exports,C0024,SINV030822,PRD001,Finished Steel Pipe,229,25000.0,5725000.0,0.05,286250.0,6011250.0,Partially Received,,No,2025-05-10 12:28:21
2025-06-25,Sunita Retail,C0008,SINV030823,PRD001,Finished Steel Pipe,455,280.0,127400.0,0.28,35672.0,163072.0,Outstanding,,No,2025-06-25 17:33:43
2025-07-26,Amit Imports,C0009,SINV030824,PRD008,Maintenance Contract,1,34230.9,34230.9,0.05,1711.55,35942.45,Partially Received,,No,2025-07-26 16:07:26
2025-06-19,Amit Exports,C0033,SINV030825,PRD002,Processed Cement,174,4320.61,751786.14,0.28,210500.12,962286.26,Partially Received,,No,2025-06-19 11:57:12
2025-06-01,Ravi Retail,C0017,SINV030826,PRD008,Maintenance Contract,2,30173.34,60346.68,0.28,16897.07,77243.75,Outstanding,,No,2025-06-01 03:31:21
2025-07-03,Arun Wholesale,C0036,SINV030827,PRD002,Processed Cement,4,4418.91,17675.64,0.05,883.78,18559.42,Partially Received,,No,2025-07-03 21:18:35
2025-11-25,Arun Wholesale,C0036,SINV030828,PRD006,Packaged Product P,87,1254.48,109139.76,0.18,19645.16,128784.92,Partially Received,,No,2025-11-25 17:02:00
2025-07-19,Usha Ltd,C0019,SINV030829,PRD004,Assembly Unit B,27,10637.55,287213.85,0.12,34465.66,321679.51,Partially Received,,No,2025-07-19 15:11:10
2026-01-08,Lakshmi & Sons,C0003,SINV030830,PRD007,Custom Fabrication,5,21329.51,106647.55,0.28,29861.31,136508.86,Outstanding,,No,2026-01-08 14:54:29
2026-03-16,Anita Wholesale,C0002,SINV030831,PRD007,Custom Fabrication,7,22790.31,159532.17,0.28,44669.01,204201.18,Received,2026-04-17,No,2026-03-16 19:22:04
2025-04-29,Lakshmi Exports,C0010,SINV030832,PRD002,Processed Cement,105,25000.0,2625000.0,0.18,472500.0,3097500.0,Received,2025-06-18,No,2025-04-29 20:07:53
2025-04-05,Rahul Ltd,C0005,SINV030833,PRD001,Finished Steel Pipe,48,3202.55,153722.4,0.28,43042.27,196764.67,Partially Received,,No,2025-04-05 12:12:23
2026-03-26,Deepa Wholesale,C0011,SINV030834,PRD005,Chemical Compound X,138,10000.0,1380000.0,0.12,165600.0,1545600.0,Partially Received,,No,2026-03-26 20:44:07
2025-12-14,Amit Imports,C0009,SINV030835,PRD005,Chemical Compound X,3,3385.54,10156.62,0.18,1828.19,11984.81,Received,2026-02-07,No,2025-12-14 10:14:01
2025-04-24,Pooja Mart,C0001,SINV030836,PRD006,Packaged Product P,-2,1140.99,-2281.98,0.12,-273.84,-2555.82,Partially Received,,Yes,2025-04-24 11:06:23
2026-03-24,Rahul Exports,C0024,SINV030837,PRD009,Spare Kit S1,51,4432.9,226077.9,0.28,63301.81,289379.71,Partially Received,,No,2026-03-24 13:25:45
2025-09-06,Arun Pvt Ltd,C0040,SINV030838,PRD006,Packaged Product P,2,1137.31,2274.62,0.12,272.95,2547.57,Received,2025-10-12,No,2025-09-06 17:05:05
2025-06-19,Deepa Trading,C0032,SINV030839,PRD007,Custom Fabrication,10,23895.77,238957.7,0.18,43012.39,281970.09,Received,2025-07-30,No,2025-06-19 16:32:52
2025-09-12,Mohan Stores,C0031,SINV030840,PRD004,Assembly Unit B,28,10600.2,296805.6,0.18,53425.01,350230.61,Partially Received,,No,2025-09-12 20:48:58
2025-05-21,Pooja Mart,C0029,SINV030841,PRD008,Maintenance Contract,-6,38711.08,-232266.48,0.18,-41807.97,-274074.45,Outstanding,,Yes,2025-05-21 11:14:37
2025-10-03,Amit Exports,C0033,SINV030842,PRD002,Processed Cement,164,3627.47,594905.08,0.18,107082.91,701987.99,Partially Received,,No,2025-10-03 13:09:24
2025-07-26,Amit & Sons,C0039,SINV030843,PRD008,Maintenance Contract,2,32854.18,65708.36,0.12,7885.0,73593.36,Outstanding,,No,2025-07-26 20:24:01
2025-11-03,Meena Retail,C0028,SINV030844,PRD006,Packaged Product P,73,1033.2,75423.6,0.18,13576.25,88999.85,Received,2025-12-30,No,2025-11-03 21:29:29
2025-07-14,Deepa Pvt Ltd,C0007,SINV030845,PRD001,Finished Steel Pipe,475,2482.9,1179377.5,0.28,330225.7,1509603.2,Outstanding,,No,2025-07-14 09:52:32
2025-12-03,Ravi Retail,C0017,SINV030846,PRD008,Maintenance Contract,2,30775.88,61551.76,0.12,7386.21,68937.97,Outstanding,,No,2025-12-03 19:46:03
2025-07-05,Priya Stores,C0015,SINV030847,PRD009,Spare Kit S1,5,25000.0,125000.0,0.05,6250.0,131250.0,Partially Received,,No,2025-07-05 16:18:52
2025-10-14,Lakshmi Exports,C0021,SINV030848,PRD008,Maintenance Contract,2,33239.47,66478.94,0.12,7977.47,74456.41,Outstanding,,No,2025-10-14 09:10:36
2025-11-17,Priya & Sons,C0034,SINV030849,PRD007,Custom Fabrication,5,25280.41,126402.05,0.12,15168.25,141570.3,Outstanding,,No,2025-11-17 11:35:33
2025-06-09,Sanjay Trading,C0027,SINV030850,PRD007,Custom Fabrication,7,23209.07,162463.49,0.18,29243.43,191706.92,Received,2025-08-10,No,2025-06-09 09:28:41
2025-07-16,Rahul Ltd,C0005,SINV030851,PRD004,Assembly Unit B,13,11913.2,154871.6,0.18,27876.89,182748.49,Partially Received,,No,2025-07-16 20:35:58
2025-07-21,Amit Imports,C0009,SINV030852,PRD006,Packaged Product P,259,1320.92,342118.28,0.12,41054.19,383172.47,Partially Received,,No,2025-07-21 17:27:46
2025-08-13,Rajesh & Sons,C0004,SINV030853,PRD007,Custom Fabrication,9,25258.08,227322.72,0.05,11366.14,238688.86,Partially Received,,No,2025-08-13 17:58:59
2026-03-22,Priya Stores,C0015,SINV030854,PRD003,Assembly Unit A,50,7825.06,391253.0,0.05,19562.65,410815.65,Received,2026-05-06,No,2026-03-22 14:49:23
2025-11-29,Anita Wholesale,C0002,SINV030855,PRD009,Spare Kit S1,48,4200.68,201632.64,0.12,24195.92,225828.56,Outstanding,,No,2025-11-29 12:36:26
2025-08-10,Amit & Sons,C0039,SINV030856,PRD008,Maintenance Contract,2,36909.02,73818.04,0.28,20669.05,94487.09,Partially Received,,No,2025-08-10 21:00:20
2025-04-30,Lakshmi Exports,C0021,SINV030857,PRD007,Custom Fabrication,10,24520.12,245201.2,0.28,68656.34,313857.54,Outstanding,,No,2025-04-30 20:30:32
2025-11-10,Sanjay Retail,C0023,SINV030858,PRD005,Chemical Compound X,8,10000.0,80000.0,0.12,9600.0,89600.0,Partially Received,,No,2025-11-10 10:37:45
2025-07-17,Lakshmi Exports,C0010,SINV030859,PRD003,Assembly Unit A,9,50000.0,450000.0,0.28,126000.0,576000.0,Partially Received,,No,2025-07-17 15:47:53
2026-03-28,Vikram Mart,C0014,SINV030860,PRD003,Assembly Unit A,10,8454.47,84544.7,0.05,4227.23,88771.93,Received,2026-04-07,No,2026-03-28 11:11:41
2025-11-05,Priya Wholesale,C0030,SINV030861,PRD006,Packaged Product P,55,1172.26,64474.3,0.28,18052.8,82527.1,Received,2025-12-13,No,2025-11-05 18:07:31
2025-05-29,Deepa Wholesale,C0011,SINV030862,PRD010,Export Consignment,3,72843.34,218530.02,0.18,39335.4,257865.42,Partially Received,,No,2025-05-29 13:17:53
2025-06-29,Priya Stores,C0015,SINV030863,PRD001,Finished Steel Pipe,593,2386.61,1415259.73,0.18,254746.75,1670006.48,Partially Received,,No,2025-06-29 10:53:27
2025-07-02,Arun Pvt Ltd,C0012,SINV030864,PRD003,Assembly Unit A,36,7260.48,261377.28,0.05,13068.86,274446.14,Outstanding,,No,2025-07-02 20:26:36
2025-05-10,Lakshmi Ltd,C0026,SINV030865,PRD005,Chemical Compound X,7,360.0,2520.0,0.28,705.6,3225.6,Outstanding,,No,2025-05-10 09:27:34
2025-10-22,Anita Wholesale,C0002,SINV030866,PRD004,Assembly Unit B,25,10341.62,258540.5,0.05,12927.03,271467.53,Outstanding,,No,2025-10-22 03:28:56
2026-01-24,Pooja Mart,C0001,SINV030867,PRD001,Finished Steel Pipe,424,3081.51,1306560.24,0.18,235180.84,1541741.08,Received,2026-02-26,No,2026-01-24 12:13:11
2025-05-28,Arun & Sons,C0018,SINV030868,PRD007,Custom Fabrication,10,20539.0,205390.0,0.12,24646.8,230036.8,Outstanding,,No,2025-05-28 21:28:10
2026-01-02,Meena Retail,C0028,SINV030869,PRD004,Assembly Unit B,24,11631.71,279161.04,0.05,13958.05,293119.09,Outstanding,,No,2026-01-02 12:36:02
2025-09-27,Ravi Retail,C0017,SINV030870,PRD001,Finished Steel Pipe,564,2653.04,1496314.56,0.12,179557.75,1675872.31,Partially Received,,No,2025-09-27 18:46:39
2025-06-05,Amit & Sons,C0039,SINV030871,PRD004,Assembly Unit B,25,11975.72,299393.0,0.12,35927.16,335320.16,Partially Received,,No,2025-06-05 16:44:10
2025-10-16,Amit Trading,C0006,SINV030872,PRD003,Assembly Unit A,4,7986.09,31944.36,0.05,1597.22,33541.58,Partially Received,,No,2025-10-16 12:22:41
2025-11-07,Meena Retail,C0028,SINV030873,PRD001,Finished Steel Pipe,405,2922.54,1183628.7,0.12,142035.44,1325664.14,Received,2026-01-05,No,2025-11-07 20:26:28
2025-07-15,Arun Wholesale,C0036,SINV030874,PRD005,Chemical Compound X,96,360.0,34560.0,0.18,6220.8,40780.8,Outstanding,,No,2025-07-15 18:31:16
2025-09-02,Pooja Mart,C0001,SINV030875,PRD009,Spare Kit S1,32,5510.95,176350.4,0.28,49378.11,225728.51,Outstanding,,No,2025-09-02 09:26:47
2026-01-05,Anita Wholesale,C0002,SINV030876,PRD003,Assembly Unit A,7,8665.86,60661.02,0.05,3033.05,63694.07,Received,2026-03-23,No,2026-01-05 09:42:45
2025-05-10,Lakshmi & Sons,C0003,SINV030877,PRD003,Assembly Unit A,20,9474.4,189488.0,0.12,22738.56,212226.56,Received,2025-07-29,No,2025-05-10 14:49:52
2026-01-25,Arun & Sons,C0018,SINV030878,PRD005,Chemical Compound X,-3,3381.83,-10145.49,0.05,-507.27,-10652.76,Received,2026-02-26,Yes,2026-01-25 12:11:57
2025-06-25,Vikram Mart,C0014,SINV030879,PRD003,Assembly Unit A,3,7617.61,22852.83,0.05,1142.64,23995.47,Outstanding,,No,2025-06-25 12:22:04
2025-05-29,Priya Imports,C0022,SINV030880,PRD006,Packaged Product P,116,1376.15,159633.4,0.05,7981.67,167615.07,Outstanding,,No,2025-05-29 18:56:46
2026-01-23,Lakshmi & Sons,C0003,SINV030881,PRD004,Assembly Unit B,26,100000.0,2600000.0,0.28,728000.0,3328000.0,Outstanding,,No,2026-01-23 17:52:35
2025-08-04,Vikram Mart,C0014,SINV030882,PRD010,Export Consignment,2,82870.54,165741.08,0.12,19888.93,185630.01,Outstanding,,No,2025-08-04 12:56:10
2025-06-07,Deepa Wholesale,C0011,SINV030883,PRD010,Export Consignment,1,71553.44,71553.44,0.28,20034.96,91588.4,Partially Received,,No,2025-06-07 09:51:34
2025-06-04,Rahul Imports,C0035,SINV030884,PRD004,Assembly Unit B,9,10525.68,94731.12,0.05,4736.56,99467.68,Partially Received,,No,2025-06-04 21:17:48
2025-09-08,Pooja Mart,C0029,SINV030885,PRD006,Packaged Product P,-3,1416.66,-4249.98,0.28,-1189.99,-5439.97,Received,2025-09-27,Yes,2025-09-08 18:38:39
2025-07-11,Arun Trading,C0016,SINV030886,PRD008,Maintenance Contract,3,35923.98,107771.94,0.28,30176.14,137948.08,Outstanding,,No,2025-07-11 10:30:29
2025-10-14,Deepa Wholesale,C0011,SINV030887,PRD002,Processed Cement,69,4377.56,302051.64,0.05,15102.58,317154.22,Partially Received,,No,2025-10-14 11:38:49
2026-02-13,Vikram Mart,C0014,SINV030888,PRD008,Maintenance Contract,2,31648.52,63297.04,0.18,11393.47,74690.51,Outstanding,,No,2026-02-13 21:06:37
2025-12-03,Rahul Ltd,C0005,SINV030889,PRD004,Assembly Unit B,13,10661.19,138595.47,0.05,6929.77,145525.24,Outstanding,,No,2025-12-03 14:14:46
2025-06-17,Arun & Sons,C0018,SINV030890,PRD008,Maintenance Contract,4,32394.68,129578.72,0.18,23324.17,152902.89,Received,2025-07-06,No,2025-06-17 19:54:32
2025-06-01,Anita Wholesale,C0002,SINV030891,PRD010,Export Consignment,1,64345.12,64345.12,0.28,18016.63,82361.75,Partially Received,,No,2025-06-01 16:51:49
2025-09-09,Kavya Wholesale,C0038,SINV030892,PRD003,Assembly Unit A,13,7648.85,99435.05,0.18,17898.31,117333.36,Received,2025-09-18,No,2025-09-09 11:17:03
2025-09-29,Sanjay Retail,C0023,SINV030893,PRD004,Assembly Unit B,9,10955.58,98600.22,0.18,17748.04,116348.26,Received,2025-10-12,No,2025-09-29 09:20:06
2025-12-21,Meena Imports,C0020,SINV030894,PRD004,Assembly Unit B,-10,11812.78,-118127.8,0.05,-5906.39,-124034.19,Received,2026-01-24,Yes,2025-12-21 16:31:58
2025-10-09,Priya Wholesale,C0030,SINV030895,PRD010,Export Consignment,1,67199.82,67199.82,0.12,8063.98,75263.8,Received,2025-12-13,No,2025-10-09 20:47:16
2026-02-16,Rahul Imports,C0035,SINV030896,PRD004,Assembly Unit B,23,13554.38,311750.74,0.18,56115.13,367865.87,Received,2026-05-03,No,2026-02-16 21:43:20
2026-01-03,Arun Pvt Ltd,C0012,SINV030897,PRD001,Finished Steel Pipe,442,2793.88,1234894.96,0.18,222281.09,1457176.05,Outstanding,,No,2026-01-03 16:31:02
2026-01-27,Vikram Mart,C0014,SINV030898,PRD004,Assembly Unit B,12,1200.0,14400.0,0.12,1728.0,16128.0,Outstanding,,No,2026-01-27 18:35:27
2025-09-22,Arun Pvt Ltd,C0040,SINV030899,PRD001,Finished Steel Pipe,682,2623.46,1789199.72,0.12,214703.97,2003903.69,Outstanding,,No,2025-09-22 16:45:34
2026-02-20,Arun & Sons,C0018,SINV030900,PRD001,Finished Steel Pipe,368,2997.6,1103116.8,0.18,198561.02,1301677.82,Partially Received,,No,2026-02-20 17:50:50
2025-09-12,Rahul Ltd,C0013,SINV030901,PRD009,Spare Kit S1,51,4768.07,243171.57,0.12,29180.59,272352.16,Outstanding,,No,2025-09-12 20:27:45
2025-10-21,Arun Pvt Ltd,C0012,SINV030902,PRD001,Finished Steel Pipe,599,3034.29,1817539.71,0.18,327157.15,2144696.86,Outstanding,,No,2025-10-21 16:08:42
2025-10-09,Meena Imports,C0020,SINV030903,PRD004,Assembly Unit B,13,10807.58,140498.54,0.18,25289.74,165788.28,Received,2025-11-01,No,2025-10-09 10:50:37
2025-05-25,Arun Pvt Ltd,C0012,SINV030904,PRD006,Packaged Product P,374,1306.49,488627.26,0.05,24431.36,513058.62,Partially Received,,No,2025-05-25 17:11:22
2025-11-15,Lakshmi Ltd,C0026,SINV030905,PRD003,Assembly Unit A,13,8726.91,113449.83,0.18,20420.97,133870.8,Outstanding,,No,2025-11-15 11:35:26
2025-06-26,Arun Pvt Ltd,C0012,SINV030906,PRD001,Finished Steel Pipe,281,2453.24,689360.44,0.05,34468.02,723828.46,Partially Received,,No,2025-06-26 21:10:15
2025-04-07,Sunita Ltd,C0037,SINV030907,PRD003,Assembly Unit A,27,8230.77,222230.79,0.05,11111.54,233342.33,Partially Received,,No,2025-04-07 18:44:41
2025-10-27,Pooja Mart,C0029,SINV030908,PRD001,Finished Steel Pipe,351,3075.55,1079518.05,0.12,129542.17,1209060.22,Received,2026-01-10,No,2025-10-27 15:00:16
2025-07-04,Rahul Exports,C0024,SINV030909,PRD007,Custom Fabrication,5,22970.3,114851.5,0.12,13782.18,128633.68,Received,2025-08-03,No,2025-07-04 10:30:53
2025-05-14,Arun Pvt Ltd,C0040,SINV030910,PRD002,Processed Cement,95,4531.4,430483.0,0.05,21524.15,452007.15,Partially Received,,No,2025-05-14 18:14:15
2025-11-24,Amit Imports,C0009,SINV030911,PRD003,Assembly Unit A,15,42500.0,637500.0,0.18,114750.0,752250.0,Received,2026-02-21,No,2025-11-24 10:05:37
2025-12-27,Lakshmi & Sons,C0003,SINV030912,PRD007,Custom Fabrication,1,20814.45,20814.45,0.05,1040.72,21855.17,Outstanding,,No,2025-12-27 11:29:31
2025-04-29,Lakshmi Ltd,C0026,SINV030913,PRD002,Processed Cement,34,4062.56,138127.04,0.28,38675.57,176802.61,Received,2025-07-06,No,2025-04-29 16:27:55
2025-07-26,Pooja Mart,C0001,SINV030914,PRD001,Finished Steel Pipe,278,50000.0,13900000.0,0.18,2502000.0,16402000.0,Received,2025-09-21,No,2025-07-26 16:11:12
2026-03-11,Meena Retail,C0028,SINV030915,PRD003,Assembly Unit A,13,9230.58,119997.54,0.12,14399.7,134397.24,Received,2026-03-13,No,2026-03-11 10:13:55
2026-03-31,Arun Pvt Ltd,C0040,SINV030916,PRD005,Chemical Compound X,36,4073.79,146656.44,0.18,26398.16,173054.6,Partially Received,,No,2026-03-31 10:27:19
2025-08-20,Deepa Pvt Ltd,C0007,SINV030917,PRD007,Custom Fabrication,4,21734.46,86937.84,0.18,15648.81,102586.65,Outstanding,,No,2025-08-20 13:07:58
2025-12-01,Mohan Stores,C0031,SINV030918,PRD007,Custom Fabrication,1,21485.13,21485.13,0.18,3867.32,25352.45,Partially Received,,No,2025-12-01 15:57:58
2025-07-02,Vikram Mart,C0014,SINV030919,PRD005,Chemical Compound X,72,4010.4,288748.8,0.18,51974.78,340723.58,Received,2025-09-01,No,2025-07-02 18:02:52
2025-12-18,Lakshmi Exports,C0021,SINV030920,PRD006,Packaged Product P,45,1320.92,59441.4,0.05,2972.07,62413.47,Outstanding,,No,2025-12-18 17:28:01
2025-06-28,Arun Pvt Ltd,C0040,SINV030921,PRD010,Export Consignment,1,83599.61,83599.61,0.12,10031.95,93631.56,Outstanding,,No,2025-06-28 13:44:11
2025-09-05,Arun Wholesale,C0036,SINV030922,PRD004,Assembly Unit B,3,12966.9,38900.7,0.28,10892.2,49792.9,Received,2025-10-04,No,2025-09-05 13:49:17
2025-09-19,Arun & Sons,C0018,SINV030923,PRD006,Packaged Product P,422,1159.94,489494.68,0.28,137058.51,626553.19,Outstanding,,No,2025-09-19 21:12:32
2025-10-01,Sunita Ltd,C0037,SINV030924,PRD001,Finished Steel Pipe,379,3006.1,1139311.9,0.12,136717.43,1276029.33,Outstanding,,No,2025-10-01 04:49:34
2025-08-22,Sanjay Trading,C0027,SINV030925,PRD009,Spare Kit S1,13,24000.0,312000.0,0.05,15600.0,327600.0,Partially Received,,No,2025-08-22 20:29:11
2026-01-30,Rahul Ltd,C0005,SINV030926,PRD001,Finished Steel Pipe,346,25000.0,8650000.0,0.05,432500.0,9082500.0,Outstanding,,No,2026-01-30 14:14:32
2025-08-21,Arun Pvt Ltd,C0012,SINV030927,PRD002,Processed Cement,152,100000.0,15200000.0,0.28,4256000.0,19456000.0,Received,2025-08-26,No,2025-08-21 12:20:49
2025-12-30,Kavya Wholesale,C0038,SINV030928,PRD004,Assembly Unit B,14,10379.68,145315.52,0.28,40688.35,186003.87,Outstanding,,No,2025-12-30 10:16:43
2025-07-23,Sanjay Trading,C0027,SINV030929,PRD002,Processed Cement,134,3900.02,522602.68,0.18,94068.48,616671.16,Received,2025-09-20,No,2025-07-23 16:32:58
2026-01-03,Lakshmi Ltd,C0026,SINV030930,PRD007,Custom Fabrication,-6,25330.54,-151983.24,0.05,-7599.16,-159582.4,Outstanding,,Yes,2026-01-03 21:28:53
2026-03-14,Sanjay Trading,C0027,SINV030931,PRD008,Maintenance Contract,4,35561.25,142245.0,0.12,17069.4,159314.4,Received,2026-05-01,No,2026-03-14 15:48:14
2025-12-21,Amit Trading,C0006,SINV030932,PRD009,Spare Kit S1,3,5000.0,15000.0,0.18,2700.0,17700.0,Received,2026-02-17,No,2025-12-21 20:38:36
2025-04-06,Mohan Stores,C0031,SINV030933,PRD003,Assembly Unit A,22,7329.57,161250.54,0.05,8062.53,169313.07,Outstanding,,No,2025-04-06 21:33:19
2025-08-27,Arun Wholesale,C0036,SINV030934,PRD007,Custom Fabrication,7,18919.56,132436.92,0.05,6621.85,139058.77,Received,2025-09-26,No,2025-08-27 12:23:26
2026-01-29,Pooja Mart,C0029,SINV030935,PRD005,Chemical Compound X,7,18000.0,126000.0,0.28,35280.0,161280.0,Outstanding,,No,2026-01-29 17:15:13
2025-10-25,Pooja Mart,C0029,SINV030936,PRD004,Assembly Unit B,29,13457.15,390257.35,0.05,19512.87,409770.22,Partially Received,,No,2025-10-25 16:44:50
2025-11-02,Amit Imports,C0009,SINV030937,PRD003,Assembly Unit A,31,9548.62,296007.22,0.12,35520.87,331528.09,Partially Received,,No,2025-11-02 15:56:54
2025-12-19,Arun & Sons,C0018,SINV030938,PRD002,Processed Cement,130,4112.94,534682.2,0.05,26734.11,561416.31,Received,2026-02-22,No,2025-12-19 16:32:41
2025-10-16,Priya Imports,C0022,SINV030939,PRD010,Export Consignment,3,73080.98,219242.94,0.05,10962.15,230205.09,Outstanding,,No,2025-10-16 16:48:13
2025-10-22,Deepa Wholesale,C0011,SINV030940,PRD009,Spare Kit S1,21,5230.3,109836.3,0.28,30754.16,140590.46,Partially Received,,No,2025-10-22 09:47:54
2026-01-18,Lakshmi Exports,C0021,SINV030941,PRD001,Finished Steel Pipe,121,2963.35,358565.35,0.18,64541.76,423107.11,Received,2026-02-21,No,2026-01-18 11:08:53
2026-01-05,Arun Wholesale,C0036,SINV030942,PRD007,Custom Fabrication,8,18896.28,151170.24,0.05,7558.51,158728.75,Outstanding,,No,2026-01-05 15:43:46
2025-05-06,Vikram Mart,C0014,SINV030943,PRD003,Assembly Unit A,37,9598.88,355158.56,0.05,17757.93,372916.49,Partially Received,,No,2025-05-06 15:48:10
2026-01-23,Pooja Mart,C0001,SINV030944,PRD008,Maintenance Contract,5,38562.71,192813.55,0.12,23137.63,215951.18,Received,2026-04-20,No,2026-01-23 18:11:49
2025-12-08,Sunita Ltd,C0037,SINV030945,PRD009,Spare Kit S1,27,5091.5,137470.5,0.12,16496.46,153966.96,Received,2026-01-07,No,2025-12-08 10:35:09
2025-04-04,Priya Wholesale,C0030,SINV030946,PRD002,Processed Cement,79,4339.54,342823.66,0.28,95990.62,438814.28,Received,2025-05-26,No,2025-04-04 17:27:52
2025-04-16,Kavya Wholesale,C0038,SINV030947,PRD005,Chemical Compound X,138,3801.92,524664.96,0.12,62959.8,587624.76,Partially Received,,No,2025-04-16 12:45:44
2025-09-15,Arun Trading,C0016,SINV030948,PRD002,Processed Cement,154,4442.33,684118.82,0.12,82094.26,766213.08,Received,2025-10-22,No,2025-09-15 13:43:40
2025-11-17,Sunita Ltd,C0037,SINV030949,PRD010,Export Consignment,1,5000.0,5000.0,0.28,1400.0,6400.0,Partially Received,,No,2025-11-17 09:24:38
2025-07-07,Priya Imports,C0022,SINV030950,PRD009,Spare Kit S1,39,4843.92,188912.88,0.28,52895.61,241808.49,Outstanding,,No,2025-07-07 09:23:16
2026-03-04,Priya Stores,C0015,SINV030951,PRD009,Spare Kit S1,4,5084.22,20336.88,0.18,3660.64,23997.52,Partially Received,,No,2026-03-04 21:15:51
2025-10-30,Rahul Ltd,C0005,SINV030952,PRD008,Maintenance Contract,1,33806.83,33806.83,0.05,1690.34,35497.17,Outstanding,,No,2025-10-30 16:32:55
2025-09-23,Arun & Sons,C0018,SINV030953,PRD004,Assembly Unit B,28,12920.18,361765.04,0.05,18088.25,379853.29,Received,2025-10-07,No,2025-09-23 19:33:37
2026-03-01,Arun Trading,C0025,SINV030954,PRD005,Chemical Compound X,1,3275.69,3275.69,0.12,393.08,3668.77,Outstanding,,No,2026-03-01 17:05:21
2025-04-28,Lakshmi & Sons,C0003,SINV030955,PRD002,Processed Cement,162,3945.91,639237.42,0.28,178986.48,818223.9,Outstanding,,No,2025-04-28 18:09:26
2025-12-22,Vikram Mart,C0014,SINV030956,PRD001,Finished Steel Pipe,-2,2748.77,-5497.54,0.05,-274.88,-5772.42,Outstanding,,Yes,2025-12-22 19:57:55
2026-02-02,Lakshmi Exports,C0010,SINV030957,PRD009,Spare Kit S1,42,5332.97,223984.74,0.12,26878.17,250862.91,Outstanding,,No,2026-02-02 15:35:11
2026-03-05,Priya & Sons,C0034,SINV030958,PRD006,Packaged Product P,265,100000.0,26500000.0,0.05,1325000.0,27825000.0,Partially Received,,No,2026-03-05 09:29:09
2026-02-23,Kavya Wholesale,C0038,SINV030959,PRD006,Packaged Product P,142,1051.97,149379.74,0.12,17925.57,167305.31,Outstanding,,No,2026-02-23 19:29:40
2026-01-29,Rahul Imports,C0035,SINV030960,PRD001,Finished Steel Pipe,615,3123.03,1920663.45,0.28,537785.77,2458449.22,Outstanding,,No,2026-01-29 19:07:46
2025-10-25,Sunita Retail,C0008,SINV030961,PRD003,Assembly Unit A,36,7309.39,263138.04,0.28,73678.65,336816.69,Received,2025-10-28,No,2025-10-25 15:08:00
2025-04-30,Arun Pvt Ltd,C0040,SINV030962,PRD002,Processed Cement,45,21000.0,945000.0,0.28,264600.0,1209600.0,Received,2025-07-26,No,2025-04-30 19:48:51
2025-07-21,Ravi Retail,C0017,SINV030963,PRD005,Chemical Compound X,98,3740.63,366581.74,0.18,65984.71,432566.45,Received,2025-10-12,No,2025-07-21 14:51:38
2025-04-04,Ravi Retail,C0017,SINV030964,PRD006,Packaged Product P,377,1288.7,485839.9,0.28,136035.17,621875.07,Partially Received,,No,2025-04-04 10:11:00
2026-03-03,Lakshmi Exports,C0010,SINV030965,PRD005,Chemical Compound X,5,3692.41,18462.05,0.12,2215.45,20677.5,Received,2026-04-01,No,2026-03-03 14:13:26
2025-04-05,Priya Wholesale,C0030,SINV030966,PRD006,Packaged Product P,137,1225.16,167846.92,0.12,20141.63,187988.55,Outstanding,,No,2025-04-05 11:35:58
2026-02-27,Rajesh & Sons,C0004,SINV030967,PRD004,Assembly Unit B,5,13505.85,67529.25,0.28,18908.19,86437.44,Outstanding,,No,2026-02-27 21:28:00
2026-03-20,Arun Trading,C0025,SINV030968,PRD006,Packaged Product P,182,240.0,43680.0,0.12,5241.6,48921.6,Partially Received,,No,2026-03-20 13:02:22
2026-03-25,Meena Retail,C0028,SINV030969,PRD005,Chemical Compound X,95,3901.2,370614.0,0.05,18530.7,389144.7,Outstanding,,No,2026-03-25 17:52:28
2025-12-18,Arun Trading,C0016,SINV030970,PRD007,Custom Fabrication,-6,25293.65,-151761.9,0.18,-27317.14,-179079.04,Partially Received,,Yes,2025-12-18 17:09:07
2025-08-20,Deepa Trading,C0032,SINV030971,PRD004,Assembly Unit B,7,13658.63,95610.41,0.18,17209.87,112820.28,Received,2025-10-14,No,2025-08-20 22:26:09
2025-11-24,Lakshmi & Sons,C0003,SINV030972,PRD007,Custom Fabrication,9,21391.17,192520.53,0.28,53905.75,246426.28,Partially Received,,No,2025-11-24 18:49:39
2026-01-16,Amit Imports,C0009,SINV030973,PRD006,Packaged Product P,-3,1024.75,-3074.25,0.18,-553.37,-3627.62,Received,2026-02-18,Yes,2026-01-16 16:58:54
2025-07-04,Arun Pvt Ltd,C0012,SINV030974,PRD010,Export Consignment,3,66648.24,199944.72,0.28,55984.52,255929.24,Outstanding,,No,2025-07-04 11:26:36
2025-11-19,Sanjay Trading,C0027,SINV030975,PRD007,Custom Fabrication,3,19948.35,59845.05,0.05,2992.25,62837.3,Outstanding,,No,2025-11-19 18:37:26
2026-01-27,Arun Trading,C0025,SINV030976,PRD010,Export Consignment,3,76083.64,228250.92,0.12,27390.11,255641.03,Received,2026-03-10,No,2026-01-27 20:38:50
2026-01-10,Arun Wholesale,C0036,SINV030977,PRD008,Maintenance Contract,4,34484.87,137939.48,0.28,38623.05,176562.53,Received,2026-02-27,No,2026-01-10 17:29:45
2025-06-02,Meena Retail,C0028,SINV030978,PRD001,Finished Steel Pipe,177,2421.04,428524.08,0.18,77134.33,505658.41,Outstanding,,No,2025-06-02 12:16:33
2026-02-03,Deepa Pvt Ltd,C0007,SINV030979,PRD006,Packaged Product P,500,120.0,60000.0,0.12,7200.0,67200.0,Received,2026-02-20,No,2026-02-03 17:47:12
2025-05-05,Pooja Mart,C0001,SINV030980,PRD001,Finished Steel Pipe,669,3202.27,2142318.63,0.05,107115.93,2249434.56,Partially Received,,No,2025-05-05 04:19:03
2026-02-10,Priya Wholesale,C0030,SINV030981,PRD007,Custom Fabrication,5,23591.86,117959.3,0.12,14155.12,132114.42,Partially Received,,No,2026-02-10 20:47:04
2026-01-14,Priya Stores,C0015,SINV030982,PRD001,Finished Steel Pipe,122,2394.01,292069.22,0.18,52572.46,344641.68,Partially Received,,No,2026-01-14 10:13:19
2025-06-17,Sunita Ltd,C0037,SINV030983,PRD008,Maintenance Contract,4,31140.15,124560.6,0.18,22420.91,146981.51,Partially Received,,No,2025-06-17 19:53:34
2026-02-24,Arun Pvt Ltd,C0040,SINV030984,PRD009,Spare Kit S1,25,4507.86,112696.5,0.28,31555.02,144251.52,Partially Received,,No,2026-02-24 14:53:42
2025-09-16,Amit Imports,C0009,SINV030985,PRD005,Chemical Compound X,39,3120.06,121682.34,0.05,6084.12,127766.46,Received,2025-10-16,No,2025-09-16 18:45:41
2026-01-17,Priya Imports,C0022,SINV030986,PRD004,Assembly Unit B,20,13592.67,271853.4,0.05,13592.67,285446.07,Received,2026-04-07,No,2026-01-17 16:27:27
2025-06-04,Ravi Retail,C0017,SINV030987,PRD009,Spare Kit S1,35,5406.55,189229.25,0.28,52984.19,242213.44,Received,2025-08-27,No,2025-06-04 18:52:49
2025-04-03,Lakshmi Ltd,C0026,SINV030988,PRD009,Spare Kit S1,24,10000.0,240000.0,0.12,28800.0,268800.0,Partially Received,,No,2025-04-03 10:30:42
2025-10-27,Pooja Mart,C0001,SINV030989,PRD008,Maintenance Contract,4,35754.64,143018.56,0.28,40045.2,183063.76,Outstanding,,No,2025-10-27 10:59:33
2025-09-06,Lakshmi Exports,C0010,SINV030990,PRD005,Chemical Compound X,126,3338.24,420618.24,0.05,21030.91,441649.15,Partially Received,,No,2025-09-06 12:50:19
2025-05-08,Deepa Wholesale,C0011,SINV030991,PRD006,Packaged Product P,339,1242.72,421282.08,0.12,50553.85,471835.93,Outstanding,,No,2025-05-08 19:12:30
2025-12-11,Deepa Pvt Ltd,C0007,SINV030992,PRD001,Finished Steel Pipe,658,2522.43,1659758.94,0.05,82987.95,1742746.89,Outstanding,,No,2025-12-11 16:31:12
2025-11-01,Sanjay Retail,C0023,SINV030993,PRD001,Finished Steel Pipe,781,2937.12,2293890.72,0.12,275266.89,2569157.61,Received,2025-11-20,No,2025-11-01 10:48:36
2026-01-28,Priya Imports,C0022,SINV030994,PRD010,Export Consignment,1,68474.26,68474.26,0.05,3423.71,71897.97,Received,2026-02-22,No,2026-01-28 12:33:30
2025-09-06,Meena Imports,C0020,SINV030995,PRD003,Assembly Unit A,19,8627.37,163920.03,0.18,29505.61,193425.64,Received,2025-10-11,No,2025-09-06 13:54:28
2025-12-30,Meena Retail,C0028,SINV030996,PRD001,Finished Steel Pipe,794,2569.41,2040111.54,0.28,571231.23,2611342.77,Received,2025-12-31,No,2025-12-30 22:55:08
2025-05-10,Mohan Stores,C0031,SINV030997,PRD007,Custom Fabrication,2,23890.42,47780.84,0.18,8600.55,56381.39,Partially Received,,No,2025-05-10 21:48:38
2025-05-16,Lakshmi & Sons,C0003,SINV030998,PRD009,Spare Kit S1,43,4319.7,185747.1,0.18,33434.48,219181.58,Partially Received,,No,2025-05-16 16:44:15
2025-10-14,Amit Trading,C0006,SINV030999,PRD005,Chemical Compound X,19,100000.0,1900000.0,0.18,342000.0,2242000.0,Outstanding,,No,2025-10-14 12:16:02
2025-09-25,Amit Exports,C0033,SINV031000,PRD001,Finished Steel Pipe,747,2998.75,2240066.25,0.18,403211.92,2643278.17,Received,2025-11-06,No,2025-09-25 17:47:05
2026-02-12,Pooja Mart,C0029,SINV031001,PRD005,Chemical Compound X,64,3710.46,237469.44,0.18,42744.5,280213.94,Received,2026-04-04,No,2026-02-12 15:42:23
2025-04-26,Deepa Trading,C0032,SINV031002,PRD008,Maintenance Contract,-4,40491.65,-161966.6,0.05,-8098.33,-170064.93,Received,2025-06-05,Yes,2025-04-26 13:00:37
2026-01-02,Lakshmi Exports,C0021,SINV031003,PRD005,Chemical Compound X,64,3712.54,237602.56,0.05,11880.13,249482.69,Partially Received,,No,2026-01-02 13:01:48
2025-05-12,Rahul Imports,C0035,SINV031004,PRD003,Assembly Unit A,44,7757.97,341350.68,0.12,40962.08,382312.76,Outstanding,,No,2025-05-12 21:34:01
2025-12-20,Deepa Wholesale,C0011,SINV031005,PRD001,Finished Steel Pipe,558,2845.93,1588028.94,0.12,190563.47,1778592.41,Partially Received,,No,2025-12-20 05:58:52
2025-06-17,Anita Wholesale,C0002,SINV031006,PRD008,Maintenance Contract,5,25000.0,125000.0,0.05,6250.0,131250.0,Received,2025-08-05,No,2025-06-17 15:20:10
2025-07-14,Meena Retail,C0028,SINV031007,PRD010,Export Consignment,3,50000.0,150000.0,0.12,18000.0,168000.0,Received,2025-08-09,No,2025-07-14 20:15:21
2025-09-01,Rajesh & Sons,C0004,SINV031008,PRD004,Assembly Unit B,17,13468.38,228962.46,0.28,64109.49,293071.95,Received,2025-10-27,No,2025-09-01 13:54:01
2025-04-22,Deepa Trading,C0032,SINV031009,PRD001,Finished Steel Pipe,696,2981.14,2074873.44,0.28,580964.56,2655838.0,Partially Received,,No,2025-04-22 18:10:02
2025-07-23,Arun Pvt Ltd,C0040,SINV031010,PRD002,Processed Cement,175,4648.76,813533.0,0.18,146435.94,959968.94,Received,2025-09-11,No,2025-07-23 10:05:12
2026-01-01,Deepa Pvt Ltd,C0007,SINV031011,PRD002,Processed Cement,144,3629.28,522616.32,0.18,94070.94,616687.26,Received,2026-02-22,No,2026-01-01 04:35:21
2025-05-28,Arun Trading,C0016,SINV031012,PRD003,Assembly Unit A,3,7977.93,23933.79,0.05,1196.69,25130.48,Outstanding,,No,2025-05-28 18:41:25
2025-07-25,Lakshmi Exports,C0010,SINV031013,PRD001,Finished Steel Pipe,695,280.0,194600.0,0.18,35028.0,229628.0,Outstanding,,No,2025-07-25 18:57:30
2026-03-31,Mohan Stores,C0031,SINV031014,PRD005,Chemical Compound X,15,3992.63,59889.45,0.18,10780.1,70669.55,Partially Received,,No,2026-03-31 13:18:30
2025-05-03,Rahul Ltd,C0013,SINV031015,PRD002,Processed Cement,19,12600.0,239400.0,0.28,67032.0,306432.0,Partially Received,,No,2025-05-03 13:24:47
2025-11-02,Arun Trading,C0016,SINV031016,PRD010,Export Consignment,2,86200.55,172401.1,0.18,31032.2,203433.3,Received,2025-12-25,No,2025-11-02 21:31:51
2025-04-02,Arun Trading,C0016,SINV031017,PRD006,Packaged Product P,71,6000.0,426000.0,0.28,119280.0,545280.0,Received,2025-06-10,No,2025-04-02 14:14:00
2025-10-09,Meena Imports,C0020,SINV031018,PRD001,Finished Steel Pipe,460,2384.99,1097095.4,0.12,131651.45,1228746.85,Outstanding,,No,2025-10-09 16:52:35
2025-09-17,Priya & Sons,C0034,SINV031019,PRD007,Custom Fabrication,1,21315.1,21315.1,0.05,1065.75,22380.85,Received,2025-11-12,No,2025-09-17 09:25:15
2025-06-06,Pooja Mart,C0001,SINV031020,PRD006,Packaged Product P,329,1051.58,345969.82,0.05,17298.49,363268.31,Partially Received,,No,2025-06-06 20:33:56
2026-02-14,Meena Retail,C0028,SINV031021,PRD005,Chemical Compound X,3,3988.35,11965.05,0.05,598.25,12563.3,Partially Received,,No,2026-02-14 17:37:07
2025-06-24,Lakshmi & Sons,C0003,SINV031022,PRD010,Export Consignment,1,78129.63,78129.63,0.05,3906.48,82036.11,Received,2025-08-10,No,2025-06-24 09:51:47
2025-09-21,Amit Imports,C0009,SINV031023,PRD001,Finished Steel Pipe,786,3171.92,2493129.12,0.18,448763.24,2941892.36,Outstanding,,No,2025-09-21 11:44:12
2025-05-28,Amit & Sons,C0039,SINV031024,PRD006,Packaged Product P,26,1244.38,32353.88,0.12,3882.47,36236.35,Partially Received,,No,2025-05-28 02:25:02
2025-11-24,Meena Retail,C0028,SINV031025,PRD001,Finished Steel Pipe,505,3164.93,1598289.65,0.12,191794.76,1790084.41,Partially Received,,No,2025-11-24 14:58:52
2026-02-17,Lakshmi Exports,C0021,SINV031026,PRD005,Chemical Compound X,82,3368.7,276233.4,0.18,49722.01,325955.41,Partially Received,,No,2026-02-17 18:08:02
2025-12-20,Usha Ltd,C0019,SINV031027,PRD006,Packaged Product P,9,100000.0,900000.0,0.12,108000.0,1008000.0,Received,2026-03-01,No,2025-12-20 10:07:35
2026-02-17,Amit & Sons,C0039,SINV031028,PRD007,Custom Fabrication,5,24549.68,122748.4,0.18,22094.71,144843.11,Outstanding,,No,2026-02-17 14:33:13
2025-06-25,Lakshmi Ltd,C0026,SINV031029,PRD007,Custom Fabrication,6,10000.0,60000.0,0.12,7200.0,67200.0,Received,2025-08-28,No,2025-06-25 18:50:43
2025-09-09,Arun Pvt Ltd,C0040,SINV031030,PRD008,Maintenance Contract,1,32214.7,32214.7,0.05,1610.74,33825.44,Outstanding,,No,2025-09-09 20:26:24
2025-09-06,Deepa Pvt Ltd,C0007,SINV031031,PRD007,Custom Fabrication,8,18769.2,150153.6,0.12,18018.43,168172.03,Outstanding,,No,2025-09-06 17:27:01
2025-04-09,Lakshmi Exports,C0010,SINV031032,PRD007,Custom Fabrication,2,21115.42,42230.84,0.28,11824.64,54055.48,Outstanding,,No,2025-04-09 11:12:22
2025-07-11,Anita Wholesale,C0002,SINV031033,PRD002,Processed Cement,113,3860.3,436213.9,0.18,78518.5,514732.4,Partially Received,,No,2025-07-11 19:00:04
2025-09-09,Meena Retail,C0028,SINV031034,PRD008,Maintenance Contract,-9,34160.53,-307444.77,0.05,-15372.24,-322817.01,Received,2025-10-27,Yes,2025-09-09 15:03:22
2025-09-02,Amit Imports,C0009,SINV031035,PRD003,Assembly Unit A,38,8057.31,306177.78,0.18,55112.0,361289.78,Outstanding,,No,2025-09-02 10:13:15
2026-03-30,Sunita Ltd,C0037,SINV031036,PRD005,Chemical Compound X,94,3290.9,309344.6,0.05,15467.23,324811.83,Partially Received,,No,2026-03-30 15:16:46
2025-09-11,Priya Wholesale,C0030,SINV031037,PRD010,Export Consignment,3,5000.0,15000.0,0.05,750.0,15750.0,Partially Received,,No,2025-09-11 20:29:07
2026-01-23,Meena Retail,C0028,SINV031038,PRD005,Chemical Compound X,100,4015.99,401599.0,0.28,112447.72,514046.72,Partially Received,,No,2026-01-23 03:27:21
2025-08-14,Rahul Ltd,C0013,SINV031039,PRD006,Packaged Product P,236,6000.0,1416000.0,0.28,396480.0,1812480.0,Partially Received,,No,2025-08-14 19:42:35
2025-04-26,Pooja Mart,C0001,SINV031040,PRD006,Packaged Product P,382,1269.86,485086.52,0.28,135824.23,620910.75,Outstanding,,No,2025-04-26 21:11:15
2025-08-04,Amit Trading,C0006,SINV031041,PRD009,Spare Kit S1,7,4891.67,34241.69,0.18,6163.5,40405.19,Received,2025-08-08,No,2025-08-04 09:51:41
2025-12-07,Amit & Sons,C0039,SINV031042,PRD006,Packaged Product P,436,1314.26,573017.36,0.28,160444.86,733462.22,Partially Received,,No,2025-12-07 12:13:12
2026-03-16,Amit & Sons,C0039,SINV031043,PRD008,Maintenance Contract,4,32785.51,131142.04,0.12,15737.04,146879.08,Received,2026-04-09,No,2026-03-16 11:13:36
2025-08-01,Arun Wholesale,C0036,SINV031044,PRD003,Assembly Unit A,26,9608.67,249825.42,0.18,44968.58,294794.0,Outstanding,,No,2025-08-01 21:10:52
2025-08-11,Arun Trading,C0025,SINV031045,PRD010,Export Consignment,1,77743.86,77743.86,0.12,9329.26,87073.12,Partially Received,,No,2025-08-11 11:28:30
2026-02-28,Deepa Wholesale,C0011,SINV031046,PRD004,Assembly Unit B,8,12669.64,101357.12,0.18,18244.28,119601.4,Received,2026-05-13,No,2026-02-28 11:02:08
2025-05-04,Deepa Pvt Ltd,C0007,SINV031047,PRD005,Chemical Compound X,59,3882.04,229040.36,0.05,11452.02,240492.38,Received,2025-07-10,No,2025-05-04 15:39:12
2025-07-18,Arun & Sons,C0018,SINV031048,PRD005,Chemical Compound X,19,3713.02,70547.38,0.12,8465.69,79013.07,Partially Received,,No,2025-07-18 13:31:42
2026-03-11,Lakshmi Exports,C0010,SINV031049,PRD010,Export Consignment,2,83145.4,166290.8,0.05,8314.54,174605.34,Outstanding,,No,2026-03-11 16:21:52
2025-10-17,Arun & Sons,C0018,SINV031050,PRD006,Packaged Product P,227,1136.5,257985.5,0.12,30958.26,288943.76,Partially Received,,No,2025-10-17 09:58:59
2025-07-13,Amit & Sons,C0039,SINV031051,PRD010,Export Consignment,1,63835.05,63835.05,0.05,3191.75,67026.8,Outstanding,,No,2025-07-13 17:14:07
2026-03-11,Usha Ltd,C0019,SINV031052,PRD004,Assembly Unit B,25,11756.99,293924.75,0.12,35270.97,329195.72,Partially Received,,No,2026-03-11 11:11:49
2025-11-17,Lakshmi Exports,C0010,SINV031053,PRD003,Assembly Unit A,14,9620.05,134680.7,0.28,37710.6,172391.3,Outstanding,,No,2025-11-17 16:29:13
2025-10-23,Amit Exports,C0033,SINV031054,PRD001,Finished Steel Pipe,29,3157.43,91565.47,0.28,25638.33,117203.8,Outstanding,,No,2025-10-23 13:46:30
2025-04-27,Pooja Mart,C0001,SINV031055,PRD004,Assembly Unit B,2,11406.21,22812.42,0.18,4106.24,26918.66,Outstanding,,No,2025-04-27 12:24:51
2025-06-09,Deepa Wholesale,C0011,SINV031056,PRD010,Export Consignment,3,82292.06,246876.18,0.18,44437.71,291313.89,Partially Received,,No,2025-06-09 19:18:05
2025-06-07,Mohan Stores,C0031,SINV031057,PRD005,Chemical Compound X,112,3571.1,399963.2,0.05,19998.16,419961.36,Outstanding,,No,2025-06-07 16:17:01
2025-11-19,Amit Exports,C0033,SINV031058,PRD003,Assembly Unit A,37,9586.31,354693.47,0.28,99314.17,454007.64,Outstanding,,No,2025-11-19 15:08:23
2026-03-28,Pooja Mart,C0001,SINV031059,PRD001,Finished Steel Pipe,521,8400.0,4376400.0,0.12,525168.0,4901568.0,Partially Received,,No,2026-03-28 15:12:51
2025-05-07,Lakshmi Ltd,C0026,SINV031060,PRD005,Chemical Compound X,69,3400.27,234618.63,0.28,65693.22,300311.85,Outstanding,,No,2025-05-07 13:36:28
2025-12-24,Kavya Wholesale,C0038,SINV031061,PRD004,Assembly Unit B,25,12254.64,306366.0,0.05,15318.3,321684.3,Outstanding,,No,2025-12-24 12:37:44
2026-02-01,Sunita Ltd,C0037,SINV031062,PRD009,Spare Kit S1,39,5396.01,210444.39,0.18,37879.99,248324.38,Partially Received,,No,2026-02-01 21:04:16
2025-09-08,Meena Retail,C0028,SINV031063,PRD001,Finished Steel Pipe,612,2969.85,1817548.2,0.18,327158.68,2144706.88,Partially Received,,No,2025-09-08 09:55:18
2025-11-10,Vikram Mart,C0014,SINV031064,PRD003,Assembly Unit A,9,9125.52,82129.68,0.28,22996.31,105125.99,Partially Received,,No,2025-11-10 13:13:08
2025-05-22,Arun Trading,C0025,SINV031065,PRD002,Processed Cement,150,100000.0,15000000.0,0.12,1800000.0,16800000.0,Partially Received,,No,2025-05-22 11:45:35
2026-02-10,Rahul Ltd,C0005,SINV031066,PRD002,Processed Cement,87,3857.25,335580.75,0.18,60404.53,395985.28,Received,2026-02-11,No,2026-02-10 13:35:59
2025-11-10,Rahul Ltd,C0005,SINV031067,PRD003,Assembly Unit A,11,7575.55,83331.05,0.28,23332.69,106663.74,Received,2026-01-25,No,2025-11-10 20:44:58
2025-09-01,Priya & Sons,C0034,SINV031068,PRD005,Chemical Compound X,42,3428.29,143988.18,0.28,40316.69,184304.87,Partially Received,,No,2025-09-01 11:52:56
2025-05-03,Priya Wholesale,C0030,SINV031069,PRD009,Spare Kit S1,34,4283.54,145640.36,0.28,40779.3,186419.66,Received,2025-05-30,No,2025-05-03 17:49:32
2025-04-30,Pooja Mart,C0029,SINV031070,PRD009,Spare Kit S1,55,4497.78,247377.9,0.28,69265.81,316643.71,Outstanding,,No,2025-04-30 14:42:34
2026-03-24,Priya & Sons,C0034,SINV031071,PRD001,Finished Steel Pipe,715,2987.6,2136134.0,0.28,598117.52,2734251.52,Partially Received,,No,2026-03-24 10:46:12
2026-01-20,Lakshmi Ltd,C0026,SINV031072,PRD005,Chemical Compound X,70,50000.0,3500000.0,0.28,980000.0,4480000.0,Received,2026-04-17,No,2026-01-20 18:34:55
2026-03-18,Lakshmi Exports,C0021,SINV031073,PRD009,Spare Kit S1,37,5196.06,192254.22,0.28,53831.18,246085.4,Outstanding,,No,2026-03-18 16:39:17
2025-04-02,Rahul Ltd,C0013,SINV031074,PRD009,Spare Kit S1,29,4302.0,124758.0,0.12,14970.96,139728.96,Outstanding,,No,2025-04-02 18:54:58
2026-01-19,Sunita Retail,C0008,SINV031075,PRD001,Finished Steel Pipe,394,2716.65,1070360.1,0.05,53518.01,1123878.11,Received,2026-02-01,No,2026-01-19 11:26:05
2025-11-17,Lakshmi Exports,C0021,SINV031076,PRD006,Packaged Product P,256,1259.58,322452.48,0.18,58041.45,380493.93,Partially Received,,No,2025-11-17 22:17:21
2025-10-01,Lakshmi Ltd,C0026,SINV031077,PRD006,Packaged Product P,495,1081.97,535575.15,0.18,96403.53,631978.68,Outstanding,,No,2025-10-01 16:22:06
2025-04-04,Meena Retail,C0028,SINV031078,PRD005,Chemical Compound X,115,3424.58,393826.7,0.05,19691.34,413518.04,Outstanding,,No,2025-04-04 09:24:33
2026-03-16,Priya & Sons,C0034,SINV031079,PRD003,Assembly Unit A,27,8200.67,221418.09,0.18,39855.26,261273.35,Outstanding,,No,2026-03-16 09:22:04
2025-06-29,Lakshmi Exports,C0021,SINV031080,PRD002,Processed Cement,67,3656.58,244990.86,0.12,29398.9,274389.76,Partially Received,,No,2025-06-29 13:55:19
2025-08-30,Kavya Wholesale,C0038,SINV031081,PRD010,Export Consignment,1,68285.8,68285.8,0.28,19120.02,87405.82,Outstanding,,No,2025-08-30 09:09:51
2025-12-19,Rahul Imports,C0035,SINV031082,PRD007,Custom Fabrication,6,24115.84,144695.04,0.05,7234.75,151929.79,Received,2025-12-28,No,2025-12-19 21:14:53
2025-10-27,Pooja Mart,C0029,SINV031083,PRD001,Finished Steel Pipe,638,2630.57,1678303.66,0.12,201396.44,1879700.1,Outstanding,,No,2025-10-27 12:02:56
2025-05-02,Lakshmi Exports,C0010,SINV031084,PRD004,Assembly Unit B,23,11398.02,262154.46,0.28,73403.25,335557.71,Received,2025-07-11,No,2025-05-02 11:02:51
2025-04-16,Arun Pvt Ltd,C0040,SINV031085,PRD009,Spare Kit S1,18,5155.26,92794.68,0.12,11135.36,103930.04,Received,2025-05-21,No,2025-04-16 18:49:55
2026-02-21,Kavya Wholesale,C0038,SINV031086,PRD001,Finished Steel Pipe,488,2880.96,1405908.48,0.28,393654.37,1799562.85,Partially Received,,No,2026-02-21 10:52:38
2025-09-20,Deepa Trading,C0032,SINV031087,PRD003,Assembly Unit A,8,7759.85,62078.8,0.18,11174.18,73252.98,Outstanding,,No,2025-09-20 11:35:17
2025-08-31,Arun Pvt Ltd,C0040,SINV031088,PRD005,Chemical Compound X,119,3281.02,390441.38,0.05,19522.07,409963.45,Outstanding,,No,2025-08-31 14:58:02
2026-01-19,Deepa Trading,C0032,SINV031089,PRD005,Chemical Compound X,58,3678.88,213375.04,0.05,10668.75,224043.79,Partially Received,,No,2026-01-19 14:31:40
2025-06-11,Anita Wholesale,C0002,SINV031090,PRD006,Packaged Product P,87,1278.2,111203.4,0.05,5560.17,116763.57,Outstanding,,No,2025-06-11 19:27:00
2025-07-29,Arun & Sons,C0018,SINV031091,PRD003,Assembly Unit A,34,8756.18,297710.12,0.05,14885.51,312595.63,Received,2025-09-10,No,2025-07-29 10:22:58
2025-11-26,Priya & Sons,C0034,SINV031092,PRD005,Chemical Compound X,40,3104.14,124165.6,0.05,6208.28,130373.88,Received,2026-02-07,No,2025-11-26 12:54:19
2025-08-25,Pooja Mart,C0029,SINV031093,PRD008,Maintenance Contract,3,36151.46,108454.38,0.28,30367.23,138821.61,Received,2025-11-18,No,2025-08-25 17:27:29
2025-08-15,Meena Imports,C0020,SINV031094,PRD002,Processed Cement,41,3823.85,156777.85,0.28,43897.8,200675.65,Partially Received,,No,2025-08-15 19:33:46
2026-02-23,Priya & Sons,C0034,SINV031095,PRD003,Assembly Unit A,45,8536.47,384141.15,0.18,69145.41,453286.56,Outstanding,,No,2026-02-23 17:55:25
2025-06-21,Deepa Pvt Ltd,C0007,SINV031096,PRD010,Export Consignment,1,67537.09,67537.09,0.28,18910.39,86447.48,Outstanding,,No,2025-06-21 12:41:49
2026-02-13,Anita Wholesale,C0002,SINV031097,PRD006,Packaged Product P,236,1171.2,276403.2,0.28,77392.9,353796.1,Outstanding,,No,2026-02-13 21:17:10
2025-11-14,Priya & Sons,C0034,SINV031098,PRD004,Assembly Unit B,13,50000.0,650000.0,0.05,32500.0,682500.0,Received,2026-01-29,No,2025-11-14 12:44:00
2025-05-18,Vikram Mart,C0014,SINV031099,PRD002,Processed Cement,196,3683.81,722026.76,0.18,129964.82,851991.58,Partially Received,,No,2025-05-18 21:33:59
2025-06-15,Amit Exports,C0033,SINV031100,PRD003,Assembly Unit A,22,8660.97,190541.34,0.18,34297.44,224838.78,Outstanding,,No,2025-06-15 15:52:23
2025-11-02,Arun Pvt Ltd,C0040,SINV031101,PRD009,Spare Kit S1,30,5123.9,153717.0,0.05,7685.85,161402.85,Received,2026-01-25,No,2025-11-02 11:15:08
2026-02-14,Mohan Stores,C0031,SINV031102,PRD002,Processed Cement,39,4683.72,182665.08,0.28,51146.22,233811.3,Received,2026-04-16,No,2026-02-14 17:37:01
2026-03-29,Sunita Ltd,C0037,SINV031103,PRD001,Finished Steel Pipe,324,3072.09,995357.16,0.05,49767.86,1045125.02,Partially Received,,No,2026-03-29 21:48:27
2025-11-25,Rajesh & Sons,C0004,SINV031104,PRD009,Spare Kit S1,46,4453.67,204868.82,0.18,36876.39,241745.21,Partially Received,,No,2025-11-25 23:37:20
2025-09-08,Sanjay Trading,C0027,SINV031105,PRD008,Maintenance Contract,1,40132.75,40132.75,0.18,7223.89,47356.64,Partially Received,,No,2025-09-08 03:37:33
2025-11-18,Rahul Imports,C0035,SINV031106,PRD010,Export Consignment,3,65241.95,195725.85,0.05,9786.29,205512.14,Partially Received,,No,2025-11-18 20:13:29
2026-01-11,Lakshmi Exports,C0021,SINV031107,PRD008,Maintenance Contract,-9,41825.93,-376433.37,0.05,-18821.67,-395255.04,Partially Received,,Yes,2026-01-11 18:19:23
2025-12-15,Deepa Wholesale,C0011,SINV031108,PRD007,Custom Fabrication,8,21412.76,171302.08,0.12,20556.25,191858.33,Partially Received,,No,2025-12-15 04:35:32
2026-03-17,Anita Wholesale,C0002,SINV031109,PRD003,Assembly Unit A,10,7831.38,78313.8,0.05,3915.69,82229.49,Outstanding,,No,2026-03-17 16:25:05
2026-02-18,Arun Pvt Ltd,C0012,SINV031110,PRD002,Processed Cement,-9,4835.87,-43522.83,0.05,-2176.14,-45698.97,Partially Received,,Yes,2026-02-18 14:47:05
2026-03-02,Lakshmi Exports,C0010,SINV031111,PRD010,Export Consignment,-9,83010.48,-747094.32,0.28,-209186.41,-956280.73,Received,2026-05-25,Yes,2026-03-02 21:48:06
2025-10-16,Deepa Trading,C0032,SINV031112,PRD001,Finished Steel Pipe,611,2410.78,1472986.58,0.28,412436.24,1885422.82,Received,2025-10-23,No,2025-10-16 20:48:54
2025-07-22,Priya Wholesale,C0030,SINV031113,PRD010,Export Consignment,3,76233.83,228701.49,0.12,27444.18,256145.67,Outstanding,,No,2025-07-22 16:49:09
2026-03-05,Priya Stores,C0015,SINV031114,PRD005,Chemical Compound X,117,360.0,42120.0,0.28,11793.6,53913.6,Received,2026-04-15,No,2026-03-05 13:38:57
2025-11-22,Sanjay Trading,C0027,SINV031115,PRD008,Maintenance Contract,-9,38961.17,-350650.53,0.18,-63117.1,-413767.63,Received,2025-12-17,Yes,2025-11-22 17:39:26
2025-12-06,Sanjay Retail,C0023,SINV031116,PRD008,Maintenance Contract,1,10000.0,10000.0,0.05,500.0,10500.0,Partially Received,,No,2025-12-06 16:15:47
2025-09-16,Vikram Mart,C0014,SINV031117,PRD002,Processed Cement,175,4633.64,810887.0,0.18,145959.66,956846.66,Outstanding,,No,2025-09-16 14:40:02
2025-06-05,Pooja Mart,C0029,SINV031118,PRD001,Finished Steel Pipe,490,2899.01,1420514.9,0.18,255692.68,1676207.58,Partially Received,,No,2025-06-05 19:05:33
2025-08-13,Priya & Sons,C0034,SINV031119,PRD005,Chemical Compound X,131,720.0,94320.0,0.18,16977.6,111297.6,Received,2025-08-23,No,2025-08-13 09:19:23
2025-12-04,Meena Imports,C0020,SINV031120,PRD002,Processed Cement,180,3699.03,665825.4,0.18,119848.57,785673.97,Received,2026-01-03,No,2025-12-04 09:41:58
2025-10-23,Lakshmi Exports,C0021,SINV031121,PRD001,Finished Steel Pipe,333,2907.34,968144.22,0.12,116177.31,1084321.53,Outstanding,,No,2025-10-23 17:28:07
2025-04-20,Rahul Imports,C0035,SINV031122,PRD010,Export Consignment,2,77652.98,155305.96,0.05,7765.3,163071.26,Partially Received,,No,2025-04-20 18:40:28
2026-02-22,Rajesh & Sons,C0004,SINV031123,PRD003,Assembly Unit A,41,7905.87,324140.67,0.12,38896.88,363037.55,Outstanding,,No,2026-02-22 13:51:49
2026-01-20,Ravi Retail,C0017,SINV031124,PRD007,Custom Fabrication,4,50000.0,200000.0,0.28,56000.0,256000.0,Partially Received,,No,2026-01-20 21:18:01
2025-05-04,Meena Retail,C0028,SINV031125,PRD005,Chemical Compound X,82,3578.15,293408.3,0.05,14670.42,308078.72,Outstanding,,No,2025-05-04 15:13:08
2025-09-29,Amit Exports,C0033,SINV031126,PRD004,Assembly Unit B,15,12743.11,191146.65,0.05,9557.33,200703.98,Received,2025-12-15,No,2025-09-29 18:31:23
2025-05-24,Lakshmi Exports,C0010,SINV031127,PRD008,Maintenance Contract,2,37212.04,74424.08,0.12,8930.89,83354.97,Received,2025-08-05,No,2025-05-24 17:25:35
2026-03-28,Priya Imports,C0022,SINV031128,PRD009,Spare Kit S1,-3,5752.19,-17256.57,0.18,-3106.18,-20362.75,Received,2026-04-27,Yes,2026-03-28 19:19:41
2025-10-08,Meena Imports,C0020,SINV031129,PRD002,Processed Cement,161,12600.0,2028600.0,0.28,568008.0,2596608.0,Partially Received,,No,2025-10-08 10:35:22
2025-10-17,Arun Trading,C0016,SINV031130,PRD010,Export Consignment,1,70497.55,70497.55,0.28,19739.31,90236.86,Outstanding,,No,2025-10-17 09:29:58
2025-06-30,Mohan Stores,C0031,SINV031131,PRD005,Chemical Compound X,147,3445.28,506456.16,0.28,141807.72,648263.88,Outstanding,,No,2025-06-30 20:07:22
2025-11-04,Deepa Trading,C0032,SINV031132,PRD005,Chemical Compound X,-6,2898.9,-17393.4,0.05,-869.67,-18263.07,Received,2025-11-26,Yes,2025-11-04 10:28:00
2025-10-25,Rahul Ltd,C0005,SINV031133,PRD009,Spare Kit S1,42,5281.15,221808.3,0.05,11090.42,232898.72,Outstanding,,No,2025-10-25 18:35:04
2025-08-19,Deepa Pvt Ltd,C0007,SINV031134,PRD004,Assembly Unit B,23,13401.69,308238.87,0.18,55483.0,363721.87,Partially Received,,No,2025-08-19 19:30:24
2026-03-22,Kavya Wholesale,C0038,SINV031135,PRD005,Chemical Compound X,74,3087.9,228504.6,0.12,27420.55,255925.15,Received,2026-06-06,No,2026-03-22 16:51:28
2025-08-26,Amit Imports,C0009,SINV031136,PRD009,Spare Kit S1,13,5189.74,67466.62,0.28,18890.65,86357.27,Received,2025-09-15,No,2025-08-26 19:40:15
2026-01-20,Meena Retail,C0028,SINV031137,PRD006,Packaged Product P,197,1274.55,251086.35,0.05,12554.32,263640.67,Received,2026-02-04,No,2026-01-20 20:41:37
2025-10-11,Arun Wholesale,C0036,SINV031138,PRD004,Assembly Unit B,20,12886.52,257730.4,0.28,72164.51,329894.91,Outstanding,,No,2025-10-11 16:29:07
2025-04-01,Sanjay Trading,C0027,SINV031139,PRD007,Custom Fabrication,7,24740.79,173185.53,0.05,8659.28,181844.81,Outstanding,,No,2025-04-01 11:20:47
2025-06-05,Arun Pvt Ltd,C0012,SINV031140,PRD001,Finished Steel Pipe,226,2605.68,588883.68,0.12,70666.04,659549.72,Partially Received,,No,2025-06-05 11:43:44
2025-07-16,Rahul Imports,C0035,SINV031141,PRD001,Finished Steel Pipe,568,2565.39,1457141.52,0.05,72857.08,1529998.6,Outstanding,,No,2025-07-16 20:28:27
2025-05-19,Sanjay Retail,C0023,SINV031142,PRD010,Export Consignment,3,65373.75,196121.25,0.05,9806.06,205927.31,Received,2025-08-09,No,2025-05-19 23:55:28
2025-06-01,Meena Imports,C0020,SINV031143,PRD005,Chemical Compound X,43,3288.19,141392.17,0.28,39589.81,180981.98,Outstanding,,No,2025-06-01 13:18:01
2025-10-20,Rahul Ltd,C0005,SINV031144,PRD008,Maintenance Contract,3,31221.18,93663.54,0.18,16859.44,110522.98,Outstanding,,No,2025-10-20 14:27:56
2025-08-05,Rajesh & Sons,C0004,SINV031145,PRD002,Processed Cement,98,3844.91,376801.18,0.28,105504.33,482305.51,Partially Received,,No,2025-08-05 16:48:08
2026-02-08,Kavya Wholesale,C0038,SINV031146,PRD006,Packaged Product P,299,1292.86,386565.14,0.28,108238.24,494803.38,Partially Received,,No,2026-02-08 19:21:22
2025-08-13,Deepa Trading,C0032,SINV031147,PRD008,Maintenance Contract,5,3500.0,17500.0,0.28,4900.0,22400.0,Received,2025-09-10,No,2025-08-13 21:05:19
2025-07-01,Arun Wholesale,C0036,SINV031148,PRD006,Packaged Product P,176,1042.88,183546.88,0.05,9177.34,192724.22,Partially Received,,No,2025-07-01 20:51:21
2026-03-16,Vikram Mart,C0014,SINV031149,PRD005,Chemical Compound X,103,3579.6,368698.8,0.18,66365.78,435064.58,Received,2026-05-24,No,2026-03-16 13:56:35
2025-09-01,Rahul Imports,C0035,SINV031150,PRD004,Assembly Unit B,8,10437.98,83503.84,0.05,4175.19,87679.03,Outstanding,,No,2025-09-01 16:48:15
2025-10-09,Arun & Sons,C0018,SINV031151,PRD007,Custom Fabrication,10,24174.43,241744.3,0.05,12087.22,253831.52,Received,2025-11-24,No,2025-10-09 19:30:18
2026-03-23,Amit Trading,C0006,SINV031152,PRD002,Processed Cement,135,4221.49,569901.15,0.18,102582.21,672483.36,Partially Received,,No,2026-03-23 21:37:29
2026-03-19,Vikram Mart,C0014,SINV031153,PRD002,Processed Cement,150,25000.0,3750000.0,0.12,450000.0,4200000.0,Outstanding,,No,2026-03-19 09:18:00
2026-02-28,Arun Trading,C0016,SINV031154,PRD008,Maintenance Contract,5,31790.35,158951.75,0.28,44506.49,203458.24,Partially Received,,No,2026-02-28 15:27:06
2025-05-01,Priya & Sons,C0034,SINV031155,PRD006,Packaged Product P,275,1192.95,328061.25,0.05,16403.06,344464.31,Received,2025-05-12,No,2025-05-01 10:46:44
2025-09-14,Meena Imports,C0020,SINV031156,PRD004,Assembly Unit B,8,11759.28,94074.24,0.05,4703.71,98777.95,Partially Received,,No,2025-09-14 10:04:16
2025-04-08,Sanjay Trading,C0027,SINV031157,PRD003,Assembly Unit A,5,8624.42,43122.1,0.05,2156.11,45278.21,Received,2025-04-14,No,2025-04-08 16:51:35
2025-09-02,Priya & Sons,C0034,SINV031158,PRD006,Packaged Product P,233,1322.02,308030.66,0.28,86248.58,394279.24,Outstanding,,No,2025-09-02 02:21:48
2025-11-06,Arun Wholesale,C0036,SINV031159,PRD001,Finished Steel Pipe,251,3156.58,792301.58,0.12,95076.19,887377.77,Partially Received,,No,2025-11-06 18:42:12
2025-07-01,Rahul Ltd,C0005,SINV031160,PRD006,Packaged Product P,7,1165.53,8158.71,0.18,1468.57,9627.28,Received,2025-07-25,No,2025-07-01 20:47:12
2025-12-14,Rahul Ltd,C0013,SINV031161,PRD001,Finished Steel Pipe,663,2960.76,1962983.88,0.12,235558.07,2198541.95,Outstanding,,No,2025-12-14 15:55:21
2025-06-26,Anita Wholesale,C0002,SINV031162,PRD006,Packaged Product P,50,1124.14,56207.0,0.12,6744.84,62951.84,Received,2025-06-30,No,2025-06-26 13:47:06
2025-04-19,Lakshmi Ltd,C0026,SINV031163,PRD007,Custom Fabrication,5,20810.41,104052.05,0.28,29134.57,133186.62,Partially Received,,No,2025-04-19 10:20:04
2025-05-19,Sunita Ltd,C0037,SINV031164,PRD003,Assembly Unit A,16,7749.81,123996.96,0.05,6199.85,130196.81,Partially Received,,No,2025-05-19 15:27:57
2025-06-09,Priya & Sons,C0034,SINV031165,PRD003,Assembly Unit A,3,9752.6,29257.8,0.12,3510.94,32768.74,Received,2025-08-24,No,2025-06-09 11:17:02
2025-04-25,Amit Imports,C0009,SINV031166,PRD003,Assembly Unit A,42,7295.2,306398.4,0.12,36767.81,343166.21,Partially Received,,No,2025-04-25 14:24:08
2025-05-29,Arun Pvt Ltd,C0040,SINV031167,PRD001,Finished Steel Pipe,548,2637.67,1445443.16,0.05,72272.16,1517715.32,Received,2025-08-11,No,2025-05-29 21:13:16
2026-02-23,Deepa Pvt Ltd,C0007,SINV031168,PRD004,Assembly Unit B,17,11563.8,196584.6,0.12,23590.15,220174.75,Received,2026-03-23,No,2026-02-23 11:23:11
2025-09-19,Arun Trading,C0016,SINV031169,PRD010,Export Consignment,2,15000.0,30000.0,0.18,5400.0,35400.0,Received,2025-10-28,No,2025-09-19 15:43:18
2025-08-31,Arun Pvt Ltd,C0012,SINV031170,PRD009,Spare Kit S1,40,4717.51,188700.4,0.28,52836.11,241536.51,Received,2025-09-23,No,2025-08-31 21:51:19
2025-11-06,Ravi Retail,C0017,SINV031171,PRD010,Export Consignment,3,64976.45,194929.35,0.28,54580.22,249509.57,Partially Received,,No,2025-11-06 12:17:11
2025-11-19,Sanjay Retail,C0023,SINV031172,PRD004,Assembly Unit B,21,13457.68,282611.28,0.28,79131.16,361742.44,Received,2025-12-25,No,2025-11-19 19:42:30
2025-06-30,Sunita Ltd,C0037,SINV031173,PRD009,Spare Kit S1,15,4592.94,68894.1,0.18,12400.94,81295.04,Received,2025-08-12,No,2025-06-30 18:30:53
2025-10-07,Arun Pvt Ltd,C0012,SINV031174,PRD007,Custom Fabrication,2,20465.57,40931.14,0.28,11460.72,52391.86,Outstanding,,No,2025-10-07 14:36:54
2026-02-12,Rahul Exports,C0024,SINV031175,PRD004,Assembly Unit B,4,36000.0,144000.0,0.05,7200.0,151200.0,Outstanding,,No,2026-02-12 15:26:19
2025-10-25,Rahul Exports,C0024,SINV031176,PRD004,Assembly Unit B,6,11238.76,67432.56,0.12,8091.91,75524.47,Outstanding,,No,2025-10-25 18:44:23
2025-09-10,Arun & Sons,C0018,SINV031177,PRD007,Custom Fabrication,4,22403.87,89615.48,0.28,25092.33,114707.81,Partially Received,,No,2025-09-10 19:14:21
2025-08-06,Sanjay Trading,C0027,SINV031178,PRD003,Assembly Unit A,46,9150.19,420908.74,0.18,75763.57,496672.31,Outstanding,,No,2025-08-06 11:18:12
2025-05-23,Kavya Wholesale,C0038,SINV031179,PRD003,Assembly Unit A,11,8859.43,97453.73,0.18,17541.67,114995.4,Partially Received,,No,2025-05-23 05:30:05
2025-09-13,Sanjay Trading,C0027,SINV031180,PRD004,Assembly Unit B,10,11678.97,116789.7,0.12,14014.76,130804.46,Outstanding,,No,2025-09-13 13:13:42
2026-03-09,Amit Exports,C0033,SINV031181,PRD007,Custom Fabrication,2,21295.76,42591.52,0.12,5110.98,47702.5,Partially Received,,No,2026-03-09 18:01:26
2026-01-28,Usha Ltd,C0019,SINV031182,PRD010,Export Consignment,3,7500.0,22500.0,0.28,6300.0,28800.0,Outstanding,,No,2026-01-28 19:15:39
2026-03-11,Deepa Pvt Ltd,C0007,SINV031183,PRD006,Packaged Product P,202,1342.9,271265.8,0.12,32551.9,303817.7,Partially Received,,No,2026-03-11 17:05:06
2025-04-15,Rahul Ltd,C0013,SINV031184,PRD008,Maintenance Contract,2,34726.83,69453.66,0.05,3472.68,72926.34,Outstanding,,No,2025-04-15 12:01:31
2025-04-03,Rajesh & Sons,C0004,SINV031185,PRD008,Maintenance Contract,5,34197.93,170989.65,0.12,20518.76,191508.41,Outstanding,,No,2025-04-03 10:17:34
2025-10-15,Arun Wholesale,C0036,SINV031186,PRD001,Finished Steel Pipe,213,2478.97,528020.61,0.12,63362.47,591383.08,Received,2025-11-21,No,2025-10-15 20:17:36
2025-11-13,Lakshmi Ltd,C0026,SINV031187,PRD004,Assembly Unit B,21,11200.7,235214.7,0.18,42338.65,277553.35,Received,2026-01-27,No,2025-11-13 15:11:20
2025-09-24,Deepa Wholesale,C0011,SINV031188,PRD007,Custom Fabrication,4,22645.8,90583.2,0.18,16304.98,106888.18,Outstanding,,No,2025-09-24 21:25:13
2025-04-06,Kavya Wholesale,C0038,SINV031189,PRD010,Export Consignment,3,225000.0,675000.0,0.18,121500.0,796500.0,Partially Received,,No,2025-04-06 12:25:52
2026-02-23,Amit Trading,C0006,SINV031190,PRD002,Processed Cement,99,4475.44,443068.56,0.12,53168.23,496236.79,Partially Received,,No,2026-02-23 15:44:58
2025-11-18,Priya Wholesale,C0030,SINV031191,PRD002,Processed Cement,175,4690.15,820776.25,0.28,229817.35,1050593.6,Received,2025-12-16,No,2025-11-18 19:01:26
2025-04-17,Priya Imports,C0022,SINV031192,PRD004,Assembly Unit B,6,11459.66,68757.96,0.05,3437.9,72195.86,Partially Received,,No,2025-04-17 10:24:06
2026-01-16,Sunita Retail,C0008,SINV031193,PRD007,Custom Fabrication,-10,17898.21,-178982.1,0.12,-21477.85,-200459.95,Received,2026-02-10,Yes,2026-01-16 18:17:46
2025-08-18,Priya Stores,C0015,SINV031194,PRD004,Assembly Unit B,22,11709.34,257605.48,0.18,46368.99,303974.47,Outstanding,,No,2025-08-18 12:30:58
2025-08-23,Vikram Mart,C0014,SINV031195,PRD005,Chemical Compound X,140,3920.91,548927.4,0.05,27446.37,576373.77,Outstanding,,No,2025-08-23 09:52:36
2025-12-09,Rajesh & Sons,C0004,SINV031196,PRD002,Processed Cement,-2,5029.88,-10059.76,0.28,-2816.73,-12876.49,Partially Received,,Yes,2025-12-09 18:13:02
2025-04-06,Amit Trading,C0006,SINV031197,PRD002,Processed Cement,182,4313.8,785111.6,0.28,219831.25,1004942.85,Partially Received,,No,2025-04-06 13:37:41
2025-09-07,Amit Trading,C0006,SINV031198,PRD001,Finished Steel Pipe,166,3130.65,519687.9,0.05,25984.4,545672.3,Received,2025-09-27,No,2025-09-07 19:57:59
2025-10-31,Priya & Sons,C0034,SINV031199,PRD009,Spare Kit S1,35,5518.92,193162.2,0.28,54085.42,247247.62,Partially Received,,No,2025-10-31 10:25:58
2025-08-05,Arun Pvt Ltd,C0040,SINV031200,PRD010,Export Consignment,-4,67734.51,-270938.04,0.05,-13546.9,-284484.94,Partially Received,,Yes,2025-08-05 13:09:07
